cell,method,strategy,seed,failed,f1_after,paired_dF_pct,perf_before,perf_unlearn,perf_retrain,gap,mia_auc,hop1_flip,hop2_flip,hop3_flip,hop>3_flip,unlearn_time_s,selection_time_s
cora_GAT_r0.05,GIF,random,42,False,0.8303,0.0,0.878229,0.861624,0.859779,-0.001845,0.5394,,,,,0.7935,0.0002
cora_GAT_r0.05,GIF,random,212,False,0.8284,0.0,0.861624,0.869004,0.863469,-0.005535,0.567,,,,,0.9407,0.0002
cora_GAT_r0.05,GIF,random,722,False,0.8044,0.0,0.859779,0.874539,0.863469,-0.01107,0.5734,,,,,0.8143,0.0002
cora_GAT_r0.05,GIF,random,1337,False,0.81,0.0,0.861624,0.863469,0.865314,0.001845,0.5365,,,,,0.8345,0.0003
cora_GAT_r0.05,GIF,random,2024,False,0.8118,0.0,0.865314,0.863469,0.856089,-0.00738,0.5927,,,,,0.3855,0.0002
cora_GAT_r0.05,GIF,degree,42,False,0.7804,4.99,0.878229,0.859779,0.857934,-0.001845,0.2931,,,,,0.8328,0.0005
cora_GAT_r0.05,GIF,degree,212,False,0.8063,2.21,0.872694,0.869004,0.867159,-0.001845,0.2828,,,,,0.8398,0.001
cora_GAT_r0.05,GIF,degree,722,False,0.7601,4.43,0.863469,0.876384,0.863469,-0.012915,0.3256,,,,,0.8733,0.0015
cora_GAT_r0.05,GIF,degree,1337,False,0.7786,3.14,0.870849,0.857934,0.859779,0.001845,0.3179,,,,,0.8274,0.0008
cora_GAT_r0.05,GIF,degree,2024,False,0.8155,-0.37,0.867159,0.863469,0.854244,-0.009225,0.3446,,,,,0.8041,0.0009
cora_GAT_r0.05,GIF,pagerank,42,False,0.7804,4.99,0.878229,0.861624,0.865314,0.00369,0.3157,,,,,0.8121,0.0376
cora_GAT_r0.05,GIF,pagerank,212,False,0.8044,2.4,0.859779,0.869004,0.867159,-0.001845,0.3506,,,,,0.807,0.037
cora_GAT_r0.05,GIF,pagerank,722,False,0.7878,1.66,0.867159,0.874539,0.861624,-0.012915,0.3487,,,,,0.7973,0.0367
cora_GAT_r0.05,GIF,pagerank,1337,False,0.7841,2.59,0.867159,0.857934,0.857934,0.0,0.3214,,,,,0.8365,0.0379
cora_GAT_r0.05,GIF,pagerank,2024,False,0.8173,-0.55,0.865314,0.863469,0.857934,-0.005535,0.3608,,,,,0.6283,0.037
cora_GAT_r0.05,GIF,tracin,42,False,0.7952,3.51,0.878229,0.861624,0.859779,-0.001845,0.4228,,,,,0.8186,4.0304
cora_GAT_r0.05,GIF,tracin,212,False,0.8247,0.37,0.870849,0.869004,0.846863,-0.02214,0.4328,,,,,0.7999,3.4496
cora_GAT_r0.05,GIF,tracin,722,False,0.8118,-0.74,0.859779,0.874539,0.856089,-0.01845,0.381,,,,,0.8319,3.4869
cora_GAT_r0.05,GIF,tracin,1337,False,0.81,0.0,0.869004,0.856089,0.839483,-0.016605,0.4187,,,,,0.8154,3.3704
cora_GAT_r0.05,GIF,tracin,2024,False,0.8044,0.74,0.865314,0.863469,0.854244,-0.009225,0.4039,,,,,0.829,3.8873
cora_GAT_r0.05,GIF,im,42,False,0.8063,2.4,0.880074,0.861624,0.865314,0.00369,0.3771,,,,,0.7124,1.5652
cora_GAT_r0.05,GIF,im,212,False,0.8192,0.92,0.870849,0.869004,0.872694,0.00369,0.4124,,,,,0.7394,1.5652
cora_GAT_r0.05,GIF,im,722,False,0.7878,1.66,0.867159,0.874539,0.872694,-0.001845,0.4346,,,,,0.7963,1.5652
cora_GAT_r0.05,GIF,im,1337,False,0.7934,1.66,0.867159,0.863469,0.857934,-0.005535,0.3983,,,,,0.8061,1.5652
cora_GAT_r0.05,GIF,im,2024,False,0.8229,-1.11,0.872694,0.863469,0.865314,0.001845,0.4011,,,,,0.7952,1.5652
cora_GAT_r0.05,GIF,hybrid,42,False,0.7804,4.99,0.878229,0.861624,0.854244,-0.00738,0.365,,,,,0.7451,0.0416
cora_GAT_r0.05,GIF,hybrid,212,False,0.8229,0.55,0.859779,0.869004,0.874539,0.005535,0.4186,,,,,0.9063,0.0418
cora_GAT_r0.05,GIF,hybrid,722,False,0.797,0.74,0.859779,0.874539,0.870849,-0.00369,0.3441,,,,,0.791,0.0419
cora_GAT_r0.05,GIF,hybrid,1337,False,0.8026,0.74,0.869004,0.863469,0.852399,-0.01107,0.4094,,,,,0.7974,0.042
cora_GAT_r0.05,GIF,hybrid,2024,False,0.7934,1.84,0.867159,0.863469,0.859779,-0.00369,0.3428,,,,,0.8052,0.0365
cora_GAT_r0.05,GNNDelete,random,42,False,0.7565,0.0,0.878229,0.701107,0.854244,0.153137,0.6738,,,,,1.2721,0.0002
cora_GAT_r0.05,GNNDelete,random,212,False,0.7472,0.0,0.872694,0.761993,0.861624,0.099631,0.6598,,,,,1.3052,0.0002
cora_GAT_r0.05,GNNDelete,random,722,False,0.6882,0.0,0.859779,0.774908,0.874539,0.099631,0.6303,,,,,1.2946,0.0002
cora_GAT_r0.05,GNNDelete,random,1337,False,0.6937,0.0,0.867159,0.793358,0.865314,0.071956,0.6108,,,,,1.3174,0.0003
cora_GAT_r0.05,GNNDelete,random,2024,False,0.8118,0.0,0.869004,0.734317,0.867159,0.132841,0.6509,,,,,1.3394,0.0002
cora_GAT_r0.05,GNNDelete,degree,42,False,0.703,5.35,0.878229,0.669742,0.852399,0.182657,0.6369,,,,,1.8962,0.0008
cora_GAT_r0.05,GNNDelete,degree,212,False,0.7528,-0.56,0.867159,0.730627,0.861624,0.130996,0.6445,,,,,1.2506,0.0007
cora_GAT_r0.05,GNNDelete,degree,722,False,0.6716,1.66,0.859779,0.743542,0.867159,0.123616,0.5772,,,,,1.246,0.0005
cora_GAT_r0.05,GNNDelete,degree,1337,False,0.7583,-6.46,0.861624,0.750923,0.869004,0.118081,0.6136,,,,,1.185,0.0008
cora_GAT_r0.05,GNNDelete,degree,2024,False,0.7251,8.67,0.870849,0.597786,0.874539,0.276753,0.6401,,,,,1.2427,0.0005
cora_GAT_r0.05,GNNDelete,pagerank,42,False,0.7306,2.59,0.870849,0.725092,0.857934,0.132841,0.6025,,,,,1.2602,0.0376
cora_GAT_r0.05,GNNDelete,pagerank,212,False,0.7546,-0.74,0.857934,0.758303,0.861624,0.103321,0.5966,,,,,1.2651,0.037
cora_GAT_r0.05,GNNDelete,pagerank,722,False,0.703,-1.48,0.867159,0.761993,0.856089,0.094096,0.5819,,,,,1.2636,0.0367
cora_GAT_r0.05,GNNDelete,pagerank,1337,False,0.703,-0.93,0.869004,0.719557,0.869004,0.149446,0.5758,,,,,1.7304,0.0379
cora_GAT_r0.05,GNNDelete,pagerank,2024,False,0.7472,6.46,0.869004,0.645756,0.856089,0.210332,0.5858,,,,,1.304,0.037
cora_GAT_r0.05,GNNDelete,tracin,42,False,0.7601,-0.36,0.880074,0.728782,0.854244,0.125461,0.7555,,,,,1.2428,4.0304
cora_GAT_r0.05,GNNDelete,tracin,212,False,0.7159,3.13,0.874539,0.785978,0.857934,0.071956,0.6307,,,,,1.2684,3.4496
cora_GAT_r0.05,GNNDelete,tracin,722,False,0.7085,-2.03,0.867159,0.822878,0.839483,0.016605,0.6435,,,,,1.3814,3.4869
cora_GAT_r0.05,GNNDelete,tracin,1337,False,0.7103,-1.66,0.869004,0.758303,0.848708,0.090406,0.5789,,,,,1.3568,3.3704
cora_GAT_r0.05,GNNDelete,tracin,2024,False,0.8026,0.92,0.870849,0.791513,0.852399,0.060886,0.7284,,,,,1.6261,3.8873
cora_GAT_r0.05,GNNDelete,im,42,False,0.7472,0.93,0.878229,0.739852,0.861624,0.121771,0.6163,,,,,2.9204,1.5652
cora_GAT_r0.05,GNNDelete,im,212,False,0.7583,-1.11,0.867159,0.743542,0.869004,0.125461,0.6013,,,,,1.3497,1.5652
cora_GAT_r0.05,GNNDelete,im,722,False,0.6919,-0.37,0.859779,0.756458,0.869004,0.112546,0.5837,,,,,1.9128,1.5652
cora_GAT_r0.05,GNNDelete,im,1337,False,0.738,-4.43,0.861624,0.726937,0.867159,0.140221,0.6159,,,,,1.4592,1.5652
cora_GAT_r0.05,GNNDelete,im,2024,False,0.7657,4.61,0.870849,0.760148,0.861624,0.101476,0.6032,,,,,1.4577,1.5652
cora_GAT_r0.05,GNNDelete,hybrid,42,False,0.7491,0.74,0.872694,0.675277,0.854244,0.178967,0.7212,,,,,1.7075,0.0416
cora_GAT_r0.05,GNNDelete,hybrid,212,False,0.7601,-1.29,0.869004,0.778598,0.861624,0.083026,0.5332,,,,,2.1659,0.0418
cora_GAT_r0.05,GNNDelete,hybrid,722,False,0.7269,-3.87,0.859779,0.815498,0.869004,0.053506,0.5547,,,,,1.2882,0.0419
cora_GAT_r0.05,GNNDelete,hybrid,1337,False,0.703,-0.93,0.869004,0.797048,0.854244,0.057196,0.5846,,,,,1.6333,0.042
cora_GAT_r0.05,GNNDelete,hybrid,2024,False,0.7952,1.66,0.869004,0.789668,0.870849,0.081181,0.6451,,,,,1.525,0.0365
cora_GAT_r0.05,MEGU,random,42,False,0.8561,0.0,0.878229,0.850554,0.863469,0.012915,0.4194,,,,,0.6356,0.0002
cora_GAT_r0.05,MEGU,random,212,False,0.8376,0.0,0.867159,0.857934,0.857934,0.0,0.4565,,,,,0.6511,0.0002
cora_GAT_r0.05,MEGU,random,722,False,0.845,0.0,0.859779,0.865314,0.856089,-0.009225,0.4728,,,,,0.6558,0.0002
cora_GAT_r0.05,MEGU,random,1337,False,0.845,0.0,0.867159,0.837638,0.869004,0.031365,0.3778,,,,,0.5855,0.0003
cora_GAT_r0.05,MEGU,random,2024,False,0.8524,0.0,0.867159,0.848708,0.859779,0.01107,0.4513,,,,,0.5736,0.0002
cora_GAT_r0.05,MEGU,degree,42,False,0.8395,1.66,0.878229,0.857934,0.869004,0.01107,0.5419,,,,,0.6234,0.0006
cora_GAT_r0.05,MEGU,degree,212,False,0.8358,0.18,0.872694,0.863469,0.856089,-0.00738,0.5196,,,,,0.6334,0.0006
cora_GAT_r0.05,MEGU,degree,722,False,0.8395,0.55,0.867159,0.865314,0.856089,-0.009225,0.5575,,,,,0.635,0.0006
cora_GAT_r0.05,MEGU,degree,1337,False,0.8266,1.84,0.869004,0.845018,0.863469,0.01845,0.4955,,,,,0.5913,0.0006
cora_GAT_r0.05,MEGU,degree,2024,False,0.8395,1.29,0.861624,0.859779,0.861624,0.001845,0.5128,,,,,0.6295,0.0008
cora_GAT_r0.05,MEGU,pagerank,42,False,0.8487,0.74,0.870849,0.870849,0.859779,-0.01107,0.5089,,,,,0.6335,0.0376
cora_GAT_r0.05,MEGU,pagerank,212,False,0.8413,-0.37,0.874539,0.859779,0.856089,-0.00369,0.4863,,,,,0.6296,0.037
cora_GAT_r0.05,MEGU,pagerank,722,False,0.8376,0.74,0.859779,0.857934,0.852399,-0.005535,0.519,,,,,0.6378,0.0367
cora_GAT_r0.05,MEGU,pagerank,1337,False,0.8284,1.66,0.867159,0.843173,0.865314,0.02214,0.4928,,,,,0.6552,0.0379
cora_GAT_r0.05,MEGU,pagerank,2024,False,0.845,0.74,0.867159,0.857934,0.863469,0.005535,0.4913,,,,,0.6202,0.037
cora_GAT_r0.05,MEGU,tracin,42,False,0.869,-1.29,0.872694,0.852399,0.848708,-0.00369,0.7647,,,,,0.6253,4.0304
cora_GAT_r0.05,MEGU,tracin,212,False,0.8506,-1.3,0.861624,0.859779,0.854244,-0.005535,0.811,,,,,0.5541,3.4496
cora_GAT_r0.05,MEGU,tracin,722,False,0.8432,0.18,0.859779,0.867159,0.846863,-0.020295,0.7156,,,,,0.6371,3.4869
cora_GAT_r0.05,MEGU,tracin,1337,False,0.8395,0.55,0.867159,0.839483,0.852399,0.012915,0.7629,,,,,0.6426,3.3704
cora_GAT_r0.05,MEGU,tracin,2024,False,0.8561,-0.37,0.872694,0.845018,0.852399,0.00738,0.8032,,,,,0.6375,3.8873
cora_GAT_r0.05,MEGU,im,42,False,0.8524,0.37,0.878229,0.859779,0.857934,-0.001845,0.5243,,,,,0.6651,1.5652
cora_GAT_r0.05,MEGU,im,212,False,0.8469,-0.93,0.859779,0.857934,0.867159,0.009225,0.4995,,,,,0.6462,1.5652
cora_GAT_r0.05,MEGU,im,722,False,0.8358,0.92,0.863469,0.865314,0.854244,-0.01107,0.532,,,,,0.5953,1.5652
cora_GAT_r0.05,MEGU,im,1337,False,0.8413,0.37,0.861624,0.837638,0.861624,0.023985,0.5413,,,,,0.529,1.5652
cora_GAT_r0.05,MEGU,im,2024,False,0.8561,-0.37,0.867159,0.850554,0.870849,0.020295,0.5095,,,,,0.6334,1.5652
cora_GAT_r0.05,MEGU,hybrid,42,False,0.8561,0.0,0.872694,0.850554,0.852399,0.001845,0.6884,,,,,0.6261,0.0416
cora_GAT_r0.05,MEGU,hybrid,212,False,0.8487,-1.11,0.874539,0.861624,0.856089,-0.005535,0.6329,,,,,0.6322,0.0418
cora_GAT_r0.05,MEGU,hybrid,722,False,0.8395,0.55,0.867159,0.865314,0.857934,-0.00738,0.5785,,,,,0.5508,0.0419
cora_GAT_r0.05,MEGU,hybrid,1337,False,0.8321,1.29,0.861624,0.852399,0.848708,-0.00369,0.6656,,,,,0.6331,0.042
cora_GAT_r0.05,MEGU,hybrid,2024,False,0.8542,-0.18,0.865314,0.850554,0.854244,0.00369,0.7188,,,,,0.6449,0.0365
cora_GAT_r0.05,IDEA,random,42,False,0.8284,0.0,0.878229,0.861624,0.861624,0.0,0.5783,,,,,0.7834,0.0002
cora_GAT_r0.05,IDEA,random,212,False,0.8284,0.0,0.867159,0.869004,0.863469,-0.005535,0.5463,,,,,0.3854,0.0002
cora_GAT_r0.05,IDEA,random,722,False,0.8137,0.0,0.863469,0.874539,0.863469,-0.01107,0.5976,,,,,0.8271,0.0002
cora_GAT_r0.05,IDEA,random,1337,False,0.8063,0.0,0.867159,0.856089,0.863469,0.00738,0.5932,,,,,0.7649,0.0003
cora_GAT_r0.05,IDEA,random,2024,False,0.8266,0.0,0.869004,0.863469,0.856089,-0.00738,0.5397,,,,,0.7876,0.0002
cora_GAT_r0.05,IDEA,degree,42,False,0.7823,4.61,0.878229,0.861624,0.857934,-0.00369,0.5039,,,,,0.7816,0.0005
cora_GAT_r0.05,IDEA,degree,212,False,0.7952,3.32,0.870849,0.869004,0.865314,-0.00369,0.492,,,,,0.8425,0.0006
cora_GAT_r0.05,IDEA,degree,722,False,0.7786,3.51,0.867159,0.874539,0.867159,-0.00738,0.537,,,,,0.842,0.0007
cora_GAT_r0.05,IDEA,degree,1337,False,0.7786,2.77,0.870849,0.857934,0.859779,0.001845,0.4935,,,,,0.9527,0.0005
cora_GAT_r0.05,IDEA,degree,2024,False,0.8026,2.4,0.865314,0.863469,0.854244,-0.009225,0.477,,,,,0.7793,0.0005
cora_GAT_r0.05,IDEA,pagerank,42,False,0.786,4.24,0.878229,0.861624,0.865314,0.00369,0.5226,,,,,0.8388,0.0376
cora_GAT_r0.05,IDEA,pagerank,212,False,0.8063,2.21,0.865314,0.869004,0.865314,-0.00369,0.5269,,,,,0.79,0.037
cora_GAT_r0.05,IDEA,pagerank,722,False,0.7768,3.69,0.867159,0.876384,0.861624,-0.01476,0.5625,,,,,0.7698,0.0367
cora_GAT_r0.05,IDEA,pagerank,1337,False,0.797,0.93,0.869004,0.857934,0.856089,-0.001845,0.509,,,,,0.8311,0.0379
cora_GAT_r0.05,IDEA,pagerank,2024,False,0.8026,2.4,0.872694,0.863469,0.856089,-0.00738,0.4877,,,,,0.8276,0.037
cora_GAT_r0.05,IDEA,tracin,42,False,0.8137,1.47,0.880074,0.861624,0.859779,-0.001845,0.276,,,,,0.7869,4.0304
cora_GAT_r0.05,IDEA,tracin,212,False,0.8284,0.0,0.872694,0.869004,0.846863,-0.02214,0.2908,,,,,0.8997,3.4496
cora_GAT_r0.05,IDEA,tracin,722,False,0.81,0.37,0.859779,0.874539,0.856089,-0.01845,0.3351,,,,,0.7804,3.4869
cora_GAT_r0.05,IDEA,tracin,1337,False,0.8303,-2.4,0.867159,0.857934,0.843173,-0.01476,0.2352,,,,,0.7915,3.3704
cora_GAT_r0.05,IDEA,tracin,2024,False,0.8266,0.0,0.867159,0.863469,0.856089,-0.00738,0.2209,,,,,0.8024,3.8873
cora_GAT_r0.05,IDEA,im,42,False,0.8063,2.21,0.878229,0.861624,0.865314,0.00369,0.4678,,,,,0.8315,1.5652
cora_GAT_r0.05,IDEA,im,212,False,0.8247,0.37,0.869004,0.869004,0.870849,0.001845,0.4891,,,,,0.7902,1.5652
cora_GAT_r0.05,IDEA,im,722,False,0.7989,1.48,0.859779,0.876384,0.870849,-0.005535,0.4765,,,,,0.866,1.5652
cora_GAT_r0.05,IDEA,im,1337,False,0.7934,1.29,0.867159,0.863469,0.857934,-0.005535,0.4475,,,,,0.8433,1.5652
cora_GAT_r0.05,IDEA,im,2024,False,0.8247,0.19,0.867159,0.863469,0.865314,0.001845,0.4186,,,,,0.434,1.5652
cora_GAT_r0.05,IDEA,hybrid,42,False,0.8063,2.21,0.878229,0.859779,0.854244,-0.005535,0.2702,,,,,0.7836,0.0416
cora_GAT_r0.05,IDEA,hybrid,212,False,0.8247,0.37,0.865314,0.869004,0.874539,0.005535,0.4294,,,,,0.7795,0.0418
cora_GAT_r0.05,IDEA,hybrid,722,False,0.7989,1.48,0.867159,0.874539,0.867159,-0.00738,0.3714,,,,,0.8024,0.0419
cora_GAT_r0.05,IDEA,hybrid,1337,False,0.8118,-0.55,0.867159,0.857934,0.852399,-0.005535,0.3163,,,,,0.8181,0.042
cora_GAT_r0.05,IDEA,hybrid,2024,False,0.821,0.56,0.865314,0.863469,0.859779,-0.00369,0.2619,,,,,0.8541,0.0365
cora_GAT_r0.05,GraphEraser,random,42,False,0.8395,0.0,0.752768,0.586716,0.750923,0.164207,0.5445,,,,,13.0575,0.0002
cora_GAT_r0.05,GraphEraser,random,212,False,0.8284,0.0,0.725092,0.717712,0.736162,0.01845,0.6024,,,,,12.6772,0.0002
cora_GAT_r0.05,GraphEraser,random,722,False,0.8432,0.0,0.758303,0.730627,0.714022,-0.016605,0.5446,,,,,13.348,0.0002
cora_GAT_r0.05,GraphEraser,random,1337,False,0.8026,0.0,0.728782,0.726937,0.708487,-0.01845,0.5698,,,,,13.1964,0.0003
cora_GAT_r0.05,GraphEraser,random,2024,False,0.8247,0.0,0.721402,0.761993,0.717712,-0.04428,0.5588,,,,,18.414,0.0002
cora_GAT_r0.05,GraphEraser,degree,42,False,0.8303,0.92,0.756458,0.634686,0.747232,0.112546,0.5376,,,,,13.789,0.0006
cora_GAT_r0.05,GraphEraser,degree,212,False,0.8247,0.37,0.728782,0.678967,0.754613,0.075646,0.6202,,,,,12.4978,0.0006
cora_GAT_r0.05,GraphEraser,degree,722,False,0.8247,1.85,0.758303,0.756458,0.715867,-0.04059,0.4675,,,,,13.3911,0.0006
cora_GAT_r0.05,GraphEraser,degree,1337,False,0.8266,-2.4,0.747232,0.721402,0.708487,-0.012915,0.5483,,,,,15.0997,0.0007
cora_GAT_r0.05,GraphEraser,degree,2024,False,0.8247,0.0,0.719557,0.708487,0.717712,0.009225,0.5572,,,,,13.3963,0.0014
cora_GAT_r0.05,GraphEraser,pagerank,42,False,0.8173,2.22,0.754613,0.658672,0.726937,0.068266,0.574,,,,,13.3294,0.0376
cora_GAT_r0.05,GraphEraser,pagerank,212,False,0.8284,0.0,0.723247,0.643911,0.738007,0.094096,0.5571,,,,,13.449,0.037
cora_GAT_r0.05,GraphEraser,pagerank,722,False,0.8044,3.88,0.758303,0.719557,0.710332,-0.009225,0.5383,,,,,13.5243,0.0367
cora_GAT_r0.05,GraphEraser,pagerank,1337,False,0.8266,-2.4,0.721402,0.721402,0.708487,-0.012915,0.5638,,,,,14.3407,0.0379
cora_GAT_r0.05,GraphEraser,pagerank,2024,False,0.8173,0.74,0.717712,0.660517,0.719557,0.059041,0.5157,,,,,15.1819,0.037
cora_GAT_r0.05,GraphEraser,tracin,42,False,0.8137,2.58,0.752768,0.673432,0.752768,0.079336,0.3852,,,,,12.8614,4.0304
cora_GAT_r0.05,GraphEraser,tracin,212,False,0.8376,-0.92,0.726937,0.756458,0.738007,-0.01845,0.6753,,,,,13.486,3.4496
cora_GAT_r0.05,GraphEraser,tracin,722,False,0.8192,2.4,0.758303,0.736162,0.710332,-0.02583,0.4984,,,,,14.3657,3.4869
cora_GAT_r0.05,GraphEraser,tracin,1337,False,0.8247,-2.21,0.749077,0.708487,0.704797,-0.00369,0.5998,,,,,17.8406,3.3704
cora_GAT_r0.05,GraphEraser,tracin,2024,False,0.8284,-0.37,0.721402,0.754613,0.701107,-0.053506,0.5413,,,,,13.4883,3.8873
cora_GAT_r0.05,GraphEraser,im,42,False,0.8358,0.37,0.754613,0.688192,0.726937,0.038745,0.5112,,,,,14.1193,1.5652
cora_GAT_r0.05,GraphEraser,im,212,False,0.8155,1.29,0.723247,0.714022,0.749077,0.035055,0.548,,,,,13.7391,1.5652
cora_GAT_r0.05,GraphEraser,im,722,False,0.8229,2.03,0.758303,0.715867,0.715867,0.0,0.5854,,,,,13.9203,1.5652
cora_GAT_r0.05,GraphEraser,im,1337,False,0.8118,-0.92,0.728782,0.697417,0.708487,0.01107,0.5648,,,,,13.1815,1.5652
cora_GAT_r0.05,GraphEraser,im,2024,False,0.821,0.37,0.712177,0.721402,0.726937,0.005535,0.5936,,,,,13.5221,1.5652
cora_GAT_r0.05,GraphEraser,hybrid,42,False,0.8284,1.11,0.752768,0.645756,0.749077,0.103321,0.5191,,,,,12.8651,0.0416
cora_GAT_r0.05,GraphEraser,hybrid,212,False,0.8376,-0.92,0.723247,0.745387,0.736162,-0.009225,0.6303,,,,,16.1069,0.0418
cora_GAT_r0.05,GraphEraser,hybrid,722,False,0.8358,0.74,0.758303,0.739852,0.708487,-0.031365,0.6211,,,,,13.0805,0.0419
cora_GAT_r0.05,GraphEraser,hybrid,1337,False,0.8303,-2.77,0.732472,0.710332,0.708487,-0.001845,0.5864,,,,,13.7458,0.042
cora_GAT_r0.05,GraphEraser,hybrid,2024,False,0.8173,0.74,0.719557,0.750923,0.732472,-0.01845,0.466,,,,,13.1389,0.0365
cora_GAT_r0.05,GraphRevoker,random,42,False,0.6328,0.0,0.487085,0.4631,0.5,0.0369,0.8681,,,,,9.6678,0.0002
cora_GAT_r0.05,GraphRevoker,random,212,False,0.631,0.0,0.48524,0.520295,0.51476,-0.005535,0.8444,,,,,9.0975,0.0002
cora_GAT_r0.05,GraphRevoker,random,722,False,0.6273,0.0,0.498155,0.549815,0.461255,-0.088561,0.7815,,,,,9.5462,0.0002
cora_GAT_r0.05,GraphRevoker,random,1337,False,0.6476,0.0,0.505535,0.47048,0.509225,0.038745,0.7976,,,,,10.4903,0.0003
cora_GAT_r0.05,GraphRevoker,random,2024,False,0.6384,0.0,0.47048,0.461255,0.450185,-0.01107,0.7825,,,,,9.3861,0.0002
cora_GAT_r0.05,GraphRevoker,degree,42,False,0.6033,2.95,0.472325,0.501845,0.45941,-0.042435,0.7812,,,,,10.2783,0.0013
cora_GAT_r0.05,GraphRevoker,degree,212,False,0.631,0.0,0.516605,0.448339,0.509225,0.060886,0.8368,,,,,9.7695,0.0006
cora_GAT_r0.05,GraphRevoker,degree,722,False,0.607,2.03,0.45572,0.479705,0.416974,-0.062731,0.8996,,,,,9.9915,0.0005
cora_GAT_r0.05,GraphRevoker,degree,1337,False,0.6292,1.84,0.549815,0.542435,0.48893,-0.053506,0.8042,,,,,10.5906,0.0006
cora_GAT_r0.05,GraphRevoker,degree,2024,False,0.6347,0.37,0.509225,0.461255,0.476015,0.01476,0.8188,,,,,9.2752,0.0006
cora_GAT_r0.05,GraphRevoker,pagerank,42,False,0.6107,2.21,0.48893,0.509225,0.440959,-0.068266,0.8227,,,,,10.0613,0.0376
cora_GAT_r0.05,GraphRevoker,pagerank,212,False,0.6107,2.03,0.48893,0.54428,0.479705,-0.064576,0.8187,,,,,9.6207,0.037
cora_GAT_r0.05,GraphRevoker,pagerank,722,False,0.631,-0.37,0.490775,0.520295,0.435424,-0.084871,0.8112,,,,,11.2984,0.0367
cora_GAT_r0.05,GraphRevoker,pagerank,1337,False,0.6384,0.92,0.45941,0.509225,0.47786,-0.031365,0.801,,,,,11.0196,0.0379
cora_GAT_r0.05,GraphRevoker,pagerank,2024,False,0.6218,1.66,0.48893,0.549815,0.538745,-0.01107,0.8426,,,,,10.1546,0.037
cora_GAT_r0.05,GraphRevoker,tracin,42,False,0.6328,0.0,0.557196,0.586716,0.520295,-0.066421,0.6846,,,,,9.9477,4.0304
cora_GAT_r0.05,GraphRevoker,tracin,212,False,0.6568,-2.58,0.562731,0.5369,0.520295,-0.016605,0.7096,,,,,11.4081,3.4496
cora_GAT_r0.05,GraphRevoker,tracin,722,False,0.6089,1.84,0.51107,0.50738,0.557196,0.049815,0.781,,,,,10.4306,3.4869
cora_GAT_r0.05,GraphRevoker,tracin,1337,False,0.6236,2.4,0.487085,0.535055,0.490775,-0.04428,0.7074,,,,,10.2241,3.3704
cora_GAT_r0.05,GraphRevoker,tracin,2024,False,0.6439,-0.55,0.49631,0.420664,0.501845,0.081181,0.7837,,,,,8.6191,3.8873
cora_GAT_r0.05,GraphRevoker,im,42,False,0.6255,0.73,0.51845,0.538745,0.5,-0.038745,0.7929,,,,,10.6884,1.5652
cora_GAT_r0.05,GraphRevoker,im,212,False,0.6218,0.92,0.472325,0.490775,0.542435,0.051661,0.7853,,,,,11.8311,1.5652
cora_GAT_r0.05,GraphRevoker,im,722,False,0.6347,-0.74,0.509225,0.512915,0.468635,-0.04428,0.8005,,,,,10.0358,1.5652
cora_GAT_r0.05,GraphRevoker,im,1337,False,0.6218,2.58,0.461255,0.50738,0.433579,-0.073801,0.7775,,,,,10.2785,1.5652
cora_GAT_r0.05,GraphRevoker,im,2024,False,0.6107,2.77,0.50369,0.48893,0.568266,0.079336,0.7545,,,,,10.195,1.5652
cora_GAT_r0.05,GraphRevoker,hybrid,42,False,0.6033,2.95,0.51845,0.523985,0.50369,-0.020295,0.7677,,,,,10.774,0.0416
cora_GAT_r0.05,GraphRevoker,hybrid,212,False,0.6218,0.92,0.516605,0.48524,0.498155,0.012915,0.7618,,,,,9.7816,0.0418
cora_GAT_r0.05,GraphRevoker,hybrid,722,False,0.6181,0.92,0.557196,0.531365,0.54797,0.016605,0.8044,,,,,9.7494,0.0419
cora_GAT_r0.05,GraphRevoker,hybrid,1337,False,0.6162,3.14,0.45941,0.538745,0.476015,-0.062731,0.7916,,,,,10.062,0.042
cora_GAT_r0.05,GraphRevoker,hybrid,2024,False,0.6494,-1.1,0.50738,0.426199,0.542435,0.116236,0.7871,,,,,10.4122,0.0365
cora_GCN_r0.01,GIF,random,42,False,0.8432,0.0,0.867159,0.865314,0.857934,-0.00738,0.6803,,,,,0.3571,0.0007
cora_GCN_r0.01,GIF,random,212,False,0.8487,0.0,0.865314,0.865314,0.861624,-0.00369,0.5578,,,,,0.2486,0.0003
cora_GCN_r0.01,GIF,random,722,False,0.845,0.0,0.867159,0.869004,0.863469,-0.005535,0.551,,,,,0.3642,0.0002
cora_GCN_r0.01,GIF,random,1337,False,0.8432,0.0,0.865314,0.867159,0.865314,-0.001845,0.6395,,,,,0.3369,0.0003
cora_GCN_r0.01,GIF,random,2024,False,0.8358,0.0,0.861624,0.857934,0.863469,0.005535,0.5193,,,,,0.294,0.0003
cora_GCN_r0.01,GIF,tracin,42,False,0.8506,-0.74,0.867159,0.865314,0.863469,-0.001845,0.5079,,,,,0.3563,2.5018
cora_GCN_r0.01,GIF,tracin,212,False,0.8487,0.0,0.865314,0.865314,0.861624,-0.00369,0.5465,,,,,0.1974,2.0432
cora_GCN_r0.01,GIF,tracin,722,False,0.8469,-0.19,0.867159,0.869004,0.859779,-0.009225,0.4739,,,,,0.3643,2.4321
cora_GCN_r0.01,GIF,tracin,1337,False,0.8487,-0.55,0.865314,0.867159,0.865314,-0.001845,0.542,,,,,0.3159,2.8454
cora_GCN_r0.01,GIF,tracin,2024,False,0.8395,-0.37,0.861624,0.857934,0.865314,0.00738,0.4853,,,,,0.3448,2.7331
cora_GCN_r0.01,GIF,im,42,False,0.8395,0.37,0.867159,0.865314,0.856089,-0.009225,0.8027,,,,,0.34,3731.1005
cora_GCN_r0.01,GIF,im,212,False,0.8506,-0.19,0.865314,0.865314,0.865314,0.0,0.8163,,,,,0.3223,3731.1005
cora_GCN_r0.01,GIF,im,722,False,0.8432,0.18,0.867159,0.869004,0.867159,-0.001845,0.8231,,,,,0.3045,3731.1005
cora_GCN_r0.01,GIF,im,1337,False,0.8432,0.0,0.865314,0.867159,0.865314,-0.001845,0.8163,,,,,0.2963,3731.1005
cora_GCN_r0.01,GIF,im,2024,False,0.8395,-0.37,0.861624,0.857934,0.863469,0.005535,0.8186,,,,,0.3104,3731.1005
cora_GCN_r0.01,GNNDelete,random,42,False,0.8487,0.0,0.867159,0.839483,0.867159,0.027675,0.8821,,,,,0.9737,0.0007
cora_GCN_r0.01,GNNDelete,random,212,False,0.8137,0.0,0.865314,0.837638,0.861624,0.023985,0.8549,,,,,0.8898,0.0003
cora_GCN_r0.01,GNNDelete,random,722,False,0.8137,0.0,0.867159,0.850554,0.867159,0.016605,0.9615,,,,,1.2189,0.0002
cora_GCN_r0.01,GNNDelete,random,1337,False,0.8376,0.0,0.865314,0.809963,0.867159,0.057196,0.932,,,,,1.4804,0.0003
cora_GCN_r0.01,GNNDelete,random,2024,False,0.8007,0.0,0.861624,0.826568,0.856089,0.02952,0.7415,,,,,1.157,0.0003
cora_GCN_r0.01,GNNDelete,tracin,42,False,0.8303,1.84,0.867159,0.841328,0.865314,0.023985,0.6848,,,,,2.1059,2.5018
cora_GCN_r0.01,GNNDelete,tracin,212,False,0.8432,-2.95,0.865314,0.850554,0.863469,0.012915,0.7732,,,,,2.3731,2.0432
cora_GCN_r0.01,GNNDelete,tracin,722,False,0.845,-3.13,0.867159,0.835793,0.872694,0.0369,0.7347,,,,,1.3977,2.4321
cora_GCN_r0.01,GNNDelete,tracin,1337,False,0.8118,2.58,0.865314,0.846863,0.861624,0.01476,0.5805,,,,,2.6092,2.8454
cora_GCN_r0.01,GNNDelete,tracin,2024,False,0.8266,-2.59,0.861624,0.806273,0.863469,0.057196,0.7914,,,,,1.0475,2.7331
cora_GCN_r0.01,GNNDelete,im,42,False,0.703,14.57,0.867159,0.714022,0.867159,0.153137,0.5692,,,,,0.9756,3731.1005
cora_GCN_r0.01,GNNDelete,im,212,False,0.6771,13.66,0.865314,0.745387,0.869004,0.123616,0.585,,,,,1.5769,3731.1005
cora_GCN_r0.01,GNNDelete,im,722,False,0.714,9.97,0.867159,0.739852,0.865314,0.125461,0.6304,,,,,0.9889,3731.1005
cora_GCN_r0.01,GNNDelete,im,1337,False,0.7601,7.75,0.865314,0.653137,0.867159,0.214022,0.712,,,,,0.8423,3731.1005
cora_GCN_r0.01,GNNDelete,im,2024,False,0.7546,4.61,0.861624,0.726937,0.856089,0.129151,0.5805,,,,,0.8838,3731.1005
cora_GCN_r0.01,MEGU,random,42,False,0.8542,0.0,0.867159,0.861624,0.857934,-0.00369,0.1814,,,,,0.4011,0.0007
cora_GCN_r0.01,MEGU,random,212,False,0.8561,0.0,0.865314,0.854244,0.861624,0.00738,0.2857,,,,,0.4496,0.0003
cora_GCN_r0.01,MEGU,random,722,False,0.8487,0.0,0.867159,0.865314,0.865314,0.0,0.3696,,,,,0.399,0.0002
cora_GCN_r0.01,MEGU,random,1337,False,0.8561,0.0,0.865314,0.859779,0.861624,0.001845,0.3197,,,,,0.4417,0.0003
cora_GCN_r0.01,MEGU,random,2024,False,0.8469,0.0,0.861624,0.859779,0.856089,-0.00369,0.1905,,,,,0.4771,0.0003
cora_GCN_r0.01,MEGU,tracin,42,False,0.8542,0.0,0.867159,0.865314,0.863469,-0.001845,0.8209,,,,,0.4027,2.5018
cora_GCN_r0.01,MEGU,tracin,212,False,0.8579,-0.18,0.865314,0.857934,0.856089,-0.001845,0.7846,,,,,0.3412,2.0432
cora_GCN_r0.01,MEGU,tracin,722,False,0.8487,0.0,0.867159,0.869004,0.869004,0.0,0.8866,,,,,0.4467,2.4321
cora_GCN_r0.01,MEGU,tracin,1337,False,0.8542,0.19,0.865314,0.861624,0.856089,-0.005535,0.8526,,,,,0.4649,2.8454
cora_GCN_r0.01,MEGU,tracin,2024,False,0.845,0.19,0.861624,0.854244,0.861624,0.00738,0.8549,,,,,0.4754,2.7331
cora_GCN_r0.01,MEGU,im,42,False,0.8506,0.36,0.867159,0.861624,0.861624,0.0,0.2653,,,,,0.4583,3731.1005
cora_GCN_r0.01,MEGU,im,212,False,0.8524,0.37,0.865314,0.856089,0.861624,0.005535,0.288,,,,,0.412,3731.1005
cora_GCN_r0.01,MEGU,im,722,False,0.8487,0.0,0.867159,0.869004,0.869004,0.0,0.3061,,,,,0.4696,3731.1005
cora_GCN_r0.01,MEGU,im,1337,False,0.8487,0.74,0.865314,0.859779,0.867159,0.00738,0.2562,,,,,0.4882,3731.1005
cora_GCN_r0.01,MEGU,im,2024,False,0.8432,0.37,0.861624,0.857934,0.857934,0.0,0.2834,,,,,0.4524,3731.1005
cora_GCN_r0.01,IDEA,random,42,False,0.8266,0.0,0.867159,0.865314,0.857934,-0.00738,0.7891,,,,,0.3203,0.0007
cora_GCN_r0.01,IDEA,random,212,False,0.8284,0.0,0.865314,0.865314,0.861624,-0.00369,0.5805,,,,,0.3672,0.0003
cora_GCN_r0.01,IDEA,random,722,False,0.8229,0.0,0.867159,0.869004,0.863469,-0.005535,0.542,,,,,0.3132,0.0002
cora_GCN_r0.01,IDEA,random,1337,False,0.8321,0.0,0.865314,0.867159,0.865314,-0.001845,0.6281,,,,,0.3279,0.0003
cora_GCN_r0.01,IDEA,random,2024,False,0.821,0.0,0.861624,0.857934,0.863469,0.005535,0.7596,,,,,0.3837,0.0003
cora_GCN_r0.01,IDEA,tracin,42,False,0.8247,0.19,0.867159,0.865314,0.863469,-0.001845,0.2653,,,,,0.3563,2.5018
cora_GCN_r0.01,IDEA,tracin,212,False,0.8321,-0.37,0.865314,0.865314,0.861624,-0.00369,0.2721,,,,,0.3488,2.0432
cora_GCN_r0.01,IDEA,tracin,722,False,0.8247,-0.18,0.867159,0.869004,0.859779,-0.009225,0.2925,,,,,0.3083,2.4321
cora_GCN_r0.01,IDEA,tracin,1337,False,0.8321,0.0,0.865314,0.867159,0.865314,-0.001845,0.2789,,,,,0.3408,2.8454
cora_GCN_r0.01,IDEA,tracin,2024,False,0.8229,-0.19,0.861624,0.857934,0.865314,0.00738,0.2336,,,,,0.3717,2.7331
cora_GCN_r0.01,IDEA,im,42,False,0.8155,1.11,0.867159,0.865314,0.856089,-0.009225,0.6553,,,,,0.3811,3731.1005
cora_GCN_r0.01,IDEA,im,212,False,0.8266,0.18,0.865314,0.865314,0.865314,0.0,0.6621,,,,,0.3873,3731.1005
cora_GCN_r0.01,IDEA,im,722,False,0.8192,0.37,0.867159,0.869004,0.867159,-0.001845,0.6689,,,,,0.4581,3731.1005
cora_GCN_r0.01,IDEA,im,1337,False,0.8284,0.37,0.865314,0.867159,0.865314,-0.001845,0.6463,,,,,0.3403,3731.1005
cora_GCN_r0.01,IDEA,im,2024,False,0.8155,0.55,0.861624,0.857934,0.863469,0.005535,0.6395,,,,,0.3545,3731.1005
cora_GCN_r0.01,GraphEraser,random,42,False,0.8229,0.0,0.749077,0.706642,0.797048,0.090406,0.8471,,,,,10.3669,0.0007
cora_GCN_r0.01,GraphEraser,random,212,False,0.8266,0.0,0.787823,0.756458,0.791513,0.035055,0.77,,,,,7.9725,0.0003
cora_GCN_r0.01,GraphEraser,random,722,False,0.8339,0.0,0.776753,0.771218,0.750923,-0.020295,0.7648,,,,,7.3475,0.0002
cora_GCN_r0.01,GraphEraser,random,1337,False,0.8137,0.0,0.756458,0.784133,0.741697,-0.042435,0.74,,,,,7.9991,0.0003
cora_GCN_r0.01,GraphEraser,random,2024,False,0.8284,0.0,0.758303,0.765683,0.741697,-0.023985,0.6905,,,,,9.4679,0.0003
cora_GCN_r0.01,GraphEraser,tracin,42,False,0.8229,0.0,0.749077,0.714022,0.789668,0.075646,0.8414,,,,,6.3581,2.5018
cora_GCN_r0.01,GraphEraser,tracin,212,False,0.8303,-0.37,0.787823,0.760148,0.773063,0.012915,0.8105,,,,,6.7835,2.0432
cora_GCN_r0.01,GraphEraser,tracin,722,False,0.8284,0.55,0.776753,0.761993,0.752768,-0.009225,0.8438,,,,,6.068,2.4321
cora_GCN_r0.01,GraphEraser,tracin,1337,False,0.821,-0.73,0.756458,0.782288,0.741697,-0.04059,0.6138,,,,,11.0404,2.8454
cora_GCN_r0.01,GraphEraser,tracin,2024,False,0.8284,0.0,0.758303,0.763838,0.752768,-0.01107,0.79,,,,,7.2124,2.7331
cora_GCN_r0.01,GraphEraser,im,42,False,0.8247,-0.18,0.749077,0.739852,0.797048,0.057196,0.6057,,,,,154.6787,43.0121
cora_GCN_r0.01,GraphEraser,im,212,False,0.8266,0.0,0.787823,0.769373,0.784133,0.01476,0.5667,,,,,94.7056,3731.1005
cora_GCN_r0.01,GraphEraser,im,722,False,0.8229,1.1,0.776753,0.769373,0.750923,-0.01845,0.7024,,,,,146.3877,43.0121
cora_GCN_r0.01,GraphEraser,im,1337,False,0.8173,-0.36,0.756458,0.774908,0.723247,-0.051661,0.6062,,,,,81.1146,43.0121
cora_GCN_r0.01,GraphEraser,im,2024,False,0.8247,0.37,0.758303,0.776753,0.741697,-0.035055,0.6443,,,,,5.608,3731.1005
cora_GCN_r0.01,GraphRevoker,random,42,True,0.583,,0.581181,0.610701,0.595941,-0.01476,,,,,,25.2739,0.0007
cora_GCN_r0.01,GraphRevoker,random,212,False,0.7232,0.0,0.562731,0.636531,0.608856,-0.027675,0.8214,,,,,6.6079,0.0003
cora_GCN_r0.01,GraphRevoker,random,722,False,0.7214,0.0,0.610701,0.636531,0.608856,-0.027675,0.8214,,,,,6.432,0.0002
cora_GCN_r0.01,GraphRevoker,random,1337,False,0.7214,0.0,0.557196,0.614391,0.594096,-0.020295,0.8057,,,,,3.456,0.0003
cora_GCN_r0.01,GraphRevoker,random,2024,False,0.7306,0.0,0.512915,0.610701,0.601476,-0.009225,0.8186,,,,,4.5862,0.0003
cora_GCN_r0.01,GraphRevoker,tracin,42,False,0.7232,,0.603321,0.573801,0.636531,0.062731,0.8643,,,,,4.8416,2.5018
cora_GCN_r0.01,GraphRevoker,tracin,212,False,0.7214,0.18,0.562731,0.610701,0.597786,-0.012915,0.8619,,,,,4.6473,2.0432
cora_GCN_r0.01,GraphRevoker,tracin,722,False,0.7159,0.55,0.597786,0.573801,0.570111,-0.00369,0.9281,,,,,4.1484,2.4321
cora_GCN_r0.01,GraphRevoker,tracin,1337,False,0.7177,0.37,0.560886,0.616236,0.605166,-0.01107,0.8429,,,,,3.6717,2.8454
cora_GCN_r0.01,GraphRevoker,tracin,2024,False,0.7214,0.92,0.520295,0.584871,0.549815,-0.035055,0.8471,,,,,4.6231,2.7331
cora_GCN_r0.01,GraphRevoker,im,42,False,0.7214,,0.590406,0.594096,0.571956,-0.02214,0.8048,,,,,3.9934,3731.1005
cora_GCN_r0.01,GraphRevoker,im,212,False,0.7269,-0.37,0.584871,0.642066,0.557196,-0.084871,0.86,,,,,3.0001,3731.1005
cora_GCN_r0.01,GraphRevoker,im,722,False,0.7159,0.55,0.603321,0.52583,0.559041,0.03321,0.809,,,,,5.3834,3731.1005
cora_GCN_r0.01,GraphRevoker,im,1337,False,0.7103,1.11,0.560886,0.607011,0.608856,0.001845,0.8643,,,,,3.5191,3731.1005
cora_GCN_r0.01,GraphRevoker,im,2024,False,0.7269,0.37,0.549815,0.555351,0.531365,-0.023985,0.7552,,,,,3.3252,3731.1005
cora_GCN_r0.05,GIF,random,42,False,0.8395,0.0,0.867159,0.865314,0.863469,-0.001845,0.6564,,,,,0.4812,0.0004
cora_GCN_r0.05,GIF,random,212,False,0.8487,0.0,0.865314,0.865314,0.863469,-0.001845,0.6421,,,,,0.4163,0.0002
cora_GCN_r0.05,GIF,random,722,False,0.8487,0.0,0.867159,0.869004,0.854244,-0.01476,0.6271,,,,,0.3998,0.0002
cora_GCN_r0.05,GIF,random,1337,False,0.8432,0.0,0.865314,0.867159,0.865314,-0.001845,0.5587,,,,,0.4426,0.0003
cora_GCN_r0.05,GIF,random,2024,False,0.8339,0.0,0.861624,0.857934,0.850554,-0.00738,0.5774,,,,,0.432,0.0002
cora_GCN_r0.05,GIF,degree,42,False,0.821,1.85,0.867159,0.865314,0.856089,-0.009225,0.6787,,,,,0.4097,0.0005
cora_GCN_r0.05,GIF,degree,212,False,0.8266,2.21,0.865314,0.865314,0.863469,-0.001845,0.6797,,,,,0.4277,0.0007
cora_GCN_r0.05,GIF,degree,722,False,0.8247,2.4,0.867159,0.869004,0.863469,-0.005535,0.6769,,,,,0.412,0.0008
cora_GCN_r0.05,GIF,degree,1337,False,0.821,2.22,0.865314,0.867159,0.865314,-0.001845,0.6768,,,,,0.4024,0.0005
cora_GCN_r0.05,GIF,degree,2024,False,0.8137,2.02,0.861624,0.857934,0.865314,0.00738,0.6659,,,,,0.4079,0.0005
cora_GCN_r0.05,GIF,pagerank,42,False,0.8247,1.48,0.867159,0.865314,0.857934,-0.00738,0.6965,,,,,0.3965,0.063
cora_GCN_r0.05,GIF,pagerank,212,False,0.8284,2.03,0.865314,0.865314,0.865314,0.0,0.7022,,,,,0.4497,0.0424
cora_GCN_r0.05,GIF,pagerank,722,False,0.8284,2.03,0.867159,0.869004,0.863469,-0.005535,0.6974,,,,,0.4076,0.0478
cora_GCN_r0.05,GIF,pagerank,1337,False,0.8284,1.48,0.865314,0.867159,0.863469,-0.00369,0.7053,,,,,0.4319,0.0504
cora_GCN_r0.05,GIF,pagerank,2024,False,0.821,1.29,0.861624,0.857934,0.867159,0.009225,0.6899,,,,,0.4044,0.0376
cora_GCN_r0.05,GIF,tracin,42,False,0.8506,-1.11,0.867159,0.865314,0.848708,-0.016605,0.5802,,,,,0.3915,2.6732
cora_GCN_r0.05,GIF,tracin,212,False,0.8487,0.0,0.865314,0.865314,0.865314,0.0,0.6153,,,,,0.3818,2.6966
cora_GCN_r0.05,GIF,tracin,722,False,0.8487,0.0,0.867159,0.869004,0.861624,-0.00738,0.6044,,,,,0.3893,2.6928
cora_GCN_r0.05,GIF,tracin,1337,False,0.8524,-0.92,0.865314,0.867159,0.845018,-0.02214,0.6276,,,,,0.3848,2.5781
cora_GCN_r0.05,GIF,tracin,2024,False,0.8321,0.18,0.861624,0.857934,0.865314,0.00738,0.643,,,,,0.4252,3.0086
cora_GCN_r0.05,GIF,im,42,False,0.8284,1.11,0.867159,0.865314,0.859779,-0.005535,0.6253,,,,,0.3146,2.2911
cora_GCN_r0.05,GIF,im,212,False,0.8432,0.55,0.865314,0.865314,0.863469,-0.001845,0.6325,,,,,0.4333,2.2911
cora_GCN_r0.05,GIF,im,722,False,0.8395,0.92,0.867159,0.869004,0.863469,-0.005535,0.6346,,,,,0.4339,2.2911
cora_GCN_r0.05,GIF,im,1337,False,0.8358,0.74,0.865314,0.867159,0.867159,0.0,0.635,,,,,0.4351,2.2911
cora_GCN_r0.05,GIF,im,2024,False,0.8339,0.0,0.861624,0.857934,0.867159,0.009225,0.6245,,,,,0.3932,2.2911
cora_GCN_r0.05,GIF,hybrid,42,False,0.845,-0.55,0.867159,0.865314,0.859779,-0.005535,0.6742,,,,,0.3532,0.5315
cora_GCN_r0.05,GIF,hybrid,212,False,0.8376,1.11,0.865314,0.865314,0.857934,-0.00738,0.6658,,,,,0.3791,0.0446
cora_GCN_r0.05,GIF,hybrid,722,False,0.845,0.37,0.867159,0.869004,0.857934,-0.01107,0.6297,,,,,0.4024,0.0716
cora_GCN_r0.05,GIF,hybrid,1337,False,0.845,-0.18,0.865314,0.867159,0.857934,-0.009225,0.7062,,,,,0.4159,0.0508
cora_GCN_r0.05,GIF,hybrid,2024,False,0.8339,0.0,0.861624,0.857934,0.861624,0.00369,0.6118,,,,,0.3899,0.0671
cora_GCN_r0.05,GIF,hybrid_alpha0.00,42,False,0.8321,0.74,0.867159,0.865314,0.859779,-0.005535,0.6511,,,,,0.3963,0.1799
cora_GCN_r0.05,GIF,hybrid_alpha0.00,212,False,0.8321,1.66,0.865314,0.865314,0.857934,-0.00738,0.6577,,,,,0.394,0.0697
cora_GCN_r0.05,GIF,hybrid_alpha0.00,722,False,0.8303,1.84,0.867159,0.869004,0.863469,-0.005535,0.6522,,,,,0.34,0.0602
cora_GCN_r0.05,GIF,hybrid_alpha0.00,1337,False,0.8339,0.93,0.865314,0.867159,0.863469,-0.00369,0.6558,,,,,0.2619,0.1979
cora_GCN_r0.05,GIF,hybrid_alpha0.00,2024,False,0.8321,0.18,0.861624,0.857934,0.867159,0.009225,0.6715,,,,,0.2121,0.06
cora_GCN_r0.05,GNNDelete,random,42,False,0.7122,0.0,0.867159,0.761993,0.861624,0.099631,0.6741,,,,,1.7411,0.0004
cora_GCN_r0.05,GNNDelete,random,212,False,0.7122,0.0,0.865314,0.821033,0.859779,0.038745,0.6752,,,,,1.4164,0.0002
cora_GCN_r0.05,GNNDelete,random,722,False,0.845,0.0,0.867159,0.761993,0.854244,0.092251,0.7718,,,,,1.4586,0.0002
cora_GCN_r0.05,GNNDelete,random,1337,False,0.7731,0.0,0.865314,0.730627,0.865314,0.134686,0.6472,,,,,1.4177,0.0003
cora_GCN_r0.05,GNNDelete,random,2024,False,0.762,0.0,0.861624,0.767528,0.848708,0.081181,0.7931,,,,,1.0356,0.0002
cora_GCN_r0.05,GNNDelete,degree,42,False,0.7343,-2.21,0.867159,0.725092,0.863469,0.138376,0.5572,,,,,0.988,0.0007
cora_GCN_r0.05,GNNDelete,degree,212,False,0.6439,6.83,0.865314,0.671587,0.863469,0.191882,0.6443,,,,,1.2706,0.0007
cora_GCN_r0.05,GNNDelete,degree,722,False,0.6697,17.53,0.867159,0.743542,0.865314,0.121771,0.6154,,,,,0.9384,0.0006
cora_GCN_r0.05,GNNDelete,degree,1337,False,0.7159,5.72,0.865314,0.774908,0.857934,0.083026,0.6195,,,,,0.9895,0.0005
cora_GCN_r0.05,GNNDelete,degree,2024,False,0.7399,2.21,0.861624,0.649446,0.863469,0.214022,0.5942,,,,,1.0703,0.0005
cora_GCN_r0.05,GNNDelete,pagerank,42,False,0.7989,-8.67,0.867159,0.730627,0.867159,0.136531,0.4992,,,,,1.1656,0.063
cora_GCN_r0.05,GNNDelete,pagerank,212,False,0.6292,8.3,0.865314,0.706642,0.861624,0.154982,0.5861,,,,,0.9277,0.0424
cora_GCN_r0.05,GNNDelete,pagerank,722,False,0.6587,18.63,0.867159,0.754613,0.867159,0.112546,0.5394,,,,,0.8866,0.0478
cora_GCN_r0.05,GNNDelete,pagerank,1337,False,0.7103,6.28,0.865314,0.791513,0.857934,0.066421,0.5551,,,,,1.1143,0.0504
cora_GCN_r0.05,GNNDelete,pagerank,2024,False,0.7472,1.48,0.861624,0.734317,0.865314,0.130996,0.5519,,,,,1.6596,0.0376
cora_GCN_r0.05,GNNDelete,tracin,42,False,0.8229,-11.07,0.867159,0.769373,0.846863,0.077491,0.7992,,,,,1.0775,2.6732
cora_GCN_r0.05,GNNDelete,tracin,212,False,0.7638,-5.16,0.865314,0.813653,0.863469,0.049815,0.7571,,,,,0.9659,2.6966
cora_GCN_r0.05,GNNDelete,tracin,722,False,0.81,3.5,0.867159,0.828413,0.867159,0.038745,0.6776,,,,,0.9858,2.6928
cora_GCN_r0.05,GNNDelete,tracin,1337,False,0.8192,-4.61,0.865314,0.797048,0.839483,0.042435,0.6981,,,,,0.9724,2.5781
cora_GCN_r0.05,GNNDelete,tracin,2024,False,0.8192,-5.72,0.861624,0.749077,0.856089,0.107011,0.705,,,,,1.0171,3.0086
cora_GCN_r0.05,GNNDelete,im,42,False,0.7823,-7.01,0.867159,0.750923,0.863469,0.112546,0.6139,,,,,0.9671,2.2911
cora_GCN_r0.05,GNNDelete,im,212,False,0.6845,2.77,0.865314,0.800738,0.863469,0.062731,0.6017,,,,,0.8087,2.2911
cora_GCN_r0.05,GNNDelete,im,722,False,0.69,15.5,0.867159,0.734317,0.869004,0.134686,0.6384,,,,,0.9944,2.2911
cora_GCN_r0.05,GNNDelete,im,1337,False,0.7399,3.32,0.865314,0.686347,0.863469,0.177122,0.6055,,,,,0.9588,2.2911
cora_GCN_r0.05,GNNDelete,im,2024,False,0.7472,1.48,0.861624,0.690037,0.859779,0.169742,0.5892,,,,,0.933,2.2911
cora_GCN_r0.05,GNNDelete,hybrid,42,False,0.7638,-5.16,0.867159,0.750923,0.857934,0.107011,0.7346,,,,,1.0834,0.5315
cora_GCN_r0.05,GNNDelete,hybrid,212,False,0.8007,-8.85,0.865314,0.784133,0.861624,0.077491,0.7809,,,,,0.9542,0.0446
cora_GCN_r0.05,GNNDelete,hybrid,722,False,0.7915,5.35,0.867159,0.741697,0.861624,0.119926,0.8852,,,,,1.1923,0.0716
cora_GCN_r0.05,GNNDelete,hybrid,1337,False,0.762,1.11,0.865314,0.806273,0.854244,0.04797,0.8265,,,,,1.1415,0.0508
cora_GCN_r0.05,GNNDelete,hybrid,2024,False,0.7841,-2.21,0.861624,0.767528,0.854244,0.086716,0.8535,,,,,1.0943,0.0671
cora_GCN_r0.05,GNNDelete,hybrid_alpha0.00,42,False,0.7288,-1.66,0.867159,0.704797,0.863469,0.158672,0.8033,,,,,0.9843,0.1799
cora_GCN_r0.05,GNNDelete,hybrid_alpha0.00,212,False,0.6605,5.17,0.865314,0.761993,0.867159,0.105166,0.7794,,,,,0.9776,0.0697
cora_GCN_r0.05,GNNDelete,hybrid_alpha0.00,722,False,0.7251,11.99,0.867159,0.756458,0.861624,0.105166,0.8117,,,,,0.9607,0.0602
cora_GCN_r0.05,GNNDelete,hybrid_alpha0.00,1337,False,0.6679,10.52,0.865314,0.763838,0.856089,0.092251,0.8319,,,,,1.0014,0.1979
cora_GCN_r0.05,GNNDelete,hybrid_alpha0.00,2024,False,0.7491,1.29,0.861624,0.793358,0.859779,0.066421,0.8134,,,,,0.7911,0.06
cora_GCN_r0.05,MEGU,random,42,False,0.8469,0.0,0.867159,0.863469,0.867159,0.00369,0.4553,,,,,0.4341,0.0004
cora_GCN_r0.05,MEGU,random,212,False,0.8561,0.0,0.865314,0.856089,0.863469,0.00738,0.4648,,,,,0.4475,0.0002
cora_GCN_r0.05,MEGU,random,722,False,0.8469,0.0,0.867159,0.869004,0.856089,-0.012915,0.4527,,,,,0.4388,0.0002
cora_GCN_r0.05,MEGU,random,1337,False,0.8487,0.0,0.865314,0.859779,0.865314,0.005535,0.4066,,,,,0.4523,0.0003
cora_GCN_r0.05,MEGU,random,2024,False,0.8432,0.0,0.861624,0.856089,0.856089,0.0,0.3999,,,,,0.4192,0.0002
cora_GCN_r0.05,MEGU,degree,42,False,0.8284,1.85,0.867159,0.861624,0.863469,0.001845,0.3088,,,,,0.3912,0.0007
cora_GCN_r0.05,MEGU,degree,212,False,0.8376,1.85,0.865314,0.856089,0.857934,0.001845,0.334,,,,,0.4371,0.0006
cora_GCN_r0.05,MEGU,degree,722,False,0.8339,1.3,0.867159,0.869004,0.865314,-0.00369,0.3143,,,,,0.4221,0.0006
cora_GCN_r0.05,MEGU,degree,1337,False,0.8284,2.03,0.865314,0.859779,0.867159,0.00738,0.3248,,,,,0.5033,0.0006
cora_GCN_r0.05,MEGU,degree,2024,False,0.8266,1.66,0.861624,0.856089,0.857934,0.001845,0.3249,,,,,0.4518,0.0006
cora_GCN_r0.05,MEGU,pagerank,42,False,0.8358,1.11,0.867159,0.861624,0.861624,0.0,0.2886,,,,,0.4493,0.063
cora_GCN_r0.05,MEGU,pagerank,212,False,0.8432,1.29,0.865314,0.856089,0.856089,0.0,0.3147,,,,,0.4357,0.0424
cora_GCN_r0.05,MEGU,pagerank,722,False,0.8339,1.3,0.867159,0.869004,0.867159,-0.001845,0.3001,,,,,0.4248,0.0478
cora_GCN_r0.05,MEGU,pagerank,1337,False,0.8321,1.66,0.865314,0.859779,0.863469,0.00369,0.3093,,,,,0.5499,0.0504
cora_GCN_r0.05,MEGU,pagerank,2024,False,0.8303,1.29,0.861624,0.856089,0.859779,0.00369,0.3055,,,,,0.4406,0.0376
cora_GCN_r0.05,MEGU,tracin,42,False,0.8561,-0.92,0.867159,0.865314,0.854244,-0.01107,0.8889,,,,,0.4309,2.6732
cora_GCN_r0.05,MEGU,tracin,212,False,0.8524,0.37,0.865314,0.861624,0.859779,-0.001845,0.8135,,,,,0.4328,2.6966
cora_GCN_r0.05,MEGU,tracin,722,False,0.8506,-0.37,0.867159,0.869004,0.859779,-0.009225,0.8703,,,,,0.4463,2.6928
cora_GCN_r0.05,MEGU,tracin,1337,False,0.8561,-0.74,0.865314,0.859779,0.848708,-0.01107,0.8516,,,,,0.4861,2.5781
cora_GCN_r0.05,MEGU,tracin,2024,False,0.8376,0.56,0.861624,0.857934,0.857934,0.0,0.8687,,,,,0.367,3.0086
cora_GCN_r0.05,MEGU,im,42,False,0.8358,1.11,0.867159,0.861624,0.857934,-0.00369,0.3967,,,,,0.4422,2.2911
cora_GCN_r0.05,MEGU,im,212,False,0.845,1.11,0.865314,0.857934,0.867159,0.009225,0.4062,,,,,0.4251,2.2911
cora_GCN_r0.05,MEGU,im,722,False,0.8395,0.74,0.867159,0.869004,0.878229,0.009225,0.4235,,,,,0.4328,2.2911
cora_GCN_r0.05,MEGU,im,1337,False,0.8358,1.29,0.865314,0.859779,0.859779,0.0,0.4154,,,,,0.4327,2.2911
cora_GCN_r0.05,MEGU,im,2024,False,0.8339,0.93,0.861624,0.857934,0.857934,0.0,0.418,,,,,0.4454,2.2911
cora_GCN_r0.05,MEGU,hybrid,42,False,0.845,0.19,0.867159,0.863469,0.859779,-0.00369,0.7227,,,,,0.4374,0.5315
cora_GCN_r0.05,MEGU,hybrid,212,False,0.8469,0.92,0.865314,0.856089,0.857934,0.001845,0.6774,,,,,0.4482,0.0446
cora_GCN_r0.05,MEGU,hybrid,722,False,0.8432,0.37,0.867159,0.867159,0.863469,-0.00369,0.6815,,,,,0.3938,0.0716
cora_GCN_r0.05,MEGU,hybrid,1337,False,0.845,0.37,0.865314,0.861624,0.857934,-0.00369,0.7163,,,,,0.3963,0.0508
cora_GCN_r0.05,MEGU,hybrid,2024,False,0.8303,1.29,0.861624,0.857934,0.859779,0.001845,0.6454,,,,,0.3282,0.0671
cora_GCN_r0.05,IDEA,random,42,False,0.8266,0.0,0.867159,0.865314,0.863469,-0.001845,0.5652,,,,,0.4294,0.0004
cora_GCN_r0.05,IDEA,random,212,False,0.8229,0.0,0.865314,0.865314,0.863469,-0.001845,0.5523,,,,,0.4003,0.0002
cora_GCN_r0.05,IDEA,random,722,False,0.8266,0.0,0.867159,0.869004,0.854244,-0.01476,0.5487,,,,,0.2255,0.0002
cora_GCN_r0.05,IDEA,random,1337,False,0.8303,0.0,0.865314,0.867159,0.865314,-0.001845,0.595,,,,,0.3897,0.0003
cora_GCN_r0.05,IDEA,random,2024,False,0.8192,0.0,0.861624,0.857934,0.850554,-0.00738,0.5871,,,,,0.4182,0.0002
cora_GCN_r0.05,IDEA,degree,42,False,0.81,1.66,0.867159,0.865314,0.856089,-0.009225,0.642,,,,,0.4143,0.001
cora_GCN_r0.05,IDEA,degree,212,False,0.8173,0.56,0.865314,0.865314,0.863469,-0.001845,0.6331,,,,,0.4175,0.0006
cora_GCN_r0.05,IDEA,degree,722,False,0.8137,1.29,0.867159,0.869004,0.863469,-0.005535,0.6517,,,,,0.3938,0.0008
cora_GCN_r0.05,IDEA,degree,1337,False,0.8192,1.11,0.865314,0.867159,0.865314,-0.001845,0.621,,,,,0.4034,0.0006
cora_GCN_r0.05,IDEA,degree,2024,False,0.8026,1.66,0.861624,0.857934,0.865314,0.00738,0.6237,,,,,0.4098,0.0005
cora_GCN_r0.05,IDEA,pagerank,42,False,0.821,0.56,0.867159,0.865314,0.857934,-0.00738,0.6674,,,,,0.3866,0.063
cora_GCN_r0.05,IDEA,pagerank,212,False,0.8266,-0.37,0.865314,0.865314,0.865314,0.0,0.6637,,,,,0.3859,0.0424
cora_GCN_r0.05,IDEA,pagerank,722,False,0.821,0.56,0.867159,0.869004,0.863469,-0.005535,0.6788,,,,,0.4198,0.0478
cora_GCN_r0.05,IDEA,pagerank,1337,False,0.8284,0.19,0.865314,0.867159,0.863469,-0.00369,0.6499,,,,,0.3881,0.0504
cora_GCN_r0.05,IDEA,pagerank,2024,False,0.81,0.92,0.861624,0.857934,0.867159,0.009225,0.6521,,,,,0.4106,0.0376
cora_GCN_r0.05,IDEA,tracin,42,False,0.8247,0.19,0.867159,0.865314,0.848708,-0.016605,0.274,,,,,0.3944,2.6732
cora_GCN_r0.05,IDEA,tracin,212,False,0.8321,-0.92,0.865314,0.865314,0.865314,0.0,0.266,,,,,0.3804,2.6966
cora_GCN_r0.05,IDEA,tracin,722,False,0.821,0.56,0.867159,0.869004,0.861624,-0.00738,0.2614,,,,,0.3975,2.6928
cora_GCN_r0.05,IDEA,tracin,1337,False,0.8321,-0.18,0.865314,0.867159,0.845018,-0.02214,0.2642,,,,,0.416,2.5781
cora_GCN_r0.05,IDEA,tracin,2024,False,0.8192,0.0,0.861624,0.857934,0.865314,0.00738,0.2501,,,,,0.4054,3.0086
cora_GCN_r0.05,IDEA,im,42,False,0.8155,1.11,0.867159,0.865314,0.859779,-0.005535,0.5838,,,,,0.4187,2.2911
cora_GCN_r0.05,IDEA,im,212,False,0.8284,-0.55,0.865314,0.865314,0.863469,-0.001845,0.5784,,,,,0.4391,2.2911
cora_GCN_r0.05,IDEA,im,722,False,0.8192,0.74,0.867159,0.869004,0.863469,-0.005535,0.5778,,,,,0.3694,2.2911
cora_GCN_r0.05,IDEA,im,1337,False,0.821,0.93,0.865314,0.867159,0.867159,0.0,0.5646,,,,,0.3731,2.2911
cora_GCN_r0.05,IDEA,im,2024,False,0.8173,0.19,0.861624,0.857934,0.867159,0.009225,0.5647,,,,,0.4159,2.2911
cora_GCN_r0.05,IDEA,hybrid,42,False,0.8247,0.19,0.867159,0.865314,0.859779,-0.005535,0.3466,,,,,0.3884,0.5315
cora_GCN_r0.05,IDEA,hybrid,212,False,0.8266,-0.37,0.865314,0.865314,0.857934,-0.00738,0.3284,,,,,0.4279,0.0446
cora_GCN_r0.05,IDEA,hybrid,722,False,0.821,0.56,0.867159,0.869004,0.857934,-0.01107,0.3238,,,,,0.3947,0.0716
cora_GCN_r0.05,IDEA,hybrid,1337,False,0.8321,-0.18,0.865314,0.867159,0.857934,-0.009225,0.3449,,,,,0.4297,0.0508
cora_GCN_r0.05,IDEA,hybrid,2024,False,0.81,0.92,0.861624,0.857934,0.861624,0.00369,0.332,,,,,0.3736,0.0671
cora_GCN_r0.05,GraphEraser,random,42,False,0.821,0.0,0.749077,0.702952,0.797048,0.094096,0.7722,,,,,7.5635,0.0004
cora_GCN_r0.05,GraphEraser,random,212,False,0.8229,0.0,0.787823,0.763838,0.780443,0.016605,0.7834,,,,,8.2778,0.0002
cora_GCN_r0.05,GraphEraser,random,722,False,0.8321,0.0,0.776753,0.758303,0.752768,-0.005535,0.7787,,,,,7.2071,0.0002
cora_GCN_r0.05,GraphEraser,random,1337,False,0.8155,0.0,0.756458,0.741697,0.730627,-0.01107,0.6716,,,,,7.3485,0.0003
cora_GCN_r0.05,GraphEraser,random,2024,False,0.8284,0.0,0.758303,0.756458,0.752768,-0.00369,0.7348,,,,,9.0954,0.0002
cora_GCN_r0.05,GraphEraser,degree,42,False,0.81,1.1,0.749077,0.702952,0.797048,0.094096,0.6573,,,,,13.7501,0.0007
cora_GCN_r0.05,GraphEraser,degree,212,False,0.8118,1.11,0.787823,0.756458,0.780443,0.023985,0.6819,,,,,7.6237,0.0007
cora_GCN_r0.05,GraphEraser,degree,722,False,0.8358,-0.37,0.776753,0.761993,0.752768,-0.009225,0.6194,,,,,7.9533,0.0008
cora_GCN_r0.05,GraphEraser,degree,1337,False,0.8192,-0.37,0.756458,0.734317,0.730627,-0.00369,0.6174,,,,,7.4276,0.0006
cora_GCN_r0.05,GraphEraser,degree,2024,False,0.8247,0.37,0.758303,0.758303,0.752768,-0.005535,0.6396,,,,,7.2706,0.0006
cora_GCN_r0.05,GraphEraser,pagerank,42,False,0.81,1.1,0.749077,0.701107,0.797048,0.095941,0.6428,,,,,9.5492,0.063
cora_GCN_r0.05,GraphEraser,pagerank,212,False,0.8155,0.74,0.787823,0.763838,0.780443,0.016605,0.6579,,,,,7.8167,0.0424
cora_GCN_r0.05,GraphEraser,pagerank,722,False,0.8303,0.18,0.776753,0.771218,0.752768,-0.01845,0.6294,,,,,8.6108,0.0478
cora_GCN_r0.05,GraphEraser,pagerank,1337,False,0.8192,-0.37,0.756458,0.734317,0.730627,-0.00369,0.6098,,,,,7.8413,0.0504
cora_GCN_r0.05,GraphEraser,pagerank,2024,False,0.8229,0.55,0.758303,0.761993,0.752768,-0.009225,0.6286,,,,,7.3669,0.0376
cora_GCN_r0.05,GraphEraser,tracin,42,False,0.8173,0.37,0.749077,0.656827,0.797048,0.140221,0.7409,,,,,8.9043,2.6732
cora_GCN_r0.05,GraphEraser,tracin,212,False,0.8284,-0.55,0.787823,0.756458,0.780443,0.023985,0.756,,,,,7.6195,2.6966
cora_GCN_r0.05,GraphEraser,tracin,722,False,0.8284,0.37,0.776753,0.747232,0.752768,0.005535,0.7322,,,,,8.7875,2.6928
cora_GCN_r0.05,GraphEraser,tracin,1337,False,0.8192,-0.37,0.756458,0.767528,0.730627,-0.0369,0.7264,,,,,8.654,2.5781
cora_GCN_r0.05,GraphEraser,tracin,2024,False,0.8247,0.37,0.758303,0.773063,0.752768,-0.020295,0.739,,,,,8.7757,3.0086
cora_GCN_r0.05,GraphEraser,im,42,False,0.8137,0.73,0.749077,0.719557,0.797048,0.077491,0.7789,,,,,7.9275,2.2911
cora_GCN_r0.05,GraphEraser,im,212,False,0.8266,-0.37,0.787823,0.765683,0.780443,0.01476,0.7819,,,,,7.1486,2.2911
cora_GCN_r0.05,GraphEraser,im,722,False,0.8303,0.18,0.776753,0.760148,0.752768,-0.00738,0.778,,,,,7.7135,2.2911
cora_GCN_r0.05,GraphEraser,im,1337,False,0.821,-0.55,0.756458,0.730627,0.730627,0.0,0.7381,,,,,7.8453,2.2911
cora_GCN_r0.05,GraphEraser,im,2024,False,0.8284,0.0,0.758303,0.782288,0.752768,-0.02952,0.7307,,,,,7.5882,2.2911
cora_GCN_r0.05,GraphEraser,hybrid,42,False,0.8137,0.73,0.749077,0.669742,0.797048,0.127306,0.751,,,,,10.8772,0.5315
cora_GCN_r0.05,GraphEraser,hybrid,212,False,0.8284,-0.55,0.787823,0.761993,0.780443,0.01845,0.7943,,,,,7.9926,0.0446
cora_GCN_r0.05,GraphEraser,hybrid,722,False,0.8284,0.37,0.776753,0.752768,0.752768,0.0,0.8217,,,,,8.0655,0.0716
cora_GCN_r0.05,GraphEraser,hybrid,1337,False,0.821,-0.55,0.756458,0.765683,0.730627,-0.035055,0.7486,,,,,6.7845,0.0508
cora_GCN_r0.05,GraphEraser,hybrid,2024,False,0.8137,1.47,0.758303,0.760148,0.752768,-0.00738,0.8333,,,,,8.0874,0.0671
cora_GCN_r0.05,GraphRevoker,random,42,False,0.7251,0.0,0.581181,0.568266,0.54428,-0.023985,0.8434,,,,,4.4812,0.0004
cora_GCN_r0.05,GraphRevoker,random,212,False,0.7196,0.0,0.564576,0.584871,0.616236,0.031365,0.8882,,,,,4.1997,0.0002
cora_GCN_r0.05,GraphRevoker,random,722,False,0.7196,0.0,0.592251,0.586716,0.566421,-0.020295,0.8724,,,,,4.4976,0.0002
cora_GCN_r0.05,GraphRevoker,random,1337,False,0.714,0.0,0.54797,0.601476,0.520295,-0.081181,0.8646,,,,,4.7406,0.0003
cora_GCN_r0.05,GraphRevoker,random,2024,False,0.7232,0.0,0.601476,0.570111,0.559041,-0.01107,0.8842,,,,,4.6495,0.0002
cora_GCN_r0.05,GraphRevoker,degree,42,False,0.7177,0.74,0.583026,0.566421,0.612546,0.046125,0.7654,,,,,4.9801,0.0006
cora_GCN_r0.05,GraphRevoker,degree,212,False,0.7288,-0.92,0.577491,0.594096,0.595941,0.001845,0.8121,,,,,4.3595,0.0006
cora_GCN_r0.05,GraphRevoker,degree,722,False,0.7177,0.19,0.608856,0.594096,0.553506,-0.04059,0.768,,,,,4.5761,0.0011
cora_GCN_r0.05,GraphRevoker,degree,1337,False,0.7196,-0.56,0.621771,0.623616,0.629151,0.005535,0.7689,,,,,4.6493,0.0008
cora_GCN_r0.05,GraphRevoker,degree,2024,False,0.7122,1.1,0.52583,0.577491,0.583026,0.005535,0.7484,,,,,4.1947,0.0015
cora_GCN_r0.05,GraphRevoker,pagerank,42,False,0.7103,1.48,0.614391,0.564576,0.594096,0.02952,0.7751,,,,,5.6022,0.063
cora_GCN_r0.05,GraphRevoker,pagerank,212,False,0.7269,-0.73,0.564576,0.651292,0.610701,-0.04059,0.7566,,,,,4.619,0.0424
cora_GCN_r0.05,GraphRevoker,pagerank,722,False,0.7214,-0.18,0.614391,0.571956,0.579336,0.00738,0.811,,,,,4.2692,0.0478
cora_GCN_r0.05,GraphRevoker,pagerank,1337,False,0.7085,0.55,0.573801,0.618081,0.603321,-0.01476,0.8278,,,,,4.2089,0.0504
cora_GCN_r0.05,GraphRevoker,pagerank,2024,False,0.7177,0.55,0.577491,0.595941,0.632841,0.0369,0.8051,,,,,4.1756,0.0376
cora_GCN_r0.05,GraphRevoker,tracin,42,False,0.7066,1.85,0.607011,0.595941,0.581181,-0.01476,0.8029,,,,,5.3501,2.6732
cora_GCN_r0.05,GraphRevoker,tracin,212,False,0.7288,-0.92,0.564576,0.630996,0.570111,-0.060886,0.7995,,,,,5.4382,2.6966
cora_GCN_r0.05,GraphRevoker,tracin,722,False,0.7214,-0.18,0.597786,0.608856,0.566421,-0.042435,0.8202,,,,,5.4427,2.6928
cora_GCN_r0.05,GraphRevoker,tracin,1337,False,0.7196,-0.56,0.557196,0.616236,0.629151,0.012915,0.7582,,,,,4.5328,2.5781
cora_GCN_r0.05,GraphRevoker,tracin,2024,False,0.7269,-0.37,0.599631,0.573801,0.619926,0.046125,0.8281,,,,,4.0917,3.0086
cora_GCN_r0.05,GraphRevoker,im,42,False,0.7085,1.66,0.597786,0.549815,0.564576,0.01476,0.8178,,,,,4.6331,2.2911
cora_GCN_r0.05,GraphRevoker,im,212,False,0.7177,0.19,0.573801,0.618081,0.619926,0.001845,0.8237,,,,,6.2002,2.2911
cora_GCN_r0.05,GraphRevoker,im,722,False,0.7269,-0.73,0.603321,0.54059,0.590406,0.049815,0.8386,,,,,5.1615,2.2911
cora_GCN_r0.05,GraphRevoker,im,1337,False,0.7159,-0.19,0.592251,0.621771,0.553506,-0.068266,0.8407,,,,,4.6037,2.2911
cora_GCN_r0.05,GraphRevoker,im,2024,False,0.7232,0.0,0.562731,0.560886,0.619926,0.059041,0.8111,,,,,4.3172,2.2911
cora_GCN_r0.05,GraphRevoker,hybrid,42,False,0.7103,1.48,0.594096,0.584871,0.575646,-0.009225,0.7858,,,,,4.4056,0.5315
cora_GCN_r0.05,GraphRevoker,hybrid,212,False,0.7251,-0.55,0.564576,0.632841,0.614391,-0.01845,0.7818,,,,,4.2272,0.0446
cora_GCN_r0.05,GraphRevoker,hybrid,722,False,0.7232,-0.36,0.608856,0.573801,0.570111,-0.00369,0.8209,,,,,4.9311,0.0716
cora_GCN_r0.05,GraphRevoker,hybrid,1337,False,0.7196,-0.56,0.568266,0.640221,0.599631,-0.04059,0.7919,,,,,5.8743,0.0508
cora_GCN_r0.05,GraphRevoker,hybrid,2024,False,0.7196,0.36,0.559041,0.601476,0.546125,-0.055351,0.823,,,,,4.4355,0.0671
