dataset,method,selector,n,train_sd,after,before,drop,gap,flip,relative_random
CiteSeer,GIF,degree,3,0.22935814289068804,74.57457457457458,74.62462462462463,0.050050050050050775,-0.45045045045045323,4.854854854854855,-0.020020020020017643
CiteSeer,GIF,gt_full,3,0.17337845921609968,75.02502502502502,74.62462462462463,-0.4004004004004025,0.20020020020019938,5.555555555555555,0.43043043043042434
CiteSeer,GIF,pagerank,3,0.3972599566163007,74.62462462462463,74.62462462462463,-3.700743415417189e-15,0.05005005005005447,5.355355355355355,0.030030030030033572
CiteSeer,GIF,r_point,3,0.08668922960805393,75.02502502502503,74.62462462462463,-0.40040040040039876,0.10010010010009784,7.407407407407407,0.4304304304304291
CiteSeer,GIF,random,30,0.5268109547401955,74.5945945945946,74.62462462462463,0.030030030030029724,-0.29029029029029,4.664664664664665,4.736951571734001e-16
CiteSeer,GIF,rr_16384,9,0.35153999842684797,74.59125792459126,74.62462462462463,0.03336670003336595,-0.6006006006005982,5.121788455121789,-0.0033366700033339055
CiteSeer,GIF,rr_4096,9,0.5304675707569021,74.657991324658,74.62462462462463,-0.03336670003336718,-0.5672339005672334,4.988321654988321,0.06339673006339631
CiteSeer,GIF,rr_65536,9,0.42567069810387076,74.74140807474141,74.62462462462463,-0.11678345011678266,-0.7340674007340682,5.071738405071739,0.14681348014681184
CiteSeer,GNNDelete,degree,3,1.3624281870686836,74.37437437437437,74.62462462462463,0.25025025025025016,-0.6506506506506526,9.45945945945946,-0.41541541541541466
CiteSeer,GNNDelete,gt_full,3,0.6880744286720424,75.07507507507508,74.62462462462463,-0.45045045045044957,0.25025025025024644,10.61061061061061,0.2852852852852834
CiteSeer,GNNDelete,pagerank,3,0.7705107266436786,74.22422422422423,74.62462462462463,0.4004004004004025,-0.3503503503503517,10.36036036036036,-0.5655655655655636
CiteSeer,GNNDelete,r_point,3,0.3778695913548946,75.27527527527528,74.62462462462463,-0.6506506506506526,0.3503503503503517,9.95995995995996,0.48548548548548354
CiteSeer,GNNDelete,random,30,0.6247040259073536,74.7897897897898,74.62462462462463,-0.16516516516516533,-0.09509509509509499,8.383383383383384,4.736951571734001e-16
CiteSeer,GNNDelete,rr_16384,9,0.590081387515098,73.62362362362363,74.62462462462463,1.0010010010010006,-1.5682349015682329,11.16116116116116,-1.1661661661661624
CiteSeer,GNNDelete,rr_4096,9,1.589039826465219,74.07407407407408,74.62462462462463,0.5505505505505511,-1.1511511511511516,11.027694361027693,-0.7157157157157157
CiteSeer,GNNDelete,rr_65536,9,0.44859291490653236,75.40874207540874,74.62462462462463,-0.7841174507841189,-0.0667334000667319,8.90890890890891,0.6189522856189534
CiteSeer,GraphEraser,degree,3,0.3778695913548946,75.27527527527528,75.42542542542543,0.15015015015015232,0.25025025025025016,18.81881881881882,0.29029029029028663
CiteSeer,GraphEraser,gt_full,3,0.2600676888241536,74.92492492492492,75.42542542542543,0.5005005005005078,0.10010010010009414,20.17017017017017,-0.06006006006005767
CiteSeer,GraphEraser,pagerank,3,0.3125624623823015,74.82482482482483,75.42542542542543,0.6006006006006056,0.25025025025025016,19.46946946946947,-0.1601601601601601
CiteSeer,GraphEraser,r_point,3,0.5413740653849822,75.52552552552552,75.42542542542543,-0.10010010010009784,0.6006006006006018,18.31831831831832,0.540540540540538
CiteSeer,GraphEraser,random,30,0.40317482228520507,74.98498498498499,75.42542542542543,0.44044044044044384,0.1001001001001008,18.873873873873876,0.0
CiteSeer,GraphEraser,rr_16384,9,0.23652730862124832,75.19185852519186,75.42542542542543,0.23356690023357274,0.0,19.436102769436104,0.20687354020686952
CiteSeer,GraphEraser,rr_4096,9,0.4809321089556095,74.79145812479146,75.42542542542543,0.6339673006339703,-0.433767100433766,19.31931931931932,-0.1935268601935244
CiteSeer,GraphEraser,rr_65536,9,0.16088840108429683,74.94160827494161,75.42542542542543,0.4838171504838217,-0.5338672005338675,18.651985318651985,-0.04337671004337551
CiteSeer,GraphRevoker,degree,3,1.6055070002347753,73.37337337337337,72.82282282282283,-0.5505505505505511,-1.6516516516516533,19.61961961961962,0.5055055055054964
CiteSeer,GraphRevoker,gt_full,3,1.6921062566943896,72.52252252252252,72.82282282282283,0.3003003003003009,-2.302302302302306,21.67167167167167,-0.34534534534534583
CiteSeer,GraphRevoker,pagerank,3,1.0510510510510542,72.97297297297297,72.82282282282283,-0.15015015015015232,-1.6016016016015988,21.22122122122122,0.10510510510510092
CiteSeer,GraphRevoker,r_point,3,1.1269599849046728,72.62262262262263,72.82282282282283,0.20020020020019938,-2.3023023023023024,20.47047047047047,-0.24524524524524813
CiteSeer,GraphRevoker,random,30,1.1573255659185082,72.86786786786787,72.82282282282283,-0.04504504504504533,-2.0170170170170167,20.7007007007007,-4.263256414560601e-15
CiteSeer,GraphRevoker,rr_16384,9,1.5686785449337994,72.78945612278946,72.82282282282283,0.03336670003336595,-2.4024024024024,20.653987320653986,-0.07841174507841547
CiteSeer,GraphRevoker,rr_4096,9,1.3624281870686923,72.72272272272272,72.82282282282283,0.10010010010009908,-2.5025025025025016,21.304637971304636,-0.14514514514514726
CiteSeer,GraphRevoker,rr_65536,9,1.3345637263236716,73.07307307307308,72.82282282282283,-0.25025025025025016,-2.4024024024024024,20.42042042042042,0.2052052052052002
CiteSeer,IDEA,degree,3,0.22935814289068804,74.57457457457458,74.62462462462463,0.050050050050050775,-0.45045045045045323,4.854854854854855,-0.020020020020017643
CiteSeer,IDEA,gt_full,3,0.17337845921609968,75.02502502502502,74.62462462462463,-0.4004004004004025,0.20020020020019938,5.555555555555555,0.43043043043042434
CiteSeer,IDEA,pagerank,3,0.3972599566163007,74.62462462462463,74.62462462462463,-3.700743415417189e-15,0.05005005005005447,5.355355355355355,0.030030030030033572
CiteSeer,IDEA,r_point,3,0.08668922960805393,75.02502502502503,74.62462462462463,-0.40040040040039876,0.10010010010009784,7.407407407407407,0.4304304304304291
CiteSeer,IDEA,random,30,0.5268109547401955,74.5945945945946,74.62462462462463,0.030030030030029724,-0.29029029029029,4.664664664664665,4.736951571734001e-16
CiteSeer,IDEA,rr_16384,9,0.35153999842684797,74.59125792459126,74.62462462462463,0.03336670003336595,-0.6006006006005982,5.121788455121789,-0.0033366700033339055
CiteSeer,IDEA,rr_4096,9,0.5304675707569021,74.657991324658,74.62462462462463,-0.03336670003336718,-0.5672339005672334,4.988321654988321,0.06339673006339631
CiteSeer,IDEA,rr_65536,9,0.42567069810387076,74.74140807474141,74.62462462462463,-0.11678345011678266,-0.7340674007340682,5.071738405071739,0.14681348014681184
CiteSeer,MEGU,degree,3,0.654489330861957,74.62462462462463,74.62462462462463,0.0,-0.4004004004004025,5.555555555555555,0.5805805805805827
CiteSeer,MEGU,gt_full,3,0.9653304065057995,73.82382382382383,74.62462462462463,0.8008008008007975,-1.0010010010010006,8.258258258258259,-0.22022022022021778
CiteSeer,MEGU,pagerank,3,0.6880744286720486,74.32432432432432,74.62462462462463,0.3003003003003009,-0.25025025025025016,5.905905905905906,0.2802802802802849
CiteSeer,MEGU,r_point,3,1.504001922053723,74.27427427427428,74.62462462462463,0.3503503503503517,-0.6506506506506526,9.20920920920921,0.23023023023022895
CiteSeer,MEGU,random,30,0.6234998921241642,74.04404404404404,74.62462462462463,0.58058058058058,-0.8408408408408404,6.171171171171171,3.789561257387201e-15
CiteSeer,MEGU,rr_16384,9,0.611621714375152,74.2575909242576,74.62462462462463,0.3670337003670328,-0.9342676009342651,6.3730397063730395,0.21354688021354995
CiteSeer,MEGU,rr_4096,9,0.6953175169894792,74.22422422422423,74.62462462462463,0.40040040040040004,-1.0010010010010006,6.790123456790123,0.18018018018018406
CiteSeer,MEGU,rr_65536,9,0.6664993111590918,74.55789122455789,74.62462462462463,0.06673340006673313,-0.9175842509175839,6.022689356022689,0.5138471805138509
CiteSeer,Retrain,degree,3,0.5684592938738983,75.02502502502503,,,,,0.1401401401401472
CiteSeer,Retrain,gt_full,3,1.504001922053725,74.82482482482483,,,,,-0.06006006006005767
CiteSeer,Retrain,pagerank,3,0.6770645274508797,74.57457457457457,,,,,-0.31031031031030903
CiteSeer,Retrain,r_point,3,0.9376873871468989,74.92492492492492,,,,,0.040040040040044765
CiteSeer,Retrain,random,30,0.125024984952914,74.88488488488488,,,,,2.3684757858670005e-15
CiteSeer,Retrain,rr_16384,9,0.3822635714844656,75.19185852519186,,,,,0.30697364030697355
CiteSeer,Retrain,rr_4096,9,0.4363262205746402,75.22522522522523,,,,,0.3403403403403426
CiteSeer,Retrain,rr_65536,9,0.1324199855387669,75.47547547547548,,,,,0.5905905905905892
Cora,GIF,degree,3,0.1065221898873821,90.34440344403443,90.09840098400984,-0.24600246002459691,0.36900369003689537,3.7515375153751536,0.2275522755227494
Cora,GIF,gt_full,3,0.7681424352273515,89.60639606396064,90.09840098400984,0.4920049200492012,-0.18450184501845138,4.120541205412054,-0.5104551045510419
Cora,GIF,pagerank,3,0.2818312235520187,90.34440344403444,90.09840098400984,-0.2460024600246006,0.2460024600246006,3.9360393603936035,0.22755227552275414
Cora,GIF,r_point,3,0.21304437977477242,89.91389913899138,90.09840098400984,0.18450184501845138,1.1685116851168538,6.396063960639606,-0.20295202952029476
Cora,GIF,random,30,0.31111045190507786,90.11685116851169,90.09840098400984,-0.018450184501844397,0.3567035670356711,2.4907749077490773,-4.736951571734001e-16
Cora,GIF,rr_16384,9,0.19769681756852522,90.32390323903239,90.09840098400984,-0.22550225502254964,1.1275112751127532,3.731037310373104,0.20705207052070307
Cora,GIF,rr_4096,9,0.29064056742021105,90.24190241902419,90.09840098400984,-0.14350143501434942,0.8200082000820008,3.4850348503485034,0.12505125051250351
Cora,GIF,rr_65536,9,0.18788748236800729,90.30340303403034,90.09840098400984,-0.2050020500204999,0.9635096350963527,3.9565395653956537,0.18655186551865358
Cora,GNNDelete,degree,3,3.663805906176251,71.09471094710948,90.09840098400984,19.00369003690037,-18.880688806888074,24.846248462484624,-4.59409594095941
Cora,GNNDelete,gt_full,3,1.1861809054111896,69.61869618696187,90.09840098400984,20.479704797047972,-20.17220172201722,28.290282902829027,-6.070110701107008
Cora,GNNDelete,pagerank,3,4.854654581024817,72.93972939729397,90.09840098400984,17.15867158671587,-17.15867158671587,22.570725707257072,-2.7490774907749085
Cora,GNNDelete,r_point,3,3.626450919509362,78.10578105781057,90.09840098400984,11.992619926199263,-10.639606396063957,20.54120541205412,2.4169741697416973
Cora,GNNDelete,random,30,2.4023765067491922,75.68880688806888,90.09840098400984,14.40959409594096,-14.071340713407134,19.49569495694957,-1.8947806286936005e-15
Cora,GNNDelete,rr_16384,9,0.46567514110702807,72.24272242722428,90.09840098400984,17.855678556785566,-16.953669536695365,24.067240672406726,-3.4460844608446086
Cora,GNNDelete,rr_4096,9,2.7048620251021758,70.64370643706437,90.09840098400984,19.454694546945472,-18.77818778187782,25.379253792537927,-5.045100451004513
Cora,GNNDelete,rr_65536,9,3.29262905244994,73.90323903239033,90.09840098400984,16.195161951619518,-15.436654366543666,21.95571955719557,-1.7855678556785568
Cora,GraphEraser,degree,3,0.639133139324309,85.05535055350553,85.91635916359164,0.861008610086104,-4.9200492004920084,12.546125461254613,-0.17835178351783534
Cora,GraphEraser,gt_full,3,0.7456553292116964,85.30135301353013,85.91635916359164,0.6150061500615034,-4.489544895448956,12.915129151291513,0.06765067650676333
Cora,GraphEraser,pagerank,3,0.7380073800738032,84.68634686346863,85.91635916359164,1.2300123001230068,-5.41205412054121,12.915129151291513,-0.5473554735547405
Cora,GraphEraser,r_point,3,0.8042248973322234,85.05535055350553,85.91635916359164,0.861008610086104,-3.690036900369002,12.607626076260763,-0.17835178351783534
Cora,GraphEraser,random,30,0.6402860897946681,85.23370233702337,85.91635916359164,0.6826568265682657,-4.526445264452642,13.665436654366543,-4.736951571734001e-16
Cora,GraphEraser,rr_16384,9,0.6160303075570551,84.78884788847888,85.91635916359164,1.1275112751127532,-4.407544075440753,13.468634686346864,-0.44485444854448986
Cora,GraphEraser,rr_4096,9,1.278759341840974,84.60434604346044,85.91635916359164,1.3120131201312033,-4.817548175481755,14.042640426404263,-0.6293562935629401
Cora,GraphEraser,rr_65536,9,0.9467899334772902,84.99384993849938,85.91635916359164,0.9225092250922532,-4.346043460434603,13.858138581385814,-0.23985239852398857
Cora,GraphRevoker,degree,3,7.040141707874143,68.45018450184502,71.89421894218943,3.444034440344401,-21.52521525215252,29.704797047970477,-1.5744157441574391
Cora,GraphRevoker,gt_full,3,6.281197243745092,67.15867158671587,71.89421894218943,4.735547355473553,-22.63222632226322,31.242312423124233,-2.8659286592865882
Cora,GraphRevoker,pagerank,3,5.170442695444948,68.51168511685117,71.89421894218943,3.382533825338256,-21.586715867158677,29.33579335793358,-1.5129151291512908
Cora,GraphRevoker,r_point,3,9.853734401835869,66.17466174661747,71.89421894218943,5.719557195571952,-22.57072570725707,32.349323493234934,-3.8499384993849852
Cora,GraphRevoker,random,30,4.780140988524546,70.02460024600246,71.89421894218943,1.869618696186962,-19.735547355473557,28.542435424354245,9.473903143468002e-16
Cora,GraphRevoker,rr_16384,9,5.384846253931849,68.98318983189831,71.89421894218943,2.9110291102911017,-20.21320213202132,29.23329233292333,-1.041410414104139
Cora,GraphRevoker,rr_4096,9,5.592950372455429,68.83968839688397,71.89421894218943,3.0545305453054548,-20.582205822058224,30.13530135301353,-1.1849118491184916
Cora,GraphRevoker,rr_65536,9,5.474706311318136,68.59368593685937,71.89421894218943,3.3005330053300543,-20.746207462074622,29.725297252972528,-1.4309143091430903
Cora,IDEA,degree,3,0.1065221898873821,90.34440344403443,90.09840098400984,-0.24600246002459691,0.36900369003689537,3.7515375153751536,0.2275522755227494
Cora,IDEA,gt_full,3,0.7681424352273515,89.60639606396064,90.09840098400984,0.4920049200492012,-0.18450184501845138,4.120541205412054,-0.5104551045510419
Cora,IDEA,pagerank,3,0.2818312235520187,90.34440344403444,90.09840098400984,-0.2460024600246006,0.2460024600246006,3.9360393603936035,0.22755227552275414
Cora,IDEA,r_point,3,0.21304437977477242,89.91389913899138,90.09840098400984,0.18450184501845138,1.1685116851168538,6.396063960639606,-0.20295202952029476
Cora,IDEA,random,30,0.31111045190507786,90.11685116851169,90.09840098400984,-0.018450184501844397,0.3567035670356711,2.4907749077490773,-4.736951571734001e-16
Cora,IDEA,rr_16384,9,0.19769681756852522,90.32390323903239,90.09840098400984,-0.22550225502254964,1.1275112751127532,3.731037310373104,0.20705207052070307
Cora,IDEA,rr_4096,9,0.29064056742021105,90.24190241902419,90.09840098400984,-0.14350143501434942,0.8200082000820008,3.4850348503485034,0.12505125051250351
Cora,IDEA,rr_65536,9,0.18788748236800729,90.30340303403034,90.09840098400984,-0.2050020500204999,0.9635096350963527,3.9565395653956537,0.18655186551865358
Cora,MEGU,degree,3,0.18450184501845257,89.85239852398524,90.09840098400984,0.2460024600246006,-0.12300123001230216,5.596555965559656,0.4489544895448887
Cora,MEGU,gt_full,3,0.6652308626317291,89.48339483394834,90.09840098400984,0.6150061500615034,-0.3075030750307535,5.596555965559655,0.0799507995079883
Cora,MEGU,pagerank,3,0.4643194609637555,89.91389913899138,90.09840098400984,0.18450184501845138,-0.18450184501845138,5.227552275522755,0.5104551045510372
Cora,MEGU,r_point,3,0.4260887595495366,89.72939729397294,90.09840098400984,0.36900369003690275,0.9840098400984024,5.842558425584255,0.32595325953258697
Cora,MEGU,random,30,0.45281328743419014,89.40344403444034,90.09840098400984,0.694956949569497,-0.35670356703567035,4.2619926199261995,-4.263256414560601e-15
Cora,MEGU,rr_16384,9,0.31559664449242286,89.70889708897089,90.09840098400984,0.3895038950389525,0.512505125051251,4.674046740467404,0.3054530545305375
Cora,MEGU,rr_4096,9,0.4001480380472142,89.27839278392784,90.09840098400984,0.8200082000820033,-0.1435014350143519,4.8790487904879045,-0.12505125051250982
Cora,MEGU,rr_65536,9,0.5466294229591369,89.4218942189422,90.09840098400984,0.6765067650676502,0.08200082000820268,4.7765477654776545,0.018450184501842968
Cora,Retrain,degree,3,0.1065221898873821,89.97539975399754,,,,,0.21525215252152444
Cora,Retrain,gt_full,3,0.2818312235520202,89.79089790897909,,,,,0.030750307503074243
Cora,Retrain,pagerank,3,0.2130443797747642,90.09840098400984,,,,,0.3382533825338214
Cora,Retrain,r_point,3,0.3195665696621545,88.74538745387454,,,,,-1.0147601476014785
Cora,Retrain,random,30,0.13929583828913125,89.760147601476,,,,,-2.3684757858670005e-15
Cora,Retrain,rr_16384,9,0.1280237392045658,89.19639196391964,,,,,-0.5637556375563769
Cora,Retrain,rr_4096,9,0.10652218988738621,89.42189421894219,,,,,-0.33825338253382614
Cora,Retrain,rr_65536,9,0.3095463073091747,89.339893398934,,,,,-0.4202542025420273
PubMed,GIF,degree,3,0.3046115836872911,88.29445571331982,88.48039215686275,0.18593644354293337,-0.456389452332658,3.0172413793103448,-0.1639621365787652
PubMed,GIF,gt_full,3,0.5614470480136058,87.51690331304935,88.48039215686275,0.9634888438133871,1.0311020960108164,3.363759296822177,-0.9415145368492214
PubMed,GIF,pagerank,3,0.2938698216821178,88.31981068289384,88.48039215686275,0.16058147396890154,0.07606490872210288,3.456727518593645,-0.13860716700473574
PubMed,GIF,r_point,3,0.6058723704537794,87.7789046653144,88.48039215686275,0.7014874915483397,1.6649763353617342,4.048343475321163,-0.6795131845841761
PubMed,GIF,random,30,0.1537272453471029,88.45841784989858,88.48039215686275,0.021974306964164986,-0.054090601757944924,2.1213657876943883,9.473903143468002e-16
PubMed,GIF,rr_16384,9,0.14888675075190158,88.45785440613027,88.48039215686275,0.022537750732476436,0.09015100292990698,2.769326121253099,-0.0005634437683110289
PubMed,GIF,rr_4096,9,0.1586421932082585,88.45221996844715,88.48039215686275,0.028172188415597085,0.03944106378183346,2.0903763804372324,-0.006197881451430792
PubMed,GIF,rr_65536,9,0.14450437912138214,88.43531665539778,88.48039215686275,0.04507550146495411,0.05352715798963138,2.2537750732476898,-0.02310119450079008
PubMed,GNNDelete,degree,3,0.3656745715480773,87.11967545638946,88.48039215686275,1.360716700473293,-1.6311697092630177,5.645706558485463,0.5468221771467228
PubMed,GNNDelete,gt_full,3,0.19142582239530714,87.06896551724138,88.48039215686275,1.4114266396213677,0.5831643002028356,9.702501690331305,0.4961122379986496
PubMed,GNNDelete,pagerank,3,0.4509574567935775,87.07741717376605,88.48039215686275,1.4029749830966904,-1.166328600405686,6.347194050033806,0.5045638945233198
PubMed,GNNDelete,r_point,3,1.0062441598876453,87.32251521298174,88.48039215686275,1.1578769438810015,1.2085868830290725,7.885395537525355,0.7496619337390106
PubMed,GNNDelete,random,30,0.3106820201709195,86.57285327924274,88.48039215686275,1.9075388776200137,-1.9396551724137938,6.22210953346856,1.4210854715202005e-15
PubMed,GNNDelete,rr_16384,9,0.8707394076624269,84.84336263240928,88.48039215686275,3.6370295244534585,-3.524340770791075,9.21512283074149,-1.729490646833445
PubMed,GNNDelete,rr_4096,9,0.4189612676362641,85.87446472842011,88.48039215686275,2.605927428442642,-2.538314176245212,7.443092179400495,-0.6983885508226264
PubMed,GNNDelete,rr_65536,9,2.045306699664087,83.47982871309443,88.48039215686275,5.000563443768311,-4.901960784313725,11.085756141537074,-3.093024566148295
PubMed,GraphEraser,degree,3,0.07319349254432254,87.16193373901285,87.28870858688303,0.12677484787017765,-1.5889114266396203,6.896551724137931,0.04648411088573804
PubMed,GraphEraser,gt_full,3,0.09141864288701883,86.53651115618662,87.28870858688303,0.7521974306964108,0.050709939148074756,8.291075050709939,-0.5789384719404987
PubMed,GraphEraser,pagerank,3,0.1662636542672928,87.19574036511156,87.28870858688303,0.09296822177146484,-1.0480054090601783,7.378296146044625,0.08029073698445188
PubMed,GraphEraser,r_point,3,0.15283249932408027,85.9448951994591,87.28870858688303,1.343813387423931,-0.16903313049357513,8.105138607167005,-1.1705544286680123
PubMed,GraphEraser,random,30,0.0882823971015573,87.11544962812711,87.28870858688303,0.17325895875591413,-1.397058823529412,7.681710615280595,0.0
PubMed,GraphEraser,rr_16384,9,0.07286746200348401,86.97318007662835,87.28870858688303,0.3155285102546738,-1.3945233265720083,8.006535947712418,-0.1422695514987614
PubMed,GraphEraser,rr_4096,9,0.04472196266167306,87.05206220419203,87.28870858688303,0.23664638269100566,-1.360716700473293,7.91920216362407,-0.0633874239350926
PubMed,GraphEraser,rr_65536,9,0.05627390228599849,87.0041694838855,87.28870858688303,0.2845391029975201,-1.3776200135226526,7.7501690331304935,-0.11128014424160743
PubMed,GraphRevoker,degree,3,0.2126393783875739,86.77315753887763,86.68018931710616,-0.09296822177146853,-1.9776876267748489,7.682555780933063,0.20960108181203907
PubMed,GraphRevoker,gt_full,3,0.23558755687569194,85.80966869506423,86.68018931710616,0.8705206220419185,-0.6761325219743078,8.477011494252874,-0.7538877620013457
PubMed,GraphRevoker,pagerank,3,0.3325273085345878,86.76470588235294,86.68018931710616,-0.08451656524679126,-1.479039891818797,7.800878972278566,0.20114942528735943
PubMed,GraphRevoker,r_point,3,0.29386982168211495,85.35327924273159,86.68018931710616,1.3269100743745728,-0.7606490872210917,8.50236646382691,-1.210277214333999
PubMed,GraphRevoker,random,30,0.15990391198488763,86.56355645706559,86.68018931710616,0.11663286004056861,-1.9489519945909413,8.076402974983097,9.473903143468002e-16
PubMed,GraphRevoker,rr_16384,9,0.1368890084883552,86.45762902862295,86.68018931710616,0.2225602884832102,-1.9100743745774196,8.347419427541132,-0.1059274284426408
PubMed,GraphRevoker,rr_4096,9,0.012910118590703443,86.54214559386973,86.68018931710616,0.13804372323642142,-1.8706333107955837,8.372774397115169,-0.021410863195852257
PubMed,GraphRevoker,rr_65536,9,0.13478559515332247,86.53369393734505,86.68018931710616,0.14649537976110238,-1.8480955600631097,8.27417173766058,-0.029862519720531902
PubMed,IDEA,degree,3,0.3046115836872911,88.29445571331982,88.48039215686275,0.18593644354293337,-0.456389452332658,3.0172413793103448,-0.1639621365787652
PubMed,IDEA,gt_full,3,0.5614470480136058,87.51690331304935,88.48039215686275,0.9634888438133871,1.0311020960108164,3.363759296822177,-0.9415145368492214
PubMed,IDEA,pagerank,3,0.2938698216821178,88.31981068289384,88.48039215686275,0.16058147396890154,0.07606490872210288,3.456727518593645,-0.13860716700473574
PubMed,IDEA,r_point,3,0.6058723704537794,87.7789046653144,88.48039215686275,0.7014874915483397,1.6649763353617342,4.048343475321163,-0.6795131845841761
PubMed,IDEA,random,30,0.1537272453471029,88.45841784989858,88.48039215686275,0.021974306964164986,-0.054090601757944924,2.1213657876943883,9.473903143468002e-16
PubMed,IDEA,rr_16384,9,0.14888675075190158,88.45785440613027,88.48039215686275,0.022537750732476436,0.09015100292990698,2.769326121253099,-0.0005634437683110289
PubMed,IDEA,rr_4096,9,0.1586421932082585,88.45221996844715,88.48039215686275,0.028172188415597085,0.03944106378183346,2.0903763804372324,-0.006197881451430792
PubMed,IDEA,rr_65536,9,0.14450437912138214,88.43531665539778,88.48039215686275,0.04507550146495411,0.05352715798963138,2.2537750732476898,-0.02310119450079008
PubMed,MEGU,degree,3,0.10247088956204897,86.57876943881,88.48039215686275,1.9016227180527423,-2.172075726842467,5.59499661933739,-0.26200135226505
PubMed,MEGU,gt_full,3,0.17258771007996565,86.64638269100743,88.48039215686275,1.8340094658553057,0.16058147396889785,7.77552400270453,-0.19438810006761761
PubMed,MEGU,pagerank,3,0.13964428365329787,86.6210277214334,88.48039215686275,1.8593644354293448,-1.6227180527383405,5.637254901960784,-0.2197430696416518
PubMed,MEGU,r_point,3,0.1756643821063774,86.66328600405679,88.48039215686275,1.8171061528059547,0.5493576741041192,7.34448951994591,-0.17748478701826306
PubMed,MEGU,random,30,0.27640405831464004,86.84077079107504,88.48039215686275,1.639621365787695,-1.6717376605814749,5.234110885733604,-3.789561257387201e-15
PubMed,MEGU,rr_16384,9,0.16697815542864025,86.7956952896101,88.48039215686275,1.684696867252649,-1.5720081135902657,5.363984674329502,-0.04507550146496126
PubMed,MEGU,rr_4096,9,0.2535966450409723,86.89711516790625,88.48039215686275,1.5832769889565008,-1.5156637367590702,5.2315753887762,0.05634437683118973
PubMed,MEGU,rr_65536,9,0.24732229269426526,86.79287807076854,88.48039215686275,1.6875140860942082,-1.5889114266396227,5.135789948163174,-0.0478927203065164
PubMed,Retrain,degree,3,0.03873035577211188,88.75084516565248,,,,,0.2383367139959489
PubMed,Retrain,gt_full,3,0.70993914807302,86.48580121703854,,,,,-2.026707234617978
PubMed,Retrain,pagerank,3,0.29386982168211495,88.24374577417174,,,,,-0.2687626774847871
PubMed,Retrain,r_point,3,0.6212398737639254,86.11392832995267,,,,,-2.398580121703849
PubMed,Retrain,random,30,0.05463589032756826,88.51250845165653,,,,,1.4210854715202005e-15
PubMed,Retrain,rr_16384,9,0.07668840201045804,88.36770340320037,,,,,-0.1448050484561618
PubMed,Retrain,rr_4096,9,0.15652686931585974,88.41277890466532,,,,,-0.09972954699121
PubMed,Retrain,rr_65536,9,0.03811063009485604,88.38178949740816,,,,,-0.13071895424836555
