dataset,budget_ratio,selector,reference,n_paired_training_seeds,test_accuracy_difference_pp,paired_sample_sd_pp,lower/equal/higher
Cora,0.01,degree,degree,3,0.0,0.0,equal
Cora,0.01,degree,random,3,0.0,0.4881459983514044,equal
Cora,0.01,gt_full,degree,3,0.06150061500614923,0.5326109494369266,higher
Cora,0.01,gt_full,random,3,0.06150061500614923,0.4260887595495335,higher
Cora,0.01,gt_full_all_trainable,degree,3,-0.12300123001230216,0.5636624471040378,lower
Cora,0.01,gt_full_all_trainable,random,3,-0.12300123001230216,0.5930904527055898,lower
Cora,0.01,gt_full_all_trainable_hops3,degree,3,0.0,0.6391331393243099,equal
Cora,0.01,gt_full_all_trainable_hops3,random,3,0.0,0.4881459983513939,equal
Cora,0.01,gt_full_sgc_all_trainable_hops3,degree,3,0.0,0.5535055350553542,equal
Cora,0.01,gt_full_sgc_all_trainable_hops3,random,3,0.0,0.18450184501844769,equal
Cora,0.01,gt_simple,degree,3,-0.18450184501844769,0.4881459983514044,lower
Cora,0.01,gt_simple,random,3,-0.18450184501844769,0.31956656966215014,lower
Cora,0.01,p_graph,degree,3,-0.06150061500614923,0.4643194609637655,lower
Cora,0.01,p_graph,random,3,-0.06150061500614923,0.21304437977476676,lower
Cora,0.01,p_point,degree,3,-0.36900369003690275,0.3690036900369009,lower
Cora,0.01,p_point,random,3,-0.36900369003690275,0.18450184501844769,lower
Cora,0.01,r_point,degree,3,-0.430504305043052,0.42608875954954634,lower
Cora,0.01,r_point,random,3,-0.430504305043052,0.38407121761367863,lower
Cora,0.01,random,degree,3,0.0,0.4881459983514044,equal
Cora,0.01,random,random,3,0.0,0.0,equal
Cora,0.05,degree,degree,3,0.0,0.0,equal
Cora,0.05,degree,random,3,0.24600246002459691,0.28183122355201584,higher
Cora,0.05,gt_full,degree,3,-0.6150061500615034,0.5636624471040427,lower
Cora,0.05,gt_full,random,3,-0.3690036900369065,0.8454936706560585,lower
Cora,0.05,gt_full_all_trainable,degree,3,0.2460024600246006,0.4643194609637603,higher
Cora,0.05,gt_full_all_trainable,random,3,0.49200492004919755,0.6985127116605472,higher
Cora,0.05,gt_full_all_trainable_hops3,degree,3,0.0,0.18450184501844769,equal
Cora,0.05,gt_full_all_trainable_hops3,random,3,0.24600246002459691,0.28183122355201584,higher
Cora,0.05,gt_full_sgc_all_trainable_hops3,degree,3,-3.700743415417189e-15,0.3690036900369009,equal
Cora,0.05,gt_full_sgc_all_trainable_hops3,random,3,0.24600246002459322,0.5326109494369233,higher
Cora,0.05,gt_simple,degree,3,-0.12300123001229846,0.38407121761368307,lower
Cora,0.05,gt_simple,random,3,0.12300123001229846,0.6479491852922986,higher
Cora,0.05,p_graph,degree,3,-0.49200492004920493,0.38407121761368307,lower
Cora,0.05,p_graph,random,3,-0.24600246002460802,0.6479491852922986,lower
Cora,0.05,p_point,degree,3,-0.2460024600246006,0.28183122355202195,lower
Cora,0.05,p_point,random,3,-3.700743415417189e-15,0.5535055350553486,equal
Cora,0.05,r_point,degree,3,-0.3075030750307535,0.28183122355202195,lower
Cora,0.05,r_point,random,3,-0.06150061500615663,0.5636624471040378,lower
Cora,0.05,random,degree,3,-0.24600246002459691,0.28183122355201584,lower
Cora,0.05,random,random,3,0.0,0.0,equal
Cora,0.1,degree,degree,3,0.0,0.0,equal
Cora,0.1,degree,random,3,0.12300123001230585,0.28183122355202195,higher
Cora,0.1,gt_full,degree,3,-0.18450184501845138,0.18450184501845324,lower
Cora,0.1,gt_full,random,3,-0.06150061500614553,0.38407121761367863,lower
Cora,0.1,gt_full_all_trainable,degree,3,-0.18450184501845138,0.3195665696621566,lower
Cora,0.1,gt_full_all_trainable,random,3,-0.06150061500614553,0.21304437977477317,lower
Cora,0.1,gt_full_all_trainable_hops3,degree,3,-0.2460024600246006,0.10652218988738979,lower
Cora,0.1,gt_full_all_trainable_hops3,random,3,-0.12300123001229475,0.28183122355202195,lower
Cora,0.1,gt_full_sgc_all_trainable_hops3,degree,3,-0.7380073800738055,0.3690036900369009,lower
Cora,0.1,gt_full_sgc_all_trainable_hops3,random,3,-0.6150061500614997,0.5326109494369233,lower
Cora,0.1,gt_simple,degree,3,-0.18450184501845138,0.5535055350553486,lower
Cora,0.1,gt_simple,random,3,-0.06150061500614553,0.5326109494369233,lower
Cora,0.1,p_graph,degree,3,-0.4920049200492012,0.38407121761367685,lower
Cora,0.1,p_graph,random,3,-0.36900369003689537,0.6652308626317341,lower
Cora,0.1,p_point,degree,3,-1.1070110701107045,0.48814599835139805,lower
Cora,0.1,p_point,random,3,-0.9840098400983988,0.28183122355201584,lower
Cora,0.1,r_point,degree,3,-1.2300123001230068,0.3840712176136724,lower
Cora,0.1,r_point,random,3,-1.107011070110701,0.31956656966215335,lower
Cora,0.1,random,degree,3,-0.12300123001230585,0.28183122355202195,lower
Cora,0.1,random,random,3,0.0,0.0,equal
Cora,0.15,degree,degree,3,0.0,0.0,equal
Cora,0.15,degree,random,3,0.4920049200492012,0.5326109494369298,higher
Cora,0.15,gt_full,degree,3,-1.1070110701106972,0.8454936706560585,lower
Cora,0.15,gt_full,random,3,-0.615006150061496,1.0810821544432336,lower
Cora,0.15,gt_full_all_trainable,degree,3,-0.676506765067649,1.0161569275435642,lower
Cora,0.15,gt_full_all_trainable,random,3,-0.18450184501844769,1.122280909649122,lower
Cora,0.15,gt_full_all_trainable_hops3,degree,3,-0.49200492004919755,1.0810821544432296,lower
Cora,0.15,gt_full_all_trainable_hops3,random,3,3.700743415417189e-15,1.0272627975701127,equal
Cora,0.15,gt_full_sgc_all_trainable_hops3,degree,3,-1.3530135301353015,0.21304437977476356,lower
Cora,0.15,gt_full_sgc_all_trainable_hops3,random,3,-0.8610086100861003,0.7456553292116933,lower
Cora,0.15,gt_simple,degree,3,-0.18450184501844769,0.9586997089864697,lower
Cora,0.15,gt_simple,random,3,0.3075030750307535,0.83196489904482,higher
Cora,0.15,p_graph,degree,3,-1.0455104551045518,1.0161569275435538,lower
Cora,0.15,p_graph,random,3,-0.5535055350553505,1.3929583828912795,lower
Cora,0.15,p_point,degree,3,-2.460024600245999,0.2818312235520207,lower
Cora,0.15,p_point,random,3,-1.9680196801967975,0.6479491852922986,lower
Cora,0.15,r_point,degree,3,-2.0910209102091035,0.4643194609637596,lower
Cora,0.15,r_point,random,3,-1.5990159901599021,0.7456553292116946,lower
Cora,0.15,random,degree,3,-0.4920049200492012,0.5326109494369298,lower
Cora,0.15,random,random,3,0.0,0.0,equal
CiteSeer,0.01,degree,degree,3,0.0,0.0,equal
CiteSeer,0.01,degree,random,3,-0.2002002002001957,0.8269625446375484,lower
CiteSeer,0.01,gt_full,degree,3,0.650650650650649,0.4587162857813611,higher
CiteSeer,0.01,gt_full,random,3,0.45045045045045323,0.3972599566163064,higher
CiteSeer,0.01,gt_full_all_trainable,degree,3,0.7507507507507468,0.654489330861966,higher
CiteSeer,0.01,gt_full_all_trainable,random,3,0.5505505505505511,0.3125624623822943,higher
CiteSeer,0.01,gt_full_all_trainable_hops3,degree,3,0.7507507507507468,0.654489330861966,higher
CiteSeer,0.01,gt_full_all_trainable_hops3,random,3,0.5505505505505511,0.3125624623822943,higher
CiteSeer,0.01,gt_full_sgc_all_trainable_hops3,degree,3,0.2002002002001957,0.7557391827097788,higher
CiteSeer,0.01,gt_full_sgc_all_trainable_hops3,random,3,0.0,0.15015015015015232,equal
CiteSeer,0.01,gt_simple,degree,3,0.20020020020019938,1.1662843040771815,higher
CiteSeer,0.01,gt_simple,random,3,3.700743415417189e-15,0.7802030664724625,equal
CiteSeer,0.01,p_graph,degree,3,0.6006006006005982,0.6006006006005982,higher
CiteSeer,0.01,p_graph,random,3,0.4004004004004025,0.22935814289068115,higher
CiteSeer,0.01,p_point,degree,3,0.7507507507507468,0.836000655079583,higher
CiteSeer,0.01,p_point,random,3,0.5505505505505511,1.3457787447195915,higher
CiteSeer,0.01,r_point,degree,3,0.6006006006005982,0.688074428672047,higher
CiteSeer,0.01,r_point,random,3,0.4004004004004025,0.8537898953569514,higher
CiteSeer,0.01,random,degree,3,0.2002002002001957,0.8269625446375484,higher
CiteSeer,0.01,random,random,3,0.0,0.0,equal
CiteSeer,0.05,degree,degree,3,0.0,0.0,equal
CiteSeer,0.05,degree,random,3,0.4004004004003951,0.7095819258637547,higher
CiteSeer,0.05,gt_full,degree,3,0.800800800800805,0.709581925863759,higher
CiteSeer,0.05,gt_full,random,3,1.2012012012012,0.3003003003002991,higher
CiteSeer,0.05,gt_full_all_trainable,degree,3,0.3003003003003009,0.3003003003002991,higher
CiteSeer,0.05,gt_full_all_trainable,random,3,0.700700700700696,0.709581925863759,higher
CiteSeer,0.05,gt_full_all_trainable_hops3,degree,3,0.4004004004004025,0.3778695913548927,higher
CiteSeer,0.05,gt_full_all_trainable_hops3,random,3,0.8008008008007975,0.34675691843220624,higher
CiteSeer,0.05,gt_full_sgc_all_trainable_hops3,degree,3,-0.9509509509509498,1.1269599849046745,lower
CiteSeer,0.05,gt_full_sgc_all_trainable_hops3,random,3,-0.5505505505505548,0.7406731024498849,lower
CiteSeer,0.05,gt_simple,degree,3,0.7507507507507541,0.9133277072519816,higher
CiteSeer,0.05,gt_simple,random,3,1.1511511511511492,0.22935814289067993,higher
CiteSeer,0.05,p_graph,degree,3,0.5505505505505548,0.3125624623823005,higher
CiteSeer,0.05,p_graph,random,3,0.9509509509509498,0.7557391827097839,higher
CiteSeer,0.05,p_point,degree,3,0.2502502502502539,0.22935814289068598,higher
CiteSeer,0.05,p_point,random,3,0.650650650650649,0.8269625446375537,higher
CiteSeer,0.05,r_point,degree,3,0.10010010010010524,0.4826652032529013,higher
CiteSeer,0.05,r_point,random,3,0.5005005005005003,1.0546199952805528,higher
CiteSeer,0.05,random,degree,3,-0.4004004004003951,0.7095819258637547,lower
CiteSeer,0.05,random,random,3,0.0,0.0,equal
CiteSeer,0.1,degree,degree,3,0.0,0.0,equal
CiteSeer,0.1,degree,random,3,0.25025025025025016,0.9174325715627318,higher
CiteSeer,0.1,gt_full,degree,3,-0.20020020020019938,1.0220509437768817,lower
CiteSeer,0.1,gt_full,random,3,0.050050050050050775,1.3951311175942307,higher
CiteSeer,0.1,gt_full_all_trainable,degree,3,0.350350350350348,0.22935814289068115,higher
CiteSeer,0.1,gt_full_all_trainable,random,3,0.6006006006005982,0.7507507507507505,higher
CiteSeer,0.1,gt_full_all_trainable_hops3,degree,3,0.45045045045044585,0.15015015015015232,higher
CiteSeer,0.1,gt_full_all_trainable_hops3,random,3,0.700700700700696,1.0220509437768859,higher
CiteSeer,0.1,gt_full_sgc_all_trainable_hops3,degree,3,-1.0010010010010006,1.065255087777419,lower
CiteSeer,0.1,gt_full_sgc_all_trainable_hops3,random,3,-0.7507507507507505,0.15015015015015232,lower
CiteSeer,0.1,gt_simple,degree,3,0.2002002002001957,0.7705107266436751,higher
CiteSeer,0.1,gt_simple,random,3,0.45045045045044585,0.15015015015015232,higher
CiteSeer,0.1,p_graph,degree,3,-0.30030030030030463,0.6544893308619623,lower
CiteSeer,0.1,p_graph,random,3,-0.05005005005005447,1.0862129336441788,lower
CiteSeer,0.1,p_point,degree,3,-3.700743415417189e-15,0.3972599566163043,equal
CiteSeer,0.1,p_point,random,3,0.25025025025024644,1.2770120943116208,higher
CiteSeer,0.1,r_point,degree,3,-0.10010010010010155,0.4587162857813611,lower
CiteSeer,0.1,r_point,random,3,0.15015015015014863,1.376148857344093,higher
CiteSeer,0.1,random,degree,3,-0.25025025025025016,0.9174325715627318,lower
CiteSeer,0.1,random,random,3,0.0,0.0,equal
CiteSeer,0.15,degree,degree,3,0.0,0.0,equal
CiteSeer,0.15,degree,random,3,0.9009009009008991,0.5201353776483126,higher
CiteSeer,0.15,gt_full,degree,3,-1.4514514514514503,0.08668922960805317,lower
CiteSeer,0.15,gt_full,random,3,-0.5505505505505511,0.4826652032529013,lower
CiteSeer,0.15,gt_full_all_trainable,degree,3,-0.4004004004004025,0.22935814289068115,lower
CiteSeer,0.15,gt_full_all_trainable,random,3,0.5005005005004967,0.5273099976402738,higher
CiteSeer,0.15,gt_full_all_trainable_hops3,degree,3,-0.15015015015015232,0.30030030030030463,lower
CiteSeer,0.15,gt_full_all_trainable_hops3,random,3,0.7507507507507468,0.3003003003002991,higher
CiteSeer,0.15,gt_full_sgc_all_trainable_hops3,degree,3,-1.2512512512512546,0.4826652032529013,lower
CiteSeer,0.15,gt_full_sgc_all_trainable_hops3,random,3,-0.3503503503503554,0.9050621281293876,lower
CiteSeer,0.15,gt_simple,degree,3,-0.40040040040039876,0.22935814289067993,lower
CiteSeer,0.15,gt_simple,random,3,0.5005005005005003,0.7406731024498849,higher
CiteSeer,0.15,p_graph,degree,3,-1.6016016016016026,0.17337845921610634,lower
CiteSeer,0.15,p_graph,random,3,-0.7007007007007034,0.6251249247646072,lower
CiteSeer,0.15,p_point,degree,3,-1.501501501501501,0.2600676888241595,lower
CiteSeer,0.15,p_point,random,3,-0.6006006006006018,0.2600676888241531,lower
CiteSeer,0.15,r_point,degree,3,-1.501501501501501,0.7507507507507505,lower
CiteSeer,0.15,r_point,random,3,-0.6006006006006018,0.3972599566163043,lower
CiteSeer,0.15,random,degree,3,-0.9009009009008991,0.5201353776483126,lower
CiteSeer,0.15,random,random,3,0.0,0.0,equal
PubMed,0.01,degree,degree,3,0.0,0.0,equal
PubMed,0.01,degree,random,3,-0.08451656524678386,0.3046115836872896,lower
PubMed,0.01,gt_full,degree,3,-0.07606490872211029,0.2075393704835817,lower
PubMed,0.01,gt_full,random,3,-0.16058147396889413,0.10556115615953758,lower
PubMed,0.01,gt_full_all_trainable,degree,3,0.10141987829614581,0.2166329550029848,higher
PubMed,0.01,gt_full_all_trainable,random,3,0.01690331304936195,0.09599236554766694,higher
PubMed,0.01,gt_full_all_trainable_hops3,degree,3,0.21974306964164989,0.2602231967265196,higher
PubMed,0.01,gt_full_all_trainable_hops3,random,3,0.13522650439486603,0.08904372678205481,higher
PubMed,0.01,gt_full_sgc_all_trainable_hops3,degree,3,0.2873563218390755,0.2960493557832509,higher
PubMed,0.01,gt_full_sgc_all_trainable_hops3,random,3,0.20283975659229161,0.0670829439925101,higher
PubMed,0.01,gt_simple,degree,3,-3.700743415417189e-15,0.36830220705714767,equal
PubMed,0.01,gt_simple,random,3,-0.08451656524678756,0.07319349254432306,lower
PubMed,0.01,p_graph,degree,3,-0.10987153482082679,0.5451809811653201,lower
PubMed,0.01,p_graph,random,3,-0.19438810006761065,0.25014618977263137,lower
PubMed,0.01,p_point,degree,3,0.10141987829614212,0.2253598990191625,higher
PubMed,0.01,p_point,random,3,0.016903313049358253,0.21860238601043733,higher
PubMed,0.01,r_point,degree,3,-0.12677484787018503,0.11051975008977617,lower
PubMed,0.01,r_point,random,3,-0.2112914131169689,0.23006520603137542,lower
PubMed,0.01,random,degree,3,0.08451656524678386,0.3046115836872896,higher
PubMed,0.01,random,random,3,0.0,0.0,equal
PubMed,0.05,degree,degree,3,0.0,0.0,equal
PubMed,0.05,degree,random,3,0.15212981744422058,0.2573248368431063,higher
PubMed,0.05,gt_full,degree,3,-0.7521974306964182,0.1396442836533008,lower
PubMed,0.05,gt_full,random,3,-0.6000676132521976,0.396327724398017,lower
PubMed,0.05,gt_full_all_trainable,degree,3,-0.37187288708587046,0.47117511375139504,lower
PubMed,0.05,gt_full_all_trainable,random,3,-0.21974306964164989,0.5510454128702792,lower
PubMed,0.05,gt_full_all_trainable_hops3,degree,3,-0.2704530087897246,0.26873078254875526,lower
PubMed,0.05,gt_full_all_trainable_hops3,random,3,-0.11832319134550406,0.3299395080450103,lower
PubMed,0.05,gt_full_sgc_all_trainable_hops3,degree,3,0.2873563218390755,0.2804371200648572,higher
PubMed,0.05,gt_full_sgc_all_trainable_hops3,random,3,0.43948613928329605,0.07746071154421295,higher
PubMed,0.05,gt_simple,degree,3,-0.20283975659229161,0.3936149770856999,lower
PubMed,0.05,gt_simple,random,3,-0.05070993914807106,0.14117049601496182,lower
PubMed,0.05,p_graph,degree,3,-0.5747126436781658,0.27928856730659424,lower
PubMed,0.05,p_graph,random,3,-0.4225828262339452,0.20650425495048122,lower
PubMed,0.05,p_point,degree,3,-0.912778904665316,0.11051975008977617,lower
PubMed,0.05,p_point,random,3,-0.7606490872210955,0.36567457154807215,lower
PubMed,0.05,r_point,degree,3,-0.7775524002704537,0.14856656382054745,lower
PubMed,0.05,r_point,random,3,-0.6254225828262331,0.2971331276410908,lower
PubMed,0.05,random,degree,3,-0.15212981744422058,0.2573248368431063,lower
PubMed,0.05,random,random,3,0.0,0.0,equal
PubMed,0.1,degree,degree,3,0.0,0.0,equal
PubMed,0.1,degree,random,3,-0.008451656524677276,0.1549214230884259,lower
PubMed,0.1,gt_full,degree,3,-2.265043948613928,0.6982214182664933,lower
PubMed,0.1,gt_full,random,3,-2.2734956051386055,0.5794780161062204,lower
PubMed,0.1,gt_full_all_trainable,degree,3,-1.3269100743745803,0.183422366583929,lower
PubMed,0.1,gt_full_all_trainable,random,3,-1.3353617308992576,0.07319349254432625,lower
PubMed,0.1,gt_full_all_trainable_hops3,degree,3,-1.07336037863421,0.6049874972337168,lower
PubMed,0.1,gt_full_all_trainable_hops3,random,3,-1.0818120351588874,0.5326555529610811,lower
PubMed,0.1,gt_full_sgc_all_trainable_hops3,degree,3,-0.2958079783637639,0.4312829892553476,lower
PubMed,0.1,gt_full_sgc_all_trainable_hops3,random,3,-0.30425963488844116,0.4024976639550585,lower
PubMed,0.1,gt_simple,degree,3,-0.7437457741717409,0.27111249040475927,lower
PubMed,0.1,gt_simple,random,3,-0.7521974306964182,0.13964428365330486,lower
PubMed,0.1,p_graph,degree,3,-2.036849222447601,0.4983611557743645,lower
PubMed,0.1,p_graph,random,3,-2.045300878972278,0.4011644451083838,lower
PubMed,0.1,p_point,degree,3,-2.6284651791751212,0.5877396433642301,lower
PubMed,0.1,p_point,random,3,-2.6369168356997985,0.6231341646777139,lower
PubMed,0.1,r_point,degree,3,-2.6369168356997985,0.6592292089249496,lower
PubMed,0.1,r_point,random,3,-2.645368492224476,0.7696113886296213,lower
PubMed,0.1,random,degree,3,0.008451656524677276,0.1549214230884259,higher
PubMed,0.1,random,random,3,0.0,0.0,equal
PubMed,0.15,degree,degree,3,0.0,0.0,equal
PubMed,0.15,degree,random,3,-0.16903313049357513,0.29713312764108857,lower
PubMed,0.15,gt_full,degree,3,-2.6200135226504364,0.4075241193793468,lower
PubMed,0.15,gt_full,random,3,-2.7890466531440117,0.1583417342393104,lower
PubMed,0.15,gt_full_all_trainable,degree,3,-1.242393509127789,0.7969692518002914,lower
PubMed,0.15,gt_full_all_trainable,random,3,-1.4114266396213642,0.6847406727697475,lower
PubMed,0.15,gt_full_all_trainable_hops3,degree,3,-1.3860716700473323,0.6191667649557944,lower
PubMed,0.15,gt_full_all_trainable_hops3,random,3,-1.5551048005409074,0.4168817598086052,lower
PubMed,0.15,gt_full_sgc_all_trainable_hops3,degree,3,0.2620013522650437,0.19365177886053905,higher
PubMed,0.15,gt_full_sgc_all_trainable_hops3,random,3,0.09296822177146853,0.3516336048464268,higher
PubMed,0.15,gt_simple,degree,3,-0.4986477349560518,0.4711751137514034,lower
PubMed,0.15,gt_simple,random,3,-0.6676808654496269,0.6520385910069667,lower
PubMed,0.15,p_graph,degree,3,-2.5185936443542944,0.5805863588774731,lower
PubMed,0.15,p_graph,random,3,-2.6876267748478697,0.5239345415763649,lower
PubMed,0.15,p_point,degree,3,-3.3130493576741062,0.6118555712555204,lower
PubMed,0.15,p_point,random,3,-3.4820824881676815,0.8256277869114906,lower
PubMed,0.15,r_point,degree,3,-3.3553076402974966,0.63808607465101,lower
PubMed,0.15,r_point,random,3,-3.524340770791072,0.901439596076629,lower
PubMed,0.15,random,degree,3,0.16903313049357513,0.29713312764108857,higher
PubMed,0.15,random,random,3,0.0,0.0,equal
