dataset,budget_ratio,selector_ref,n,old_mean_pct,old_sd_pct,new_mean_pct,new_sd_pct,delta_mean_pp,delta_sd_pp,selection_ids_same,output_recipes_same
CiteSeer,0.01,degree.yaml,3,76.07607607607608,0.3778695913548937,74.87487487487488,0.7557391827097807,-1.2012012012012,1.1336087740646765,3,0
CiteSeer,0.01,gt_full.yaml,3,76.77677677677679,0.4587162857813683,75.52552552552552,0.7945199132326148,-1.2512512512512508,1.2136492145127282,0,0
CiteSeer,0.01,gt_full_all_trainable.yaml,3,76.57657657657657,0.5413740653849881,75.62562562562563,0.5273099976402753,-0.9509509509509498,0.9653304065058026,0,0
CiteSeer,0.01,gt_full_all_trainable_hops3.yaml,3,76.52652652652652,0.625124924764611,75.62562562562563,0.5273099976402753,-0.9009009009008991,1.0510510510510536,0,0
CiteSeer,0.01,gt_full_sgc_all_trainable_hops3.yaml,3,76.52652652652652,0.17337845921609968,75.07507507507508,0.9009009009008935,-1.4514514514514538,0.9174325715627271,0,0
CiteSeer,0.01,gt_simple.yaml,3,76.57657657657657,0.45045045045045384,75.07507507507508,0.5413740653849822,-1.5015015015014972,0.3972599566163043,0,0
CiteSeer,0.01,p_graph.yaml,3,76.72672672672672,0.5413740653849881,75.47547547547548,0.7557391827097817,-1.2512512512512508,1.222902074361424,0,0
CiteSeer,0.01,p_point.yaml,3,76.77677677677677,0.22935814289068804,75.62562562562563,0.6068246072563634,-1.1511511511511492,0.7557391827097906,0,0
CiteSeer,0.01,r_point.yaml,3,76.82682682682683,0.22935814289068804,75.47547547547548,0.08668922960805393,-1.3513513513513487,0.30030030030030463,0,0
CiteSeer,0.01,random.yaml,3,76.87687687687688,0.15015015015015365,75.07507507507508,0.836000655079573,-1.8018018018018018,0.9009009009008973,3,0
CiteSeer,0.05,degree.yaml,3,76.27627627627628,0.5413740653849822,75.17517517517517,0.6068246072563559,-1.1011011011011058,0.8668922960805124,3,0
CiteSeer,0.05,gt_full.yaml,3,76.32632632632632,0.45871628578136986,75.97597597597597,0.3972599566163088,-0.350350350350348,0.8537898953569593,0,0
CiteSeer,0.05,gt_full_all_trainable.yaml,3,76.47647647647648,0.4826652032529038,75.47547547547548,0.5684592938739014,-1.0010010010010044,0.8269625446375537,0,0
CiteSeer,0.05,gt_full_all_trainable_hops3.yaml,3,76.37637637637637,0.4334461480402615,75.57557557557557,0.22935814289068027,-0.8008008008008013,0.6251249247646028,0,0
CiteSeer,0.05,gt_full_sgc_all_trainable_hops3.yaml,3,76.32632632632632,0.22935814289068027,74.22422422422422,0.8668922960805148,-2.1021021021021027,1.0510510510510496,0,0
CiteSeer,0.05,gt_simple.yaml,3,76.27627627627628,0.3003003003003002,75.92592592592592,0.3778695913548937,-0.350350350350348,0.3125624623823005,0,0
CiteSeer,0.05,p_graph.yaml,3,76.32632632632632,0.45871628578136986,75.72572572572572,0.7095819258637556,-0.6006006006005982,1.0510510510510471,0,0
CiteSeer,0.05,p_point.yaml,3,76.57657657657658,0.3972599566163061,75.42542542542543,0.7557391827097807,-1.151151151151153,1.1067739933681664,0,0
CiteSeer,0.05,r_point.yaml,3,76.37637637637637,0.4587162857813683,75.27527527527528,0.9997489667386413,-1.1011011011010985,1.395131117594227,0,0
CiteSeer,0.05,random.yaml,3,76.77677677677677,0.17337845921610787,74.77477477477478,0.15015015015014654,-2.0020020020019977,0.3125624623823067,3,0
CiteSeer,0.1,degree.yaml,3,75.77577577577577,0.22935814289068027,75.02502502502503,0.5684592938738983,-0.7507507507507468,0.3972599566163064,3,0
CiteSeer,0.1,gt_full.yaml,3,76.22622622622623,0.17337845921610787,74.82482482482483,1.504001922053725,-1.4014014014013993,1.6607267290327405,0,0
CiteSeer,0.1,gt_full_all_trainable.yaml,3,76.32632632632632,0.3125624623823038,75.37537537537537,0.6006006006005933,-0.9509509509509498,0.7406731024498812,0,0
CiteSeer,0.1,gt_full_all_trainable_hops3.yaml,3,76.27627627627628,0.3003003003003002,75.47547547547548,0.5684592938739014,-0.8008008008008013,0.6068246072563612,0,0
CiteSeer,0.1,gt_full_sgc_all_trainable_hops3.yaml,3,76.12612612612612,0.3003003003003073,74.02402402402403,0.7945199132326068,-2.102102102102099,0.9009009009009028,0,0
CiteSeer,0.1,gt_simple.yaml,3,76.57657657657657,0.3003003003003002,75.22522522522522,0.6006006006005933,-1.3513513513513524,0.7945199132326045,0,0
CiteSeer,0.1,p_graph.yaml,3,76.27627627627628,0.15015015015015365,74.72472472472472,1.1269599849046732,-1.5515515515515554,1.2136492145127282,0,0
CiteSeer,0.1,p_point.yaml,3,76.02602602602602,0.22935814289068804,75.02502502502503,0.9535815256885687,-1.0010010010010006,1.0220509437768859,0,0
CiteSeer,0.1,r_point.yaml,3,76.02602602602602,0.22935814289068804,74.92492492492492,0.9376873871468989,-1.1011011011010985,0.9535815256885688,0,0
CiteSeer,0.1,random.yaml,3,76.57657657657657,0.15015015015014654,74.77477477477478,0.6880744286720424,-1.8018018018017983,0.836000655079578,3,0
CiteSeer,0.15,degree.yaml,3,75.92592592592592,0.22935814289068027,75.42542542542542,0.08668922960805393,-0.5005005005005003,0.17337845921609993,3,0
CiteSeer,0.15,gt_full.yaml,3,75.77577577577577,0.3125624623823015,73.97397397397398,0.08668922960805393,-1.8018018018018018,0.3003003003002991,0,0
CiteSeer,0.15,gt_full_all_trainable.yaml,3,75.67567567567566,0.2600676888241536,75.02502502502503,0.22935814289067408,-0.650650650650649,0.08668922960805317,0,0
CiteSeer,0.15,gt_full_all_trainable_hops3.yaml,3,75.82582582582582,0.3003003003003002,75.27527527527528,0.22935814289068182,-0.5505505505505511,0.4826652032529013,0,0
CiteSeer,0.15,gt_full_sgc_all_trainable_hops3.yaml,3,76.42642642642643,0.6544893308619701,74.17417417417417,0.5413740653849881,-2.252252252252255,1.17271016154755,0,0
CiteSeer,0.15,gt_simple.yaml,3,75.77577577577577,0.22935814289068027,75.02502502502503,0.31256246238229585,-0.7507507507507468,0.15015015015014677,0,0
CiteSeer,0.15,p_graph.yaml,3,75.82582582582582,0.3003003003003002,73.82382382382383,0.22935814289068804,-2.0020020020020013,0.3125624623823005,0,0
CiteSeer,0.15,p_point.yaml,3,75.97597597597597,0.15015015015015365,73.92392392392392,0.17337845921610787,-2.052052052052048,0.3125624623823067,0,0
CiteSeer,0.15,r_point.yaml,3,75.97597597597597,0.15015015015015365,73.92392392392392,0.6770645274508866,-2.052052052052048,0.8269625446375537,0,0
CiteSeer,0.15,random.yaml,3,76.07607607607608,0.22935814289068804,74.52452452452454,0.4334461480402615,-1.5515515515515481,0.6251249247646072,3,0
Cora,0.01,degree.yaml,3,88.74538745387454,0.18450184501845257,90.09840098400984,0.464319460963763,1.3530135301353052,0.4260887595495432,3,0
Cora,0.01,gt_full.yaml,3,88.56088560885608,0.36900369003689804,90.15990159901598,0.2130443797747642,1.5990159901599021,0.21304437977476676,0,0
Cora,0.01,gt_full_all_trainable.yaml,3,88.5608856088561,0.3195665696621545,89.97539975399754,0.38407121761367347,1.4145141451414507,0.2818312235520147,0,0
Cora,0.01,gt_full_all_trainable_hops3.yaml,3,88.68388683886839,0.2818312235520202,90.09840098400984,0.28183122355201246,1.4145141451414545,0.4260887595495335,0,0
Cora,0.01,gt_full_sgc_all_trainable_hops3.yaml,3,88.06888068880689,0.21304437977477242,90.09840098400984,0.1065221898873821,2.0295202952029503,0.3195665696621566,0,0
Cora,0.01,gt_simple.yaml,3,88.06888068880689,0.2818312235520202,89.9138991389914,0.1065221898873821,1.8450184501845064,0.18450184501845324,0,0
Cora,0.01,p_graph.yaml,3,88.56088560885608,0.36900369003689804,90.03690036900369,0.0,1.4760147601476037,0.36900369003689537,0,0
Cora,0.01,p_point.yaml,3,88.31488314883148,0.1065221898873821,89.72939729397294,0.1065221898873903,1.4145141451414471,0.10652218988738658,0,0
Cora,0.01,r_point.yaml,3,88.37638376383764,0.0,89.66789667896678,0.18450184501845257,1.2915129151291487,0.18450184501845324,0,0
Cora,0.01,random.yaml,3,88.31488314883148,0.464319460963763,90.09840098400984,0.2130443797747642,1.7835178351783536,0.6479491852922928,3,0
Cora,0.05,degree.yaml,3,87.63837638376384,0.3195665696621463,89.85239852398524,0.18450184501845257,2.214022140221402,0.36900369003689537,3,0
Cora,0.05,gt_full.yaml,3,87.76137761377613,0.2130443797747642,89.23739237392374,0.46431946096375637,1.4760147601476,0.3195665696621566,0,0
Cora,0.05,gt_full_all_trainable.yaml,3,88.06888068880689,0.5636624471040327,90.09840098400984,0.28183122355201246,2.0295202952029503,0.48814599835139805,0,0
Cora,0.05,gt_full_all_trainable_hops3.yaml,3,88.19188191881919,0.48814599835139605,89.85239852398524,0.18450184501845257,1.6605166051660514,0.4881459983514044,0,0
Cora,0.05,gt_full_sgc_all_trainable_hops3.yaml,3,88.37638376383764,0.18450184501844547,89.85239852398523,0.48814599835139605,1.4760147601475964,0.3195665696621566,0,0
Cora,0.05,gt_simple.yaml,3,88.06888068880689,0.6479491852922946,89.72939729397294,0.38407121761367574,1.6605166051660551,0.9762919967028003,0,0
Cora,0.05,p_graph.yaml,3,87.82287822878229,0.18450184501844547,89.36039360393603,0.38407121761367574,1.5375153751537491,0.2818312235520207,0,0
Cora,0.05,p_point.yaml,3,88.00738007380073,0.18450184501845257,89.60639606396064,0.2818312235520187,1.5990159901599021,0.4643194609637655,0,0
Cora,0.05,r_point.yaml,3,88.13038130381304,0.38407121761367574,89.54489544895449,0.2130443797747642,1.4145141451414507,0.5930904527055921,0,0
Cora,0.05,random.yaml,3,88.13038130381304,0.21304437977477242,89.60639606396064,0.4260887595495366,1.4760147601476075,0.3690036900369009,3,0
Cora,0.1,degree.yaml,3,87.88437884378844,0.2818312235520202,89.97539975399754,0.1065221898873821,2.0910209102091035,0.38407121761367863,3,0
Cora,0.1,gt_full.yaml,3,86.28536285362854,0.7456553292116964,89.79089790897909,0.2818312235520202,3.505535055350558,0.6391331393243067,0,0
Cora,0.1,gt_full_all_trainable.yaml,3,86.16236162361623,1.0272627975701165,89.79089790897909,0.2818312235520202,3.628536285362856,0.7456553292116885,0,0
Cora,0.1,gt_full_all_trainable_hops3.yaml,3,86.34686346863468,0.7380073800738032,89.72939729397294,0.21304437977477242,3.382533825338259,0.768142435227357,0,0
Cora,0.1,gt_full_sgc_all_trainable_hops3.yaml,3,88.13038130381304,0.38407121761367574,89.23739237392374,0.46431946096375637,1.107011070110701,0.18450184501845324,0,0
Cora,0.1,gt_simple.yaml,3,88.06888068880689,0.1065221898873903,89.79089790897909,0.46431946096375637,1.7220172201722044,0.4643194609637603,0,0
Cora,0.1,p_graph.yaml,3,86.22386223862239,0.7456553292116888,89.48339483394834,0.36900369003689804,3.2595325953259575,0.9467899334772846,0,0
Cora,0.1,p_point.yaml,3,86.59286592865928,0.5930904527055948,88.86838868388683,0.464319460963763,2.2755227552275548,0.4260887595495335,0,0
Cora,0.1,r_point.yaml,3,86.5928659286593,0.7681424352273595,88.74538745387454,0.3195665696621545,2.1525215252152488,0.7456553292116938,0,0
Cora,0.1,random.yaml,3,88.25338253382533,0.21304437977477242,89.85239852398523,0.3195665696621545,1.5990159901598984,0.5326109494369298,3,0
Cora,0.15,degree.yaml,3,87.63837638376384,0.18450184501844547,89.72939729397294,0.2818312235520202,2.0910209102090995,0.28183122355202195,3,0
Cora,0.15,gt_full.yaml,3,84.99384993849938,0.5326109494369269,88.62238622386225,0.8521775190990815,3.62853628536286,0.7456553292116946,0,0
Cora,0.15,gt_full_all_trainable.yaml,3,85.05535055350553,0.9586997089864635,89.0528905289053,0.9467899334772902,3.9975399753997554,0.6985127116605511,0,0
Cora,0.15,gt_full_all_trainable_hops3.yaml,3,85.11685116851169,0.7681424352273573,89.23739237392374,0.9286389219275184,4.120541205412054,0.5636624471040428,0,0
Cora,0.15,gt_full_sgc_all_trainable_hops3.yaml,3,88.37638376383764,0.0,88.37638376383764,0.48814599835140143,-3.700743415417189e-15,0.48814599835139805,0,0
Cora,0.15,gt_simple.yaml,3,87.45387453874538,0.9762919967028055,89.54489544895449,0.9467899334772824,2.091020910209103,1.9203560880683956,0,0
Cora,0.15,p_graph.yaml,3,85.11685116851169,0.464319460963763,88.68388683886839,1.1273248942080716,3.567035670356703,0.9467899334772782,0,0
Cora,0.15,p_point.yaml,3,85.17835178351784,0.42608875954954484,87.26937269372694,0.4881459983514041,2.091020910209107,0.7456553292116946,0,0
Cora,0.15,r_point.yaml,3,85.23985239852398,0.36900369003689804,87.63837638376383,0.639133139324309,2.3985239852398497,0.976291996702794,0,0
Cora,0.15,random.yaml,3,87.63837638376384,0.0,89.23739237392374,0.2818312235520202,1.5990159901598984,0.28183122355202195,3,0
PubMed,0.01,degree.yaml,3,85.5392156862745,0.21112231231907325,88.38742393509128,0.25732483684311186,2.8482082488167713,0.44809723265083157,3,0
PubMed,0.01,gt_full.yaml,3,85.53076402974983,0.08904372678205669,88.31135902636917,0.10141987829614862,2.780594996619338,0.16882170685799755,0,0
PubMed,0.01,gt_full_all_trainable.yaml,3,85.4631507775524,0.15283249932408027,88.48884381338742,0.04391609552659024,3.0256930358350234,0.19365177886053905,0,0
PubMed,0.01,gt_full_all_trainable_hops3.yaml,3,85.44624746450305,0.13416588798502457,88.60716700473293,0.01463869850886615,3.160919540229886,0.11982291141614215,0,0
PubMed,0.01,gt_full_sgc_all_trainable_hops3.yaml,3,85.6237322515213,0.20283975659229014,88.67478025693036,0.03873035577211188,3.051048005409059,0.17988333885896587,0,0
PubMed,0.01,gt_simple.yaml,3,85.5054090601758,0.052780578079772864,88.38742393509128,0.11619106731632169,2.8820148749154804,0.1528324993240743,0,0
PubMed,0.01,p_graph.yaml,3,85.54766734279919,0.11051975008978096,88.27755240027045,0.32205136719503064,2.729885057471263,0.271112490404752,0,0
PubMed,0.01,p_point.yaml,3,85.47160243407708,0.18283728577403963,88.48884381338742,0.14117049601495815,3.0172413793103425,0.21663295500298416,0,0
PubMed,0.01,r_point.yaml,3,85.48005409060175,0.19694354627672203,88.2606490872211,0.1662636542672939,2.780594996619338,0.3260192955034831,0,0
PubMed,0.01,random.yaml,3,85.53921568627452,0.16882170685799724,88.47194050033806,0.07746071154421601,2.932724814063555,0.19365177886053905,3,0
PubMed,0.05,degree.yaml,3,85.4631507775524,0.052780578079767174,88.51419878296146,0.21958047763296762,3.0510480054090627,0.2711124904047555,3,0
PubMed,0.05,gt_full.yaml,3,84.81237322515213,0.24187099427407197,87.76200135226505,0.3451754201599424,2.9496281271129132,0.584998731598113,0,0
PubMed,0.05,gt_full_all_trainable.yaml,3,84.77856659905342,0.1301115983632623,88.14232589587559,0.38480569431480777,3.3637592968221774,0.29386982168210785,0,0
PubMed,0.05,gt_full_all_trainable_hops3.yaml,3,84.79546991210277,0.11433189028455289,88.24374577417174,0.16496975402250946,3.448275862068965,0.1583417342393086,0,0
PubMed,0.05,gt_full_sgc_all_trainable_hops3.yaml,3,85.71670047329276,0.07746071154422376,88.80155510480054,0.1198229114161391,3.084854631507772,0.09599236554767329,0,0
PubMed,0.05,gt_simple.yaml,3,85.42934415145369,0.2539719269999473,88.31135902636917,0.24187099427407197,2.882014874915484,0.36946404655839177,0,0
PubMed,0.05,p_graph.yaml,3,84.79546991210277,0.16496975402250946,87.93948613928329,0.06380860746509956,3.144016227180524,0.10141987829614951,0,0
PubMed,0.05,p_point.yaml,3,84.7447599729547,0.2781352716684272,87.60141987829614,0.29893068262048345,2.8566599053414445,0.4067345982256947,0,0
PubMed,0.05,r_point.yaml,3,84.76166328600407,0.29893068262047556,87.736646382691,0.33477522515785174,2.9749830966869486,0.5562705433368627,0,0
PubMed,0.05,random.yaml,3,85.58147396889791,0.16496975402250946,88.36206896551724,0.1662636542672939,2.780594996619338,0.29386982168211184,3,0
PubMed,0.1,degree.yaml,3,85.41244083840434,0.07319349254432254,88.75084516565248,0.03873035577211188,3.338404327248138,0.08904372678205481,3,0
PubMed,0.1,gt_full.yaml,3,83.78972278566599,0.2215237055794646,86.48580121703854,0.70993914807302,2.696078431372554,0.7624780805457406,0,0
PubMed,0.1,gt_full_all_trainable.yaml,3,83.81507775524003,0.1903030806152435,87.42393509127788,0.22103950017955215,3.6088573360378593,0.18689439137505168,0,0
PubMed,0.1,gt_full_all_trainable_hops3.yaml,3,83.9080459770115,0.16882170685799902,87.67748478701826,0.603746495932585,3.7694388100067644,0.7527195428739824,0,0
PubMed,0.1,gt_full_sgc_all_trainable_hops3.yaml,3,85.6997971602434,0.17748478701824816,88.45503718728871,0.42148267883001406,2.755240027045299,0.5805863588774687,0,0
PubMed,0.1,gt_simple.yaml,3,85.41244083840432,0.2827202279188285,88.00709939148074,0.2924077736985566,2.594658553076401,0.3848056943148161,0,0
PubMed,0.1,p_graph.yaml,3,83.84043272481406,0.23558755687569705,86.71399594320486,0.5051941897862929,2.873563218390803,0.6681086603776795,0,0
PubMed,0.1,p_point.yaml,3,83.30797836375929,0.2781352716684322,86.12237998647736,0.5614470480136027,2.814401622718051,0.8378657019197955,0,0
PubMed,0.1,r_point.yaml,3,83.40939824205545,0.28272022791882323,86.11392832995267,0.6212398737639254,2.704530087897228,0.8580824980728172,0,0
PubMed,0.1,random.yaml,3,85.53921568627452,0.11982291141614461,88.75929682217715,0.18689439137504688,3.220081135902634,0.26713118034616024,3,0
PubMed,0.15,degree.yaml,3,85.48005409060175,0.10556115615953435,88.44658553076404,0.15283249932408027,2.9665314401622713,0.2573248368431063,3,0
PubMed,0.15,gt_full.yaml,3,82.65720081135903,0.4080496181397365,85.8265720081136,0.4265366085512305,3.1693711967545632,0.25732483684311125,0,0
PubMed,0.15,gt_full_all_trainable.yaml,3,82.82623394185259,0.3024937486168618,87.20419202163623,0.9440541953114084,4.37795807978364,1.1368342009790502,0,0
PubMed,0.15,gt_full_all_trainable_hops3.yaml,3,82.79242731575388,0.3149872405947272,87.0605138607167,0.7445616798254584,4.2680865449628085,0.9247904371734481,0,0
PubMed,0.15,gt_full_sgc_all_trainable_hops3.yaml,3,85.72515212981745,0.09141864288701883,88.70858688302907,0.0638086074651005,2.983434753211626,0.13964428365329848,0,0
PubMed,0.15,gt_simple.yaml,3,85.3448275862069,0.1756643821063774,87.94793779580797,0.32105172267111426,2.6031102096010783,0.243636499415144,0,0
PubMed,0.15,p_graph.yaml,3,82.59803921568627,0.3170216249748337,85.92799188640973,0.7313491430961409,3.3299526707234572,0.879906340437904,0,0
PubMed,0.15,p_point.yaml,3,81.65145368492225,0.5705337671310917,85.13353617308992,0.7155014879410688,3.482082488167674,1.1939292350514084,0,0
PubMed,0.15,r_point.yaml,3,81.67680865449628,0.6118555712555128,85.09127789046653,0.7003664968018785,3.414469235970252,1.2951732761656822,0,0
PubMed,0.15,random.yaml,3,85.55611899932387,0.10247088956204897,88.6156186612576,0.3683022070571483,3.0594996619337365,0.46912403943129877,3,0
