dataset,selector,selector_ref,budget_ratio,n_training_seeds,training_seeds,test_accuracy_after_mean_percent,test_accuracy_after_sample_sd_pp
CiteSeer,degree,degree.yaml,0.01,3,42;212;2024,74.87487487487488,0.7557391827097846
CiteSeer,degree,degree.yaml,0.05,3,42;212;2024,75.17517517517517,0.6068246072563611
CiteSeer,degree,degree.yaml,0.1,3,42;212;2024,75.02502502502503,0.5684592938739031
CiteSeer,degree,degree.yaml,0.15,3,42;212;2024,75.42542542542543,0.08668922960805317
CiteSeer,gt_full,gt_full.yaml,0.01,3,42;212;2024,75.52552552552552,0.7945199132326108
CiteSeer,gt_full,gt_full.yaml,0.05,3,42;212;2024,75.97597597597597,0.3972599566163065
CiteSeer,gt_full,gt_full.yaml,0.1,3,42;212;2024,74.82482482482483,1.504001922053725
CiteSeer,gt_full,gt_full.yaml,0.15,3,42;212;2024,73.97397397397397,0.08668922960805317
CiteSeer,gt_full_all_trainable,gt_full_all_trainable.yaml,0.01,3,42;212;2024,75.62562562562563,0.5273099976402795
CiteSeer,gt_full_all_trainable,gt_full_all_trainable.yaml,0.05,3,42;212;2024,75.47547547547548,0.5684592938739031
CiteSeer,gt_full_all_trainable,gt_full_all_trainable.yaml,0.1,3,42;212;2024,75.37537537537537,0.6006006006005982
CiteSeer,gt_full_all_trainable,gt_full_all_trainable.yaml,0.15,3,42;212;2024,75.02502502502503,0.22935814289067993
CiteSeer,gt_full_all_trainable_hops3,gt_full_all_trainable_hops3.yaml,0.01,3,42;212;2024,75.62562562562563,0.5273099976402795
CiteSeer,gt_full_all_trainable_hops3,gt_full_all_trainable_hops3.yaml,0.05,3,42;212;2024,75.57557557557557,0.22935814289067993
CiteSeer,gt_full_all_trainable_hops3,gt_full_all_trainable_hops3.yaml,0.1,3,42;212;2024,75.47547547547548,0.5684592938739031
CiteSeer,gt_full_all_trainable_hops3,gt_full_all_trainable_hops3.yaml,0.15,3,42;212;2024,75.27527527527528,0.22935814289068598
CiteSeer,gt_full_sgc_all_trainable_hops3,gt_full_sgc_all_trainable_hops3.yaml,0.01,3,42;212;2024,75.07507507507508,0.9009009009008973
CiteSeer,gt_full_sgc_all_trainable_hops3,gt_full_sgc_all_trainable_hops3.yaml,0.05,3,42;212;2024,74.22422422422422,0.8668922960805188
CiteSeer,gt_full_sgc_all_trainable_hops3,gt_full_sgc_all_trainable_hops3.yaml,0.1,3,42;212;2024,74.02402402402403,0.7945199132326108
CiteSeer,gt_full_sgc_all_trainable_hops3,gt_full_sgc_all_trainable_hops3.yaml,0.15,3,42;212;2024,74.17417417417417,0.541374065384985
CiteSeer,gt_simple,gt_simple.yaml,0.01,3,42;212;2024,75.07507507507508,0.541374065384985
CiteSeer,gt_simple,gt_simple.yaml,0.05,3,42;212;2024,75.92592592592592,0.37786959135489195
CiteSeer,gt_simple,gt_simple.yaml,0.1,3,42;212;2024,75.22522522522522,0.6006006006005982
CiteSeer,gt_simple,gt_simple.yaml,0.15,3,42;212;2024,75.02502502502503,0.3125624623823005
CiteSeer,p_graph,p_graph.yaml,0.01,3,42;212;2024,75.47547547547548,0.7557391827097846
CiteSeer,p_graph,p_graph.yaml,0.05,3,42;212;2024,75.72572572572572,0.7095819258637527
CiteSeer,p_graph,p_graph.yaml,0.1,3,42;212;2024,74.72472472472472,1.1269599849046745
CiteSeer,p_graph,p_graph.yaml,0.15,3,42;212;2024,73.82382382382382,0.22935814289068598
CiteSeer,p_point,p_point.yaml,0.01,3,42;212;2024,75.62562562562563,0.6068246072563662
CiteSeer,p_point,p_point.yaml,0.05,3,42;212;2024,75.42542542542543,0.7557391827097846
CiteSeer,p_point,p_point.yaml,0.1,3,42;212;2024,75.02502502502503,0.953581525688572
CiteSeer,p_point,p_point.yaml,0.15,3,42;212;2024,73.92392392392392,0.17337845921610634
CiteSeer,r_point,r_point.yaml,0.01,3,42;212;2024,75.47547547547548,0.08668922960805317
CiteSeer,r_point,r_point.yaml,0.05,3,42;212;2024,75.27527527527528,0.999748966738645
CiteSeer,r_point,r_point.yaml,0.1,3,42;212;2024,74.92492492492492,0.9376873871469034
CiteSeer,r_point,r_point.yaml,0.15,3,42;212;2024,73.92392392392392,0.6770645274508837
CiteSeer,random,random.yaml,0.01,3,42;212;2024,75.07507507507508,0.836000655079578
CiteSeer,random,random.yaml,0.05,3,42;212;2024,74.77477477477478,0.15015015015015232
CiteSeer,random,random.yaml,0.1,3,42;212;2024,74.77477477477478,0.688074428672047
CiteSeer,random,random.yaml,0.15,3,42;212;2024,74.52452452452452,0.4334461480402594
Cora,degree,degree.yaml,0.01,3,42;212;2024,90.09840098400984,0.46431946096376553
Cora,degree,degree.yaml,0.05,3,42;212;2024,89.85239852398524,0.18450184501845324
Cora,degree,degree.yaml,0.1,3,42;212;2024,89.97539975399754,0.10652218988738338
Cora,degree,degree.yaml,0.15,3,42;212;2024,89.72939729397294,0.2818312235520219
Cora,gt_full,gt_full.yaml,0.01,3,42;212;2024,90.159901599016,0.21304437977476676
Cora,gt_full,gt_full.yaml,0.05,3,42;212;2024,89.23739237392374,0.4643194609637603
Cora,gt_full,gt_full.yaml,0.1,3,42;212;2024,89.79089790897909,0.2818312235520219
Cora,gt_full,gt_full.yaml,0.15,3,42;212;2024,88.62238622386224,0.8521775190990798
Cora,gt_full_all_trainable,gt_full_all_trainable.yaml,0.01,3,42;212;2024,89.97539975399754,0.3840712176136769
Cora,gt_full_all_trainable,gt_full_all_trainable.yaml,0.05,3,42;212;2024,90.09840098400984,0.2818312235520159
Cora,gt_full_all_trainable,gt_full_all_trainable.yaml,0.1,3,42;212;2024,89.79089790897909,0.2818312235520219
Cora,gt_full_all_trainable,gt_full_all_trainable.yaml,0.15,3,42;212;2024,89.0528905289053,0.946789933477289
Cora,gt_full_all_trainable_hops3,gt_full_all_trainable_hops3.yaml,0.01,3,42;212;2024,90.09840098400984,0.2818312235520159
Cora,gt_full_all_trainable_hops3,gt_full_all_trainable_hops3.yaml,0.05,3,42;212;2024,89.85239852398524,0.18450184501845324
Cora,gt_full_all_trainable_hops3,gt_full_all_trainable_hops3.yaml,0.1,3,42;212;2024,89.72939729397295,0.21304437977477317
Cora,gt_full_all_trainable_hops3,gt_full_all_trainable_hops3.yaml,0.15,3,42;212;2024,89.23739237392374,0.92863892192752
Cora,gt_full_sgc_all_trainable_hops3,gt_full_sgc_all_trainable_hops3.yaml,0.01,3,42;212;2024,90.09840098400984,0.10652218988738338
Cora,gt_full_sgc_all_trainable_hops3,gt_full_sgc_all_trainable_hops3.yaml,0.05,3,42;212;2024,89.85239852398523,0.48814599835140016
Cora,gt_full_sgc_all_trainable_hops3,gt_full_sgc_all_trainable_hops3.yaml,0.1,3,42;212;2024,89.23739237392374,0.4643194609637603
Cora,gt_full_sgc_all_trainable_hops3,gt_full_sgc_all_trainable_hops3.yaml,0.15,3,42;212;2024,88.37638376383764,0.48814599835139805
Cora,gt_simple,gt_simple.yaml,0.01,3,42;212;2024,89.9138991389914,0.10652218988738338
Cora,gt_simple,gt_simple.yaml,0.05,3,42;212;2024,89.72939729397295,0.3840712176136787
Cora,gt_simple,gt_simple.yaml,0.1,3,42;212;2024,89.79089790897909,0.4643194609637603
Cora,gt_simple,gt_simple.yaml,0.15,3,42;212;2024,89.54489544895449,0.946789933477289
Cora,p_graph,p_graph.yaml,0.01,3,42;212;2024,90.03690036900369,0.0
Cora,p_graph,p_graph.yaml,0.05,3,42;212;2024,89.36039360393605,0.3840712176136787
Cora,p_graph,p_graph.yaml,0.1,3,42;212;2024,89.48339483394834,0.3690036900369009
Cora,p_graph,p_graph.yaml,0.15,3,42;212;2024,88.68388683886839,1.1273248942080742
Cora,p_point,p_point.yaml,0.01,3,42;212;2024,89.72939729397294,0.10652218988738979
Cora,p_point,p_point.yaml,0.05,3,42;212;2024,89.60639606396063,0.28183122355202067
Cora,p_point,p_point.yaml,0.1,3,42;212;2024,88.86838868388683,0.46431946096375964
Cora,p_point,p_point.yaml,0.15,3,42;212;2024,87.26937269372695,0.48814599835140016
Cora,r_point,r_point.yaml,0.01,3,42;212;2024,89.66789667896678,0.18450184501845324
Cora,r_point,r_point.yaml,0.05,3,42;212;2024,89.54489544895449,0.21304437977476676
Cora,r_point,r_point.yaml,0.1,3,42;212;2024,88.74538745387454,0.3195665696621502
Cora,r_point,r_point.yaml,0.15,3,42;212;2024,87.63837638376384,0.6391331393243067
Cora,random,random.yaml,0.01,3,42;212;2024,90.09840098400984,0.21304437977476676
Cora,random,random.yaml,0.05,3,42;212;2024,89.60639606396064,0.4260887595495399
Cora,random,random.yaml,0.1,3,42;212;2024,89.85239852398523,0.3195665696621565
Cora,random,random.yaml,0.15,3,42;212;2024,89.23739237392374,0.2818312235520219
PubMed,degree,degree.yaml,0.01,3,42;212;2024,88.38742393509128,0.25732483684311236
PubMed,degree,degree.yaml,0.05,3,42;212;2024,88.51419878296146,0.21958047763296915
PubMed,degree,degree.yaml,0.1,3,42;212;2024,88.75084516565246,0.038730355772111924
PubMed,degree,degree.yaml,0.15,3,42;212;2024,88.44658553076403,0.15283249932407952
PubMed,gt_full,gt_full.yaml,0.01,3,42;212;2024,88.31135902636917,0.10141987829614396
PubMed,gt_full,gt_full.yaml,0.05,3,42;212;2024,87.76200135226505,0.3451754201599408
PubMed,gt_full,gt_full.yaml,0.1,3,42;212;2024,86.48580121703854,0.7099391480730212
PubMed,gt_full,gt_full.yaml,0.15,3,42;212;2024,85.82657200811359,0.4265366085512321
PubMed,gt_full_all_trainable,gt_full_all_trainable.yaml,0.01,3,42;212;2024,88.48884381338743,0.04391609552659255
PubMed,gt_full_all_trainable,gt_full_all_trainable.yaml,0.05,3,42;212;2024,88.1423258958756,0.3848056943148111
PubMed,gt_full_all_trainable,gt_full_all_trainable.yaml,0.1,3,42;212;2024,87.4239350912779,0.22103950017954851
PubMed,gt_full_all_trainable,gt_full_all_trainable.yaml,0.15,3,42;212;2024,87.20419202163625,0.9440541953114114
PubMed,gt_full_all_trainable_hops3,gt_full_all_trainable_hops3.yaml,0.01,3,42;212;2024,88.60716700473293,0.014638698508868456
PubMed,gt_full_all_trainable_hops3,gt_full_all_trainable_hops3.yaml,0.05,3,42;212;2024,88.24374577417173,0.1649697540225053
PubMed,gt_full_all_trainable_hops3,gt_full_all_trainable_hops3.yaml,0.1,3,42;212;2024,87.67748478701826,0.6037464959325888
PubMed,gt_full_all_trainable_hops3,gt_full_all_trainable_hops3.yaml,0.15,3,42;212;2024,87.0605138607167,0.7445616798254586
PubMed,gt_full_sgc_all_trainable_hops3,gt_full_sgc_all_trainable_hops3.yaml,0.01,3,42;212;2024,88.67478025693035,0.03873035577210709
PubMed,gt_full_sgc_all_trainable_hops3,gt_full_sgc_all_trainable_hops3.yaml,0.05,3,42;212;2024,88.80155510480053,0.11982291141614215
PubMed,gt_full_sgc_all_trainable_hops3,gt_full_sgc_all_trainable_hops3.yaml,0.1,3,42;212;2024,88.45503718728871,0.42148267883001034
PubMed,gt_full_sgc_all_trainable_hops3,gt_full_sgc_all_trainable_hops3.yaml,0.15,3,42;212;2024,88.70858688302907,0.06380860746510024
PubMed,gt_simple,gt_simple.yaml,0.01,3,42;212;2024,88.38742393509128,0.11619106731632005
PubMed,gt_simple,gt_simple.yaml,0.05,3,42;212;2024,88.31135902636917,0.24187099427407355
PubMed,gt_simple,gt_simple.yaml,0.1,3,42;212;2024,88.00709939148072,0.2924077736985514
PubMed,gt_simple,gt_simple.yaml,0.15,3,42;212;2024,87.94793779580797,0.3210517226711108
PubMed,p_graph,p_graph.yaml,0.01,3,42;212;2024,88.27755240027045,0.3220513671950227
PubMed,p_graph,p_graph.yaml,0.05,3,42;212;2024,87.93948613928329,0.06380860746510024
PubMed,p_graph,p_graph.yaml,0.1,3,42;212;2024,86.71399594320486,0.5051941897862927
PubMed,p_graph,p_graph.yaml,0.15,3,42;212;2024,85.92799188640974,0.7313491430961457
PubMed,p_point,p_point.yaml,0.01,3,42;212;2024,88.48884381338742,0.14117049601496182
PubMed,p_point,p_point.yaml,0.05,3,42;212;2024,87.60141987829616,0.29893068262047834
PubMed,p_point,p_point.yaml,0.1,3,42;212;2024,86.12237998647736,0.5614470480136062
PubMed,p_point,p_point.yaml,0.15,3,42;212;2024,85.13353617308992,0.7155014879410708
PubMed,r_point,r_point.yaml,0.01,3,42;212;2024,88.2606490872211,0.16626365426729525
PubMed,r_point,r_point.yaml,0.05,3,42;212;2024,87.736646382691,0.3347752251578492
PubMed,r_point,r_point.yaml,0.1,3,42;212;2024,86.11392832995267,0.6212398737639263
PubMed,r_point,r_point.yaml,0.15,3,42;212;2024,85.09127789046653,0.7003664968018817
PubMed,random,random.yaml,0.01,3,42;212;2024,88.47194050033806,0.07746071154421295
PubMed,random,random.yaml,0.05,3,42;212;2024,88.36206896551724,0.16626365426728934
PubMed,random,random.yaml,0.1,3,42;212;2024,88.75929682217715,0.18689439137504538
PubMed,random,random.yaml,0.15,3,42;212;2024,88.6156186612576,0.36830220705714767
