dataset,selector,selector_seed,cell_id,selection_id_old,selection_id_new,selection_same,p0_old_pct,p0_new_pct,p0_delta_pp,gu_old_pct,gu_new_pct,gu_delta_pp,retrain_old_pct,retrain_new_pct,retrain_delta_pp,gap_old_pp,gap_new_pp,gap_delta_pp,p0_gu_old_pp,p0_gu_new_pp,p0_gu_delta_pp,p0_retrain_old_pp,p0_retrain_new_pp,p0_retrain_delta_pp,gnn_cell_cache,retrain_cell_cache,gnn_producer_called,retrain_producer_called
Cora,Degree,,b58ceb2e2b88abcfdce8,sel_ff46e44a_c86d7141,sel_ff46e44a_c86d7141,True,87.82287822878229,90.22140221402213,2.398523985239848,67.15867158671587,66.97416974169742,-0.18450184501844547,87.82287822878229,90.03690036900369,2.2140221402214024,20.664206642066418,23.062730627306266,2.398523985239848,20.664206642066418,23.24723247232471,2.5830258302582934,0.0,0.18450184501844547,0.18450184501844547,hit,hit,False,False
Cora,Random,104245,9dc2ccb3b00c61950b60,sel_0e6b18f1_8c32a4c4,sel_0e6b18f1_8c32a4c4,True,87.82287822878229,90.22140221402213,2.398523985239848,63.65313653136532,74.72324723247232,11.070110701106998,88.37638376383764,89.66789667896678,1.2915129151291467,24.723247232472318,14.944649446494466,-9.778597785977851,24.169741697416967,15.498154981549817,-8.67158671586715,-0.5535055350553506,0.5535055350553506,1.1070110701107012,hit,hit,False,False
Cora,Random,11,1438a3d71ddbfd1e38a7,sel_339a15c9_cc22381e,sel_339a15c9_cc22381e,True,87.82287822878229,90.22140221402213,2.398523985239848,74.90774907749078,74.72324723247232,-0.18450184501845968,87.82287822878229,90.40590405904058,2.5830258302582934,12.91512915129151,15.682656826568262,2.767527675276753,12.91512915129151,15.498154981549817,2.5830258302583076,0.0,-0.18450184501844547,-0.18450184501844547,hit,hit,False,False
Cora,Random,22,2f996511c07b8adecf63,sel_07b2c816_9229c586,sel_07b2c816_9229c586,True,87.82287822878229,90.22140221402213,2.398523985239848,63.09963099630996,78.04428044280442,14.94464944649446,88.19188191881919,90.40590405904058,2.214022140221388,25.09225092250923,12.361623616236159,-12.730627306273071,24.723247232472325,12.177121771217713,-12.546125461254611,-0.36900369003690514,-0.18450184501844547,0.18450184501845968,hit,hit,False,False
Cora,RR-1024,11,213145f7f61d1ce12328,sel_222a0228_18a2bbb3,sel_222a0228_18a2bbb3,True,87.82287822878229,90.22140221402213,2.398523985239848,69.37269372693727,63.09963099630996,-6.273062730627309,88.92988929889299,90.03690036900369,1.1070110701107012,19.557195571955717,26.937269372693727,7.3800738007380104,18.450184501845015,27.121771217712173,8.671586715867157,-1.1070110701107012,0.18450184501844547,1.2915129151291467,hit,hit,False,False
Cora,RR-1024,22,cf7c038868d53f62e2d0,sel_c80ac863_43aa5ce2,sel_c80ac863_43aa5ce2,True,87.82287822878229,90.22140221402213,2.398523985239848,69.74169741697416,66.42066420664207,-3.3210332103320894,87.26937269372694,88.74538745387454,1.4760147601476064,17.527675276752774,22.32472324723247,4.797047970479696,18.081180811808125,23.800738007380062,5.719557195571937,0.5535055350553506,1.4760147601475921,0.9225092250922415,miss,miss,True,True
Cora,RR-1024,33,1f08be789f48b895cd5d,sel_40c98231_302ca1fb,sel_40c98231_302ca1fb,True,87.82287822878229,90.22140221402213,2.398523985239848,67.15867158671587,66.23616236162361,-0.9225092250922557,88.00738007380073,90.59040590405904,2.5830258302583076,20.848708487084863,24.354243542435427,3.5055350553505633,20.664206642066418,23.98523985239852,3.3210332103321036,-0.18450184501844547,-0.36900369003690514,-0.18450184501845968,miss,miss,True,True
Cora,RR-4096,11,e28e76a4d9906922e56c,sel_99925bf3_f46fd9db,sel_99925bf3_f46fd9db,True,87.82287822878229,90.22140221402213,2.398523985239848,68.08118081180811,74.53874538745387,6.457564575645762,88.19188191881919,89.85239852398524,1.6605166051660518,20.11070110701108,15.313653136531372,-4.79704797047971,19.741697416974176,15.682656826568262,-4.059040590405914,-0.36900369003690514,0.36900369003689093,0.7380073800737961,hit,hit,False,False
Cora,RR-4096,22,05247fbab2b3d820f428,sel_efc4cd70_53f741b9,sel_efc4cd70_53f741b9,True,87.82287822878229,90.22140221402213,2.398523985239848,71.95571955719558,76.75276752767527,4.797047970479696,88.37638376383764,90.03690036900369,1.6605166051660518,16.42066420664206,13.284132841328415,-3.136531365313644,15.867158671586708,13.46863468634686,-2.398523985239848,-0.5535055350553506,0.18450184501844547,0.7380073800737961,hit,hit,False,False
Cora,RR-4096,33,3fdb4175762cd6e6c38a,sel_1d777e15_31a895e4,sel_1d777e15_31a895e4,True,87.82287822878229,90.22140221402213,2.398523985239848,66.23616236162361,65.86715867158671,-0.36900369003690514,87.08487084870849,88.74538745387454,1.6605166051660518,20.848708487084878,22.878228782287835,2.029520295202957,21.586715867158674,24.354243542435427,2.767527675276753,0.7380073800737961,1.4760147601475921,0.7380073800737961,hit,hit,False,False
Cora,RR-16384,11,6610063b8d53fde09791,sel_3ed1dc54_9fb9737f,sel_3ed1dc54_9fb9737f,True,87.82287822878229,90.22140221402213,2.398523985239848,60.88560885608856,74.35424354243543,13.468634686346867,87.4538745387454,88.92988929889299,1.4760147601475921,26.568265682656836,14.575645756457561,-11.992619926199275,26.937269372693727,15.867158671586708,-11.07011070110702,0.36900369003689093,1.2915129151291467,0.9225092250922557,hit,hit,False,False
Cora,RR-16384,22,532e2c6433080ca36428,sel_05903969_72a332b0,sel_05903969_72a332b0,True,87.82287822878229,90.22140221402213,2.398523985239848,71.40221402214021,72.69372693726937,1.2915129151291609,88.19188191881919,89.66789667896678,1.4760147601475921,16.789667896678978,16.97416974169741,0.18450184501843125,16.420664206642073,17.52767527675276,1.107011070110687,-0.36900369003690514,0.5535055350553506,0.9225092250922557,hit,hit,False,False
Cora,RR-16384,33,f833341c27f1f5ab3626,sel_d441151b_888c9717,sel_d441151b_888c9717,True,87.82287822878229,90.22140221402213,2.398523985239848,74.35424354243543,70.29520295202953,-4.0590405904059,88.00738007380073,89.2988929889299,1.2915129151291609,13.653136531365305,19.003690036900366,5.350553505535061,13.46863468634686,19.926199261992608,6.457564575645748,-0.18450184501844547,0.9225092250922415,1.107011070110687,hit,hit,False,False
Cora,CELF,11,31078ca3465d00bfd4c5,sel_c8acb4a6_1ca7a295,sel_c8acb4a6_1ca7a295,True,87.82287822878229,90.22140221402213,2.398523985239848,72.32472324723247,68.26568265682657,-4.0590405904059,87.63837638376384,89.11439114391145,1.4760147601476064,15.313653136531372,20.848708487084878,5.535055350553506,15.498154981549817,21.955719557195565,6.457564575645748,0.18450184501844547,1.107011070110687,0.9225092250922415,hit,hit,False,False
Cora,CELF,22,da3dfbcd5e5969328f76,sel_4d5151eb_d86799a4,sel_4d5151eb_d86799a4,True,87.82287822878229,90.22140221402213,2.398523985239848,64.20664206642066,69.37269372693727,5.166051660516615,88.19188191881919,89.85239852398524,1.6605166051660518,23.985239852398536,20.479704797047972,-3.5055350553505633,23.61623616236163,20.848708487084863,-2.7675276752767672,-0.36900369003690514,0.36900369003689093,0.7380073800737961,miss,miss,True,True
Cora,CELF,33,9885fa033503e61db93c,sel_67847f02_c1c4257d,sel_67847f02_c1c4257d,True,87.82287822878229,90.22140221402213,2.398523985239848,73.80073800738008,67.89667896678966,-5.904059040590411,88.37638376383764,89.2988929889299,0.9225092250922557,14.575645756457561,21.402214022140228,6.826568265682667,14.02214022140221,22.32472324723247,8.302583025830259,-0.5535055350553506,0.9225092250922415,1.4760147601475921,miss,miss,True,True
CiteSeer,Degree,,39d08854264537f73e6b,sel_abe5882c_46b01259,sel_abe5882c_46b01259,True,76.72672672672672,74.47447447447448,-2.252252252252248,75.52552552552552,73.12312312312312,-2.4024024024024015,75.52552552552552,74.62462462462463,-0.9009009009008935,0.0,1.501501501501508,1.501501501501508,1.2012012012012008,1.3513513513513544,0.15015015015015365,1.2012012012012008,-0.15015015015015365,-1.3513513513513544,hit,hit,False,False
CiteSeer,Random,104245,d6e297d91b0b375cd100,sel_c5d5b29a_ceea18e1,sel_c5d5b29a_ceea18e1,True,76.72672672672672,74.47447447447448,-2.252252252252248,76.42642642642643,75.97597597597597,-0.45045045045046095,76.72672672672672,74.17417417417418,-2.552552552552541,0.3003003003002931,-1.801801801801787,-2.10210210210208,0.3003003003002931,-1.5015015015014939,-1.801801801801787,0.0,0.3003003003002931,0.3003003003002931,hit,hit,False,False
CiteSeer,Random,11,fe0174b44da0762bc8e5,sel_2f4a5407_8ac4d2ce,sel_2f4a5407_8ac4d2ce,True,76.72672672672672,74.47447447447448,-2.252252252252248,76.57657657657657,75.67567567567568,-0.9009009009008935,76.87687687687688,75.52552552552552,-1.3513513513513544,0.3003003003003073,-0.15015015015015365,-0.45045045045046095,0.15015015015015365,-1.2012012012012008,-1.3513513513513544,-0.15015015015015365,-1.0510510510510471,-0.9009009009008935,hit,hit,False,False
CiteSeer,Random,22,84c6304d5f651980928b,sel_ba7995bb_4f2b91bf,sel_ba7995bb_4f2b91bf,True,76.72672672672672,74.47447447447448,-2.252252252252248,75.97597597597597,75.37537537537537,-0.6006006006006004,75.67567567567568,74.47447447447448,-1.2012012012012008,-0.3003003003002931,-0.9009009009008935,-0.6006006006006004,0.750750750750754,-0.9009009009008935,-1.6516516516516475,1.0510510510510471,0.0,-1.0510510510510471,hit,hit,False,False
CiteSeer,RR-1024,11,1995dbaffc3b420cdfbe,sel_0d5be12d_fd207043,sel_0d5be12d_fd207043,True,76.72672672672672,74.47447447447448,-2.252252252252248,76.27627627627628,74.02402402402403,-2.252252252252248,76.12612612612612,76.12612612612612,0.0,-0.15015015015015365,2.1021021021020942,2.252252252252248,0.45045045045044674,0.45045045045044674,0.0,0.6006006006006004,-1.6516516516516475,-2.252252252252248,hit,hit,False,False
CiteSeer,RR-1024,22,4f2300ce5abd63960c7e,sel_e1a1e4d0_016c57c3,sel_e1a1e4d0_016c57c3,True,76.72672672672672,74.47447447447448,-2.252252252252248,75.07507507507508,74.47447447447448,-0.6006006006006004,76.12612612612612,74.77477477477478,-1.3513513513513402,1.0510510510510471,0.3003003003003073,-0.7507507507507398,1.6516516516516475,0.0,-1.6516516516516475,0.6006006006006004,-0.3003003003003073,-0.9009009009009077,miss,miss,True,True
CiteSeer,RR-1024,33,f36f1c7e6b2f55773123,sel_f8cfbb62_470e3e72,sel_f8cfbb62_470e3e72,True,76.72672672672672,74.47447447447448,-2.252252252252248,72.07207207207207,74.92492492492492,2.8528528528528483,76.72672672672672,76.42642642642643,-0.3003003003002931,4.6546546546546494,1.501501501501508,-3.1531531531531414,4.6546546546546494,-0.45045045045044674,-5.105105105105096,0.0,-1.9519519519519548,-1.9519519519519548,miss,miss,True,True
CiteSeer,RR-4096,11,e5127bbf47893aca4e28,sel_2e17c560_c274c8cd,sel_2e17c560_c274c8cd,True,76.72672672672672,74.47447447447448,-2.252252252252248,73.27327327327328,74.47447447447448,1.2012012012012008,77.02702702702703,75.67567567567568,-1.3513513513513544,3.753753753753756,1.2012012012012008,-2.552552552552555,3.4534534534534487,0.0,-3.4534534534534487,-0.3003003003003073,-1.2012012012012008,-0.9009009009008935,hit,hit,False,False
CiteSeer,RR-4096,22,5332a3d15cd64215cb24,sel_bdd52246_d4ce5088,sel_bdd52246_d4ce5088,True,76.72672672672672,74.47447447447448,-2.252252252252248,75.37537537537537,75.97597597597597,0.6006006006006004,76.42642642642643,74.32432432432432,-2.1021021021021085,1.0510510510510613,-1.6516516516516475,-2.702702702702709,1.3513513513513544,-1.5015015015014939,-2.8528528528528483,0.3003003003002931,0.15015015015015365,-0.15015015015013944,hit,hit,False,False
CiteSeer,RR-4096,33,287109fe7c78df520889,sel_7c21e986_235ef86d,sel_7c21e986_235ef86d,True,76.72672672672672,74.47447447447448,-2.252252252252248,74.32432432432432,75.37537537537537,1.0510510510510471,76.72672672672672,74.77477477477478,-1.9519519519519406,2.4024024024024015,-0.6006006006005862,-3.0030030030029877,2.4024024024024015,-0.9009009009008935,-3.303303303303295,0.0,-0.3003003003003073,-0.3003003003003073,hit,hit,False,False
CiteSeer,RR-16384,11,bfca914a8edcff7a62b4,sel_acf4b77b_9d850187,sel_acf4b77b_9d850187,True,76.72672672672672,74.47447447447448,-2.252252252252248,69.66966966966966,74.02402402402403,4.354354354354371,76.12612612612612,75.07507507507508,-1.0510510510510471,6.456456456456465,1.0510510510510471,-5.405405405405418,7.057057057057065,0.45045045045044674,-6.6066066066066185,0.6006006006006004,-0.6006006006006004,-1.2012012012012008,hit,hit,False,False
CiteSeer,RR-16384,22,1350510a28039a941014,sel_e568c96b_904e7a5c,sel_e568c96b_904e7a5c,True,76.72672672672672,74.47447447447448,-2.252252252252248,75.82582582582582,74.17417417417418,-1.6516516516516333,76.27627627627628,75.07507507507508,-1.2012012012012008,0.45045045045046095,0.9009009009008935,0.4504504504504325,0.9009009009009077,0.3003003003002931,-0.6006006006006146,0.45045045045044674,-0.6006006006006004,-1.0510510510510471,hit,hit,False,False
CiteSeer,RR-16384,33,e3c1040e05a79fda801c,sel_90af49bc_225172c5,sel_90af49bc_225172c5,True,76.72672672672672,74.47447447447448,-2.252252252252248,73.57357357357357,73.12312312312312,-0.45045045045044674,76.27627627627628,74.17417417417418,-2.1021021021020942,2.702702702702709,1.0510510510510613,-1.6516516516516475,3.1531531531531556,1.3513513513513544,-1.8018018018018012,0.45045045045044674,0.3003003003002931,-0.15015015015015365,hit,hit,False,False
CiteSeer,CELF,11,5db3413c0fef6dcbad4d,sel_a63b1685_203a7204,sel_a63b1685_203a7204,True,76.72672672672672,74.47447447447448,-2.252252252252248,72.67267267267268,73.72372372372372,1.0510510510510471,76.12612612612612,74.02402402402403,-2.1021021021020942,3.4534534534534487,0.3003003003003073,-3.1531531531531414,4.054054054054049,0.750750750750754,-3.303303303303295,0.6006006006006004,0.45045045045044674,-0.15015015015015365,hit,hit,False,False
CiteSeer,CELF,22,94c95e517e077db34e33,sel_b7f1c608_6ba16ffa,sel_b7f1c608_6ba16ffa,True,76.72672672672672,74.47447447447448,-2.252252252252248,69.96996996996997,73.57357357357357,3.6036036036036023,75.67567567567568,74.17417417417418,-1.5015015015014939,5.705705705705711,0.6006006006006146,-5.105105105105096,6.756756756756758,0.9009009009009077,-5.85585585585585,1.0510510510510471,0.3003003003002931,-0.750750750750754,miss,miss,True,True
CiteSeer,CELF,33,f1ad059f0e34b416a7fb,sel_f55d5239_e1dd26a3,sel_f55d5239_e1dd26a3,True,76.72672672672672,74.47447447447448,-2.252252252252248,71.47147147147147,76.27627627627628,4.804804804804803,76.27627627627628,73.57357357357357,-2.702702702702709,4.804804804804803,-2.702702702702709,-7.507507507507512,5.25525525525525,-1.8018018018018012,-7.057057057057051,0.45045045045044674,0.9009009009009077,0.45045045045046095,miss,miss,True,True
PubMed,Degree,,2bfb517634b5687ab92f,sel_435257f7_0fc3e473,sel_435257f7_0fc3e473,True,85.29411764705883,88.56490872210954,3.2707910750507097,80.85699797160242,87.2210953346856,6.364097363083175,85.37018255578094,88.71703853955376,3.3468559837728122,4.513184584178518,1.495943204868155,-3.017241379310363,4.437119675456401,1.3438133874239355,-3.0933062880324655,-0.0760649087221168,-0.15212981744421938,-0.07606490872210259,hit,hit,False,False
PubMed,Random,104245,b18768fea1df96e6889e,sel_2742b014_42ca31c5,sel_2742b014_42ca31c5,True,85.29411764705883,88.56490872210954,3.2707910750507097,75.81135902636917,86.35902636916836,10.547667342799187,85.44624746450305,88.69168356997972,3.2454361054766707,9.63488843813387,2.3326572008113544,-7.302231237322516,9.482758620689651,2.205882352941174,-7.276876267748477,-0.15212981744421938,-0.12677484787018045,0.025354969574038932,hit,hit,False,False
PubMed,Random,11,dd60ef7eef81a9ae2d4c,sel_6573d457_eb63973f,sel_6573d457_eb63973f,True,85.29411764705883,88.56490872210954,3.2707910750507097,80.67951318458418,86.86612576064908,6.186612576064903,85.29411764705883,88.7423935091278,3.448275862068968,4.614604462474645,1.8762677484787105,-2.7383367139959347,4.614604462474645,1.6987829614604522,-2.915821501014193,0.0,-0.17748478701825832,-0.17748478701825832,hit,hit,False,False
PubMed,Random,22,91d07e063d9902235d8f,sel_53170519_cecc2743,sel_53170519_cecc2743,True,85.29411764705883,88.56490872210954,3.2707910750507097,75.8367139959432,85.47160243407707,9.63488843813387,85.72515212981745,88.41277890466532,2.687626774847871,9.888438133874246,2.941176470588246,-6.947261663286,9.457403651115627,3.0933062880324655,-6.364097363083161,-0.4310344827586192,0.15212981744421938,0.5831643002028386,hit,hit,False,False
PubMed,RR-1024,11,dc8f1469493b400a1f52,sel_3702aa28_a13b4017,sel_3702aa28_a13b4017,True,85.29411764705883,88.56490872210954,3.2707910750507097,75.15212981744422,85.59837728194725,10.446247464503031,85.420892494929,88.36206896551724,2.941176470588232,10.268762677484787,2.763691683569988,-7.505070993914799,10.141987829614607,2.966531440162285,-7.175456389452322,-0.12677484787018045,0.20283975659229725,0.3296146044624777,hit,hit,False,False
PubMed,RR-1024,22,1acce56dddc459a1cfb6,sel_a5283cb0_39d22001,sel_a5283cb0_39d22001,True,85.29411764705883,88.56490872210954,3.2707910750507097,74.84787018255578,85.420892494929,10.573022312373226,85.5476673427992,88.43813387423936,2.890466531440154,10.69979716024342,3.0172413793103487,-7.682555780933072,10.446247464503045,3.144016227180529,-7.302231237322516,-0.2535496957403751,0.12677484787018045,0.38032454361055557,miss,miss,True,True
PubMed,RR-1024,33,59a4a28abd16a944145a,sel_0fb22a21_65a4f41e,sel_0fb22a21_65a4f41e,True,85.29411764705883,88.56490872210954,3.2707910750507097,74.49290060851928,85.44624746450305,10.953346855983767,85.44624746450305,88.2606490872211,2.8144016227180515,10.953346855983767,2.8144016227180515,-8.138945233265716,10.801217038539548,3.1186612576064903,-7.682555780933058,-0.15212981744421938,0.30425963488843877,0.45638945233265815,miss,miss,True,True
PubMed,RR-4096,11,504000d43c535405a5ca,sel_5d482488_7a37ce01,sel_5d482488_7a37ce01,True,85.29411764705883,88.56490872210954,3.2707910750507097,74.97464503042596,84.98985801217039,10.015212981744426,85.52231237322515,88.51419878296146,2.99188640973631,10.547667342799187,3.5243407707910706,-7.023326572008116,10.319472616632865,3.5750507099391484,-6.7444219066937166,-0.22819472616632197,0.050709939148077865,0.27890466531439984,hit,hit,False,False
PubMed,RR-4096,22,34ef654b3c1c361681e8,sel_06ed1ae8_a1d1caa4,sel_06ed1ae8_a1d1caa4,True,85.29411764705883,88.56490872210954,3.2707910750507097,74.87322515212982,84.73630831643003,9.863083164300207,85.49695740365112,88.69168356997972,3.194726166328593,10.623732251521304,3.9553752535496898,-6.668356997971614,10.420892494929006,3.8286004056795093,-6.592292089249497,-0.20283975659229725,-0.12677484787018045,0.0760649087221168,hit,hit,False,False
PubMed,RR-4096,33,d9402abdcc62fefb565b,sel_250b0af5_141300cd,sel_250b0af5_141300cd,True,85.29411764705883,88.56490872210954,3.2707910750507097,76.57200811359026,86.76470588235294,10.192697768762685,85.57302231237323,88.56490872210954,2.99188640973631,9.001014198782968,1.8002028397565937,-7.200811359026375,8.722109533468569,1.8002028397565937,-6.921906693711975,-0.27890466531439984,0.0,0.27890466531439984,hit,hit,False,False
PubMed,RR-16384,11,9c956233621048d5e6d2,sel_6a824110_65a428a6,sel_6a824110_65a428a6,True,85.29411764705883,88.56490872210954,3.2707910750507097,78.57505070993915,84.96450304259635,6.3894523326572,85.37018255578094,88.15922920892496,2.7890466531440126,6.795131845841794,3.194726166328607,-3.6004056795131874,6.719066937119678,3.6004056795131874,-3.1186612576064903,-0.0760649087221168,0.4056795131845803,0.4817444219066971,hit,hit,False,False
PubMed,RR-16384,22,dcc97893f70cdffab563,sel_9b07bccb_a5f33f19,sel_9b07bccb_a5f33f19,True,85.29411764705883,88.56490872210954,3.2707910750507097,76.09026369168357,84.50811359026369,8.417849898580116,85.29411764705883,88.15922920892496,2.8651115618661294,9.203853955375251,3.651115618661265,-5.552738336713986,9.203853955375251,4.0567951318458455,-5.147058823529406,0.0,0.4056795131845803,0.4056795131845803,hit,hit,False,False
PubMed,RR-16384,33,6f33f0a5b1f059070770,sel_f222f957_1a2e5523,sel_f222f957_1a2e5523,True,85.29411764705883,88.56490872210954,3.2707910750507097,78.32150101419877,84.00101419878297,5.679513184584195,85.49695740365112,88.61561866125761,3.1186612576064903,7.17545638945235,4.614604462474645,-2.560851926977705,6.972616632860053,4.563894523326567,-2.4087221095334854,-0.20283975659229725,-0.050709939148077865,0.15212981744421938,hit,hit,False,False
PubMed,CELF,11,56076e0b7268a2f171d1,sel_f9fc7e97_02641cde,sel_f9fc7e97_02641cde,True,85.29411764705883,88.56490872210954,3.2707910750507097,82.09939148073022,86.86612576064908,4.766734279918865,85.29411764705883,88.3367139959432,3.0425963488843735,3.194726166328607,1.470588235294116,-1.724137931034491,3.194726166328607,1.6987829614604522,-1.495943204868155,0.0,0.22819472616633618,0.22819472616633618,hit,hit,False,False
PubMed,CELF,22,9d0eca83027fedc6c740,sel_b670d8d9_2afbfc29,sel_b670d8d9_2afbfc29,True,85.29411764705883,88.56490872210954,3.2707910750507097,80.65415821501014,86.68864097363083,6.034482758620683,85.420892494929,88.56490872210954,3.144016227180529,4.766734279918865,1.8762677484787105,-2.890466531440154,4.639959432048684,1.8762677484787105,-2.7636916835699736,-0.12677484787018045,0.0,0.12677484787018045,miss,miss,True,True
PubMed,CELF,33,bc4211c520e6caadb39c,sel_a049fe23_64efe27e,sel_a049fe23_64efe27e,True,85.29411764705883,88.56490872210954,3.2707910750507097,82.50507099391481,86.91683569979716,4.411764705882348,85.49695740365112,88.41277890466532,2.915821501014193,2.99188640973631,1.495943204868155,-1.495943204868155,2.7890466531440126,1.6480730223123743,-1.1409736308316383,-0.20283975659229725,0.15212981744421938,0.35496957403651663,miss,miss,True,True
