budget,dataset,family,method,n_seeds,removed_directed_edges_mean,removed_directed_edges_std,retained_train_accuracy_drop_mean,retained_train_accuracy_drop_std,test_accuracy_drop_mean,test_accuracy_drop_std,test_loss_increase_mean,test_loss_increase_std,validation_accuracy_drop_mean,validation_accuracy_drop_std,validation_loss_increase_mean,validation_loss_increase_std
3,CiteSeer,A,a_grad_norm,3,42.666666666666664,12.220201853215572,-0.016096870104471844,0.00833700669138831,0.008000016212463379,0.0059999823570251465,-0.014252901077270508,0.019610097843815566,0.0006666978200276693,0.014742231165789425,-0.012397329012552897,0.021286546784127135
7,CiteSeer,A,a_grad_norm,3,81.33333333333333,7.023769168568493,-0.024139622847239178,0.0080766119253047,0.010333359241485596,0.011930348063059749,-0.013249516487121582,0.01273645678275991,0.0026666919390360513,0.013012825300327267,-0.013436992963155111,0.018380868448174256
14,CiteSeer,A,a_grad_norm,3,136.0,10.0,-0.0357442299524943,0.009321057073128218,-0.0056666334470113116,0.007023766430418715,-0.029010454813639324,0.04084328916776669,-0.002666652202606201,0.017925767089599146,-0.03518060843149821,0.04332924532846936
3,CiteSeer,B,b_param_hutch,3,37.333333333333336,10.066445913694333,-0.016096870104471844,0.008226744996183198,0.0066666801770528155,0.006110113309081226,-0.006551901499430339,0.005599768039689433,0.0066666801770528155,0.011015147183954568,-0.0052560170491536455,0.00967536762534328
7,CiteSeer,B,b_param_hutch,3,74.0,17.320508075688775,-0.027089476585388184,0.012789065649293292,0.002333343029022217,0.0025166067100310207,-0.014499227205912272,0.028545948898308443,-0.00799997647603353,0.007999986410159496,-0.01878360907236735,0.025880436890861017
14,CiteSeer,B,b_param_hutch,3,126.0,15.0996688705415,-0.0357442299524943,0.012864624736974905,0.0040000081062316895,0.004358897521483714,-0.011632363001505533,0.017498065970362207,-0.002666652202606201,0.008326647466999484,-0.023207585016886394,0.010931870459110444
3,CiteSeer,B,b_param_lissa,3,44.666666666666664,9.865765724632494,-0.016096870104471844,0.014558697698649823,0.006000022093454997,0.003464091428961474,-0.0038841962814331055,0.02013601680280273,0.008000016212463379,0.01311488544743702,-0.003373305002848307,0.023830660630036825
7,CiteSeer,B,b_param_lissa,3,86.0,2.0,-0.027089476585388184,0.012789065649293292,0.006333351135253906,0.005686258341227467,-0.012143254280090332,0.020580111602024817,-0.0013332962989807129,0.010263219806144832,-0.012598554293314615,0.020717551169323885
14,CiteSeer,B,b_param_lissa,3,128.0,10.583005244258363,-0.038888891537984215,0.01272939730775761,0.0010000268618265788,3.4412757706023796e-08,-0.03210043907165527,0.035417205995255385,-0.007999996344248453,0.007211100633292485,-0.047411203384399414,0.033416884966535006
3,CiteSeer,control,degree,3,84.0,0.0,-0.016096870104471844,0.008226744996183198,0.008666674296061197,0.009018502360803196,0.014915148417154947,0.031596318852737705,0.009333352247873941,0.013316656368259494,0.01737523078918457,0.03287367814247664
7,CiteSeer,control,degree,3,166.0,0.0,-0.024139622847239178,0.0080766119253047,0.01933334271113078,0.011930336405599509,0.03082863489786784,0.033044302008500025,0.01133336623509725,0.009018502360803196,0.032053192456563316,0.035520192362161924
14,CiteSeer,control,degree,3,260.0,0.0,-0.026310265064239502,0.012864616602175962,0.03533335526784261,0.005507602451468756,0.08223176002502441,0.036048576436841895,0.03266670306523641,0.016773003283409027,0.08712391058603923,0.03797223018436722
3,CiteSeer,C-GIF,gt_full,3,16.666666666666668,4.163331998932265,-0.004700859387715657,0.009624884137650062,0.00733335812886556,0.005033217367313541,-0.011853933334350586,0.01785082386554041,-0.0006666382153828939,0.012055422312406465,-0.007683475812276204,0.019537208349395686
7,CiteSeer,C-GIF,gt_full,3,39.333333333333336,10.066445913694333,-0.00939035415649414,0.012789065649293292,0.014666696389516195,0.0035118704860180924,-0.010149757067362467,0.03485596820611855,0.0020000338554382324,0.015620504297091001,0.00048160552978515625,0.03252338742115326
14,CiteSeer,C-GIF,gt_full,3,90.66666666666667,25.716402029314544,-0.013731658458709717,0.017219941509787864,0.030333340167999268,0.02214348033440121,0.02635792891184489,0.02530762106754369,0.02199999491373698,0.005291502081462652,0.03365826606750488,0.021948044286051238
3,CiteSeer,C-IF,gt_simple,3,56.666666666666664,4.618802153517006,-0.007549862066904704,0.00844579886516981,0.002333362897237142,0.009237588614816498,0.004155198733011882,0.02387332604591162,0.0013333559036254883,0.013613734484695132,0.006531357765197754,0.023597489474966985
7,CiteSeer,C-IF,gt_simple,3,111.33333333333333,9.237604307034012,-0.00939035415649414,0.004542640974590834,0.029000004132588703,0.011789823473428133,0.03961416085561117,0.008704579676327887,0.028000017007191975,0.01777638462324675,0.05484656492869059,0.01168155509970513
14,CiteSeer,C-IF,gt_simple,3,194.0,3.4641016151377544,-0.02002096176147461,0.00968526706421331,0.06966668367385864,0.012741017399969542,0.08509103457132976,0.006710709462821506,0.08266669511795044,0.006429107355579516,0.10039854049682617,0.012183045813452567
3,CiteSeer,legacy,legacy,3,39.333333333333336,3.0550504633038935,-0.01039886474609375,0.0048834778162586395,0.0010000268618265788,0.00818533841203231,-0.012097835540771484,0.012995852334903114,-0.004666646321614583,0.020232002360753655,-0.006633321444193522,0.015758407484375195
7,CiteSeer,legacy,legacy,3,93.33333333333333,25.482019804821856,-0.012340207894643148,0.010099313685276003,0.03400003910064697,0.007810252148545501,0.037310282389322914,0.013768744910418148,0.032666683197021484,0.012858205440076166,0.04945055643717448,0.013240720436373315
14,CiteSeer,legacy,legacy,3,146.0,14.0,-0.010587016741434732,0.00968523287436867,0.11133335034052531,0.03302021808152126,0.13513636589050293,0.04337538689950252,0.10733336210250854,0.01616580834355632,0.16239750385284424,0.07892833084355283
3,CiteSeer,C-GIF,p_graph,3,16.0,5.291502622129181,-0.004700859387715657,0.009624884137650062,0.009666681289672852,0.0020816726041946974,-0.008213082949320475,0.01522752956817568,-0.001999974250793457,0.013999998569488525,-0.003539601961771647,0.016742488650291418
7,CiteSeer,C-GIF,p_graph,3,38.0,10.0,-0.00939035415649414,0.012789065649293292,0.011333346366882324,0.007637618874451828,0.00016188621520996094,0.031593165906515654,0.004000027974446614,0.014422209532278588,0.006246089935302734,0.031642099229924635
14,CiteSeer,C-GIF,p_graph,3,79.33333333333333,17.009801096230763,-0.010587016741434732,0.018156367812095044,0.028000017007191975,0.01808314912529864,0.02745513121287028,0.04045579687504914,0.022000014781951904,0.01248999267535469,0.035274505615234375,0.03564771483345277
3,CiteSeer,C-point,p_point,3,40.0,4.0,-0.01039886474609375,0.004692761259840742,0.004666686058044434,0.004725788416756798,0.006316979726155599,0.013327239186288553,0.0066666801770528155,0.0253245829624256,0.006555398305257161,0.016882280575024344
7,CiteSeer,C-point,p_point,3,71.33333333333333,8.082903768654761,-0.015290061632792154,0.0007885307364440997,0.03833333651224772,0.0210317200584088,0.03802597522735596,0.006335639033040228,0.016666690508524578,0.008082917691091247,0.033387184143066406,0.007612471674179194
14,CiteSeer,C-point,p_point,3,114.0,5.291502622129181,-0.023165603478749592,0.008429706136968047,0.13200002908706665,0.030643129603357803,0.16004021962483725,0.03578712262866804,0.0953333576520284,0.009865741413388692,0.1420880158742269,0.025311811826488062
3,CiteSeer,C-IF,p_simple,3,55.333333333333336,6.110100926607787,-0.004700859387715657,0.005006553789549959,0.0016666849454243977,0.009865761551941759,0.0038442611694335938,0.02440828097718009,0.008000016212463379,0.0034641086354685238,0.0028291543324788413,0.029971771177092914
7,CiteSeer,C-IF,p_simple,3,110.66666666666667,9.865765724632494,-0.006440500418345134,0.008623691428039884,0.017333348592122395,0.014571652326451523,0.028962572415669758,0.0359205144887149,0.01533337434132894,0.02419366694516453,0.039031783739725746,0.04660839011139631
14,CiteSeer,C-IF,p_simple,3,194.0,3.4641016151377544,-0.02316562334696452,0.007789536717633733,0.06833334763844807,0.01193035722246708,0.08646086851755778,0.006662378872399627,0.08000002304712932,0.0020000040531898593,0.10142536958058675,0.01256061286370015
3,CiteSeer,C-point,r_point,3,40.0,4.0,-0.01039886474609375,0.004692761259840742,0.004666686058044434,0.004725788416756798,0.006316979726155599,0.013327239186288553,0.0066666801770528155,0.0253245829624256,0.006555398305257161,0.016882280575024344
7,CiteSeer,C-point,r_point,3,83.33333333333333,5.033222956847166,-0.021189769109090168,0.004371835159386111,0.03100001811981201,0.014730944657941582,0.03599862257639567,0.003931114156379268,0.02200003465016683,0.023065133169329843,0.034282167752583824,0.010648531797975426
14,CiteSeer,C-point,r_point,3,112.0,5.291502622129181,-0.02002096176147461,0.0038971699273270153,0.11133337020874023,0.07046512660193563,0.14759302139282227,0.06082328996486808,0.09133334954579671,0.03384276774992739,0.1406418482462565,0.027891109072581827
3,CiteSeer,control,random,3,10.666666666666666,4.618802153517006,-0.004700859387715657,0.004627461032680736,0.0006666978200276693,0.00472582205027353,-0.008099039395650228,0.02060410362061006,-0.0019999941190083823,0.008717808717096358,-0.008869449297587076,0.019784965432791526
7,CiteSeer,control,random,3,30.0,5.291502622129181,-0.00939035415649414,0.009477021001253617,0.013666689395904541,0.00986577564891645,0.011245409647623697,0.0052174533864193535,0.008666694164276123,0.017009791181866914,0.005122701327006022,0.010994343359724799
14,CiteSeer,control,random,3,79.33333333333333,11.015141094572204,-0.007442355155944824,0.009321072489966368,0.019666671752929688,0.025006671962535004,0.03314614295959473,0.03134785345225652,0.018000006675720215,0.029051661055554196,0.0307772954305013,0.03554943780869392
3,CiteSeer,C-GIF,tracin_cp_graph_3,3,12.666666666666666,5.773502691896257,-0.007549862066904704,0.008226744996183198,0.005000015099843343,0.003464091428961474,-0.0066606998443603516,0.01691962469063141,-0.001333316167195638,0.012858193078621943,-0.0028687318166097007,0.018020750322422775
7,CiteSeer,C-GIF,tracin_cp_graph_3,3,31.333333333333332,7.571877794400365,-0.0034906466801961264,0.009636348674917075,0.034000019232432045,0.008717774531496095,0.033365090688069664,0.03462421907398815,0.021333356698354084,0.012220200604583556,0.032859365145365395,0.03054144929580277
14,CiteSeer,C-GIF,tracin_cp_graph_3,3,69.33333333333333,30.28751117760146,-0.010586996873219809,0.014267781546908762,0.11133333047231038,0.05571654983116162,0.1343159278233846,0.02539594857697429,0.07866668701171875,0.025006671962535004,0.1239026387532552,0.003026933173417717
3,CiteSeer,C-GIF,tracin_cp_graph_6,3,11.333333333333334,5.033222956847166,-0.007549862066904704,0.008226744996183198,0.005666693051656087,0.004618811513787102,-0.006633202234903972,0.016965575113488594,0.0006666978200276693,0.01527526376251993,-0.003130356470743815,0.017572114355288923
7,CiteSeer,C-GIF,tracin_cp_graph_6,3,28.0,2.0,-0.006440500418345134,0.0080766119253047,0.048666675885518394,0.01709777797129083,0.03362361590067545,0.008507976834412331,0.03200002511342367,0.007211100633292485,0.033940513928731285,0.010483352273517188
14,CiteSeer,C-GIF,tracin_cp_graph_6,3,70.66666666666667,18.583146486355137,-0.010587016741434732,0.0038971486849975335,0.11266668637593587,0.030566860777185872,0.11199275652567546,0.014991497824497983,0.0793333649635315,0.008326647466999484,0.1007927656173706,0.022938598586485087
3,CiteSeer,C-point,tracin_cp_point_3,3,46.666666666666664,8.32666399786453,-0.01039886474609375,0.009561441805367063,0.013333360354105631,0.0025166106573986146,0.017965157826741535,0.010966463844625763,0.016666690508524578,0.024193666945164526,0.018392562866210938,0.0159602896553154
7,CiteSeer,C-point,tracin_cp_point_3,3,90.66666666666667,35.23256069793016,-0.00939035415649414,0.004542640974590834,0.06833336750666301,0.043015513776421835,0.06539944807688396,0.020895263871157144,0.036666671435038246,0.016289050829665034,0.05454476674397787,0.011294232154412914
14,CiteSeer,C-point,tracin_cp_point_3,3,112.0,41.32795663954365,-0.013731658458709717,0.0016811939121754882,0.1266666849454244,0.03707202448696225,0.19161319732666016,0.04660381679549009,0.0980000098546346,0.020297768471144242,0.1710660457611084,0.029732254990544913
3,CiteSeer,C-point,tracin_cp_point_6,3,46.666666666666664,8.32666399786453,-0.01039886474609375,0.009561441805367063,0.013333360354105631,0.0025166106573986146,0.017965157826741535,0.010966463844625763,0.016666690508524578,0.024193666945164526,0.018392562866210938,0.0159602896553154
7,CiteSeer,C-point,tracin_cp_point_6,3,81.33333333333333,26.857649437978246,-0.00939035415649414,0.004542640974590834,0.06566669543584187,0.04338587967472107,0.061241865158081055,0.024761353660672003,0.03866666555404663,0.01446834165411446,0.05165672302246094,0.010763807368647094
14,CiteSeer,C-point,tracin_cp_point_6,3,112.66666666666667,39.1066916694999,-0.016876320044199627,0.009321057073128218,0.1426666776339213,0.0161967050407956,0.20338129997253418,0.04374922189185052,0.09866668780644734,0.00503324499928142,0.1779871384302775,0.028623244375678234
3,CiteSeer,C-IF,tracin_cp_simple_3,3,56.666666666666664,4.618802153517006,-0.007549862066904704,0.00844579886516981,0.002333362897237142,0.009237588614816498,0.004155198733011882,0.02387332604591162,0.0013333559036254883,0.013613734484695132,0.006531357765197754,0.023597489474966985
7,CiteSeer,C-IF,tracin_cp_simple_3,3,111.33333333333333,9.237604307034012,-0.00939035415649414,0.004542640974590834,0.029000004132588703,0.011789823473428133,0.031048138936360676,0.02035815130647847,0.02933335304260254,0.01553489748662739,0.047410289446512856,0.022801549390818666
14,CiteSeer,C-IF,tracin_cp_simple_3,3,187.33333333333334,12.220201853215574,-0.02002096176147461,0.0038971699273270153,0.07500000794728597,0.027874743610125978,0.10452755292256673,0.01059994354892592,0.07666669289271037,0.0234378746986154,0.11601968606313069,0.01867147772196223
3,CiteSeer,C-IF,tracin_cp_simple_6,3,56.666666666666664,4.618802153517006,-0.007549862066904704,0.00844579886516981,0.002333362897237142,0.009237588614816498,0.004155198733011882,0.02387332604591162,0.0013333559036254883,0.013613734484695132,0.006531357765197754,0.023597489474966985
7,CiteSeer,C-IF,tracin_cp_simple_6,3,111.33333333333333,9.237604307034012,-0.00939035415649414,0.004542640974590834,0.029000004132588703,0.011789823473428133,0.031048138936360676,0.02035815130647847,0.02933335304260254,0.01553489748662739,0.047410289446512856,0.022801549390818666
14,CiteSeer,C-IF,tracin_cp_simple_6,3,187.33333333333334,12.220201853215574,-0.02002096176147461,0.0038971699273270153,0.07500000794728597,0.027874743610125978,0.10452755292256673,0.01059994354892592,0.07666669289271037,0.0234378746986154,0.11601968606313069,0.01867147772196223
3,Cora,A,a_grad_norm,3,78.66666666666667,34.07834111768548,-0.007142841815948486,0.0,0.009666661421457926,0.010692656018816426,0.011117438475290934,0.029793869176568885,-0.000666658083597819,0.0117189373493077,0.007976949214935303,0.02915260550653379
7,Cora,A,a_grad_norm,3,124.66666666666667,38.01753981168867,-0.007142841815948486,0.0,0.006666660308837891,0.017616277421134474,0.004328588644663493,0.031671983829822545,0.0013333360354105632,0.01747380484123764,0.00690994660059611,0.029844848359619307
14,Cora,A,a_grad_norm,3,213.33333333333334,21.939310229205777,-0.007142841815948486,0.0,0.012666642665863037,0.008962858606723507,0.024077157179514568,0.02473383282819593,0.009333352247873941,0.004163311803028738,0.03145726521809896,0.023929000601022214
3,Cora,B,b_param_hutch,3,70.66666666666667,32.331615074619044,-0.007142841815948486,0.0,0.004333337148030599,0.004618794307504398,0.006165564060211182,0.00018328065791073568,0.002000013987223307,0.010392291493306007,0.005380988121032715,0.005951547480561314
7,Cora,B,b_param_hutch,3,112.0,33.04542328371661,-0.007142841815948486,0.0,0.006333331267038981,0.007371087281046851,-0.00046008825302124023,0.014310973404185,0.0,0.00721110889902479,0.004709760348002116,0.008458835618578596
14,Cora,B,b_param_hutch,3,212.0,21.633307652783937,-0.007142841815948486,0.0,0.012666662534077963,0.005507530302738747,0.015623191992441813,0.023395200311171576,0.010000010331471762,0.013999998569530821,0.019221047560373943,0.020170881717552325
3,Cora,B,b_param_lissa,3,76.66666666666667,33.005050118630834,-0.007142841815948486,0.0,0.0016666650772094727,0.004041431806961496,-0.00482638676961263,0.015646094110798293,-0.000666658083597819,0.0117189373493077,-0.0049021244049072266,0.017389120476466954
7,Cora,B,b_param_lissa,3,125.33333333333333,25.32455988429677,-0.007142841815948486,0.0,0.016333321730295818,0.018175064607341158,0.013530453046162924,0.034603328842780126,0.004000027974446614,0.013999990054560851,0.015061656634012857,0.03158688559001407
14,Cora,B,b_param_lissa,3,216.66666666666666,33.724372986511305,-0.007142841815948486,0.0,0.006666660308837891,0.012662251861802143,0.022764841715494793,0.030737898379760046,0.0033333301544189453,0.008082922607199491,0.029830376307169598,0.02594240011755155
3,Cora,control,degree,3,178.0,0.0,-0.007142841815948486,0.0,0.0003333091735839844,0.004725788416756798,0.002126455307006836,0.005739434621935495,-0.009999990463256836,0.00529153587413986,-0.00166626771291097,0.004958786284006999
7,Cora,control,degree,3,286.0,0.0,-0.007142841815948486,0.0,0.0003333091735839844,0.007571848532135765,0.0050677259763081866,0.024843692150067216,-0.006000002225240071,0.014000011341912621,0.0006002585093180338,0.02234064850709894
14,Cora,control,degree,3,416.0,0.0,-0.007142841815948486,0.0,0.013999998569488525,0.010440274857722774,0.03375681241353353,0.02562200311396834,0.008666674296061197,0.021939299448974794,0.029429117838541668,0.024917708427971006
3,Cora,C-GIF,gt_full,3,100.66666666666667,34.19551627528576,0.0025895039240519204,0.0042142551341950866,-0.0013333360354105632,0.00680686213436112,0.006594459215799968,0.017185827930041975,-0.008666654427846273,0.009865761551941759,0.0051511724789937334,0.01772962448299473
7,Cora,C-GIF,gt_full,3,133.33333333333334,37.80652501002086,-0.0021303296089172363,0.004340962908068666,0.010333319505055746,0.008504892670838678,0.02563995122909546,0.006597780240421966,0.006666660308837891,0.015011122860567237,0.03260348240534464,0.008018888133810041
14,Cora,C-GIF,gt_full,3,204.0,44.13615298142782,-0.004497329394022624,0.004582161926830187,0.02233332395553589,0.005773497185855025,0.05309989054997762,0.010650097571309698,0.02133333683013916,0.008082922607199491,0.061420559883117676,0.012422422232614139
3,Cora,C-IF,gt_simple,3,30.0,0.0,0.000156402587890625,0.0,0.014333327611287435,0.003055050151472954,0.02844148874282837,0.00217301080827936,0.0026666720708211264,0.004618811513787102,0.030527909596761067,0.001620679120558194
7,Cora,C-IF,gt_simple,3,62.666666666666664,2.309401076758503,0.00037592649459838867,0.0,0.02299998203913371,0.00699999928476541,0.041801631450653076,0.017421572433352347,0.014666696389516195,0.00642908572307028,0.04980150858561198,0.014434022685925151
14,Cora,C-IF,gt_simple,3,136.0,0.0,0.0007936954498291016,0.0,0.0559999942779541,0.007549796445361204,0.10814354817072551,0.028875487343204307,0.046000003814697266,0.008000016212463379,0.1232892672220866,0.026447337696641707
3,Cora,legacy,legacy,3,60.666666666666664,41.63331998932265,0.0025895039240519204,0.0042142551341950866,0.000666658083597819,0.0025166382892689745,0.00657816727956136,0.018104317822019104,-0.001999974250793457,0.005291490817263557,0.005670408407847087,0.020234974570507692
7,Cora,legacy,legacy,3,120.66666666666667,74.14400402819727,-0.0021303296089172363,0.004340962908068666,0.012000004450480143,0.012288171210883376,0.006642202536265056,0.018345660589528804,-0.0006666382153828939,0.008326680872331422,0.006755729516347249,0.00928152429562721
14,Cora,legacy,legacy,3,180.66666666666666,80.1332224070225,-0.007142841815948486,0.0,0.01799998680750529,0.019924825185166885,0.022963960965474445,0.02628617330606857,0.015999992688496906,0.014000011341912621,0.031100948651631672,0.010002423851268455
3,Cora,C-GIF,p_graph,3,100.66666666666667,34.19551627528576,0.0025895039240519204,0.0042142551341950866,-0.00033334891001383465,0.008082890652479089,-5.6465466817220054e-05,0.005702688476351391,-0.007999996344248453,0.010392291493306007,-0.0026756723721822104,0.004201595786094577
7,Cora,C-GIF,p_graph,3,135.33333333333334,37.00450423034111,0.002882202466328939,0.004340997320826372,0.013333320617675781,0.0041633022587126535,0.026058197021484375,0.005016197895339164,0.00733335812886556,0.00832665701141403,0.031210601329803467,0.00901346382682653
14,Cora,C-GIF,p_graph,3,206.66666666666666,38.4360941477322,-0.001851816972096761,0.004582161926830187,0.025333325068155926,0.010263194639838063,0.050814688205718994,0.013527749404875075,0.027333358923594158,0.00986576155194176,0.06356664498647054,0.015934828666221937
3,Cora,C-point,p_point,3,23.333333333333332,9.018499505645789,0.000156402587890625,0.0,0.019999980926513672,0.003605504855421743,0.03404432535171509,0.015332274229670928,0.006000002225240071,0.006000012159372206,0.0285839041074117,0.015563826826420638
7,Cora,C-point,p_point,3,63.333333333333336,4.618802153517006,0.00037592649459838867,0.0,0.04999999205271403,0.011269420095656743,0.09653735160827637,0.040423804151021224,0.034000019232432045,0.014000011341912621,0.08655313650767009,0.030051145862038945
14,Cora,C-point,p_point,3,120.0,0.0,0.0007936954498291016,0.0,0.21466666460037231,0.004725788416756798,0.439639945824941,0.07923728990787468,0.187333345413208,0.012220194101168065,0.423419713973999,0.07946842175851096
3,Cora,C-IF,p_simple,3,30.0,0.0,0.000156402587890625,0.0,0.014333327611287435,0.003055050151472954,0.02844148874282837,0.00217301080827936,0.0026666720708211264,0.004618811513787102,0.030527909596761067,0.001620679120558194
7,Cora,C-IF,p_simple,3,62.666666666666664,2.309401076758503,0.00037592649459838867,0.0,0.02299998203913371,0.00699999928476541,0.041801631450653076,0.017421572433352347,0.014666696389516195,0.00642908572307028,0.04980150858561198,0.014434022685925151
14,Cora,C-IF,p_simple,3,152.66666666666666,28.867513459481287,-0.001851816972096761,0.004582161926830187,0.05633332331975301,0.00750551642898403,0.10992741584777832,0.031163849855527018,0.04933333396911621,0.00986577564891645,0.12328835328420003,0.026446046825062623
3,Cora,C-point,r_point,3,23.333333333333332,9.018499505645789,0.000156402587890625,0.0,0.019999980926513672,0.003605504855421743,0.03404432535171509,0.015332274229670928,0.006000002225240071,0.006000012159372206,0.0285839041074117,0.015563826826420638
7,Cora,C-point,r_point,3,63.333333333333336,4.618802153517006,0.00037592649459838867,0.0,0.046000003814697266,0.009539387915314062,0.09524599711100261,0.03898227906751475,0.034000019232432045,0.014000011341912621,0.08587753772735596,0.029200933262372563
14,Cora,C-point,r_point,3,120.0,0.0,0.0007936954498291016,0.0,0.21466666460037231,0.004725788416756798,0.439639945824941,0.07923728990787468,0.187333345413208,0.012220194101168065,0.423419713973999,0.07946842175851096
3,Cora,control,random,3,36.0,27.784887978899608,0.0025895039240519204,0.0042142551341950866,0.0,0.0059999823570251465,0.002979616324106852,0.006832217251069308,0.0013333360354105632,0.00503322131479723,0.0014793674151102703,0.009141187956067031
7,Cora,control,random,3,58.666666666666664,36.018513757973594,0.00037592649459838867,0.0,0.002666652202606201,0.0028867485929275124,0.012165526549021402,0.01955695042486505,0.002000013987223307,0.0039999783039463095,0.00992812712987264,0.01911543445254284
14,Cora,control,random,3,108.66666666666667,41.00406483915141,-0.001851816972096761,0.004582161926830187,0.0016666452089945476,0.00585949156251111,0.00843582550684611,0.01591301432766487,0.004666686058044434,0.007023769259094088,0.007068455219268799,0.019381642578716232
3,Cora,C-GIF,tracin_cp_graph_3,3,27.333333333333332,4.163331998932265,0.000156402587890625,0.0,0.020333329836527508,0.009018471518114142,0.04102363189061483,0.015396117415766176,0.01066666841506958,0.006429107355579516,0.04318849245707194,0.00809714297142767
7,Cora,C-GIF,tracin_cp_graph_3,3,56.666666666666664,8.082903768654761,0.00037592649459838867,0.0,0.050999979178110756,0.014730912288119593,0.09585849444071452,0.048726659993951905,0.04400000969568888,0.02000001072884346,0.09827077388763428,0.05103937200108042
14,Cora,C-GIF,tracin_cp_graph_3,3,156.66666666666666,35.23256069793016,0.0007936755816141764,0.007936507463473852,0.187666654586792,0.015307944360998641,0.29513563712437946,0.07753816723319899,0.16133334239323935,0.01814752329840484,0.2743893464406331,0.07412431664264561
3,Cora,C-GIF,tracin_cp_graph_6,3,43.333333333333336,31.77000681985028,0.000156402587890625,0.0,0.015666663646697998,0.004725788416756798,0.032552103201548256,0.004693027034002257,0.008000016212463379,0.009999990463256836,0.03806058565775553,0.006562192016510931
7,Cora,C-GIF,tracin_cp_graph_6,3,92.66666666666667,28.728615235220325,0.00037592649459838867,0.0,0.03799998760223389,0.008888180576066038,0.07314834992090861,0.03839188248941788,0.03466667731602987,0.01604161533826441,0.0780044396718343,0.04210937501501118
14,Cora,C-GIF,tracin_cp_graph_6,3,173.33333333333334,61.002732179250245,0.0007936755816141764,0.007936507463473852,0.17066665490468344,0.02779087723712366,0.2794853647549947,0.08694577910166856,0.14133334159851074,0.022300977572308464,0.2596784035364787,0.07140706216063314
3,Cora,C-point,tracin_cp_point_3,3,34.0,8.0,0.000156402587890625,0.0,0.02033334970474243,0.008144511997838416,0.043448030948638916,0.0177271028755155,0.011333346366882324,0.004618828720262103,0.029242197672526043,0.012116917821621682
7,Cora,C-point,tracin_cp_point_3,3,64.0,8.0,0.00037592649459838867,0.0,0.05433332920074463,0.02107919217579964,0.10535208384195964,0.04397832349559518,0.032666683197021484,0.022479629719261297,0.08038588364919026,0.03155201536482668
14,Cora,C-point,tracin_cp_point_3,3,122.0,0.0,0.008730173110961914,0.0,0.21999998887379965,0.005291468288793435,0.4401005307833354,0.07290007625541275,0.1906666954358419,0.01137248348864973,0.4113560914993286,0.07095488311642323
3,Cora,C-point,tracin_cp_point_6,3,34.0,8.0,0.000156402587890625,0.0,0.02033334970474243,0.008144511997838416,0.043448030948638916,0.0177271028755155,0.011333346366882324,0.004618828720262103,0.029242197672526043,0.012116917821621682
7,Cora,C-point,tracin_cp_point_6,3,64.66666666666667,1.1547005383792515,0.00037592649459838867,0.0,0.05700000127156576,0.007937219329523428,0.1087267796198527,0.03632680550778721,0.03200000524520874,0.01216552521739137,0.08329969644546509,0.028024857014704953
14,Cora,C-point,tracin_cp_point_6,3,118.0,0.0,0.011375685532887777,0.004582161926830187,0.2140000065167745,0.00435887701005617,0.41388779878616333,0.07323414640164108,0.18266665935516357,0.00986577564891645,0.39257633686065674,0.07289088522668193
3,Cora,C-IF,tracin_cp_simple_3,3,30.0,0.0,0.000156402587890625,0.0,0.014333327611287435,0.003055050151472954,0.02844148874282837,0.00217301080827936,0.0026666720708211264,0.004618811513787102,0.030527909596761067,0.001620679120558194
7,Cora,C-IF,tracin_cp_simple_3,3,63.333333333333336,1.1547005383792515,0.00037592649459838867,0.0,0.026333312193552654,0.0035118704860180924,0.04262759288152059,0.017486653635309803,0.014000018437703451,0.007211100633292485,0.05121564865112305,0.01411188802571399
14,Cora,C-IF,tracin_cp_simple_3,3,130.0,8.717797887081348,0.003439188003540039,0.004582127514072481,0.06499999761581421,0.013999977282117333,0.12633389234542847,0.048719713551134476,0.06600000460942586,0.02433106513317409,0.14420096079508463,0.04842246202624804
3,Cora,C-IF,tracin_cp_simple_6,3,30.0,0.0,0.000156402587890625,0.0,0.014333327611287435,0.003055050151472954,0.02844148874282837,0.00217301080827936,0.0026666720708211264,0.004618811513787102,0.030527909596761067,0.001620679120558194
7,Cora,C-IF,tracin_cp_simple_6,3,62.666666666666664,2.309401076758503,0.00037592649459838867,0.0,0.02299998203913371,0.00699999928476541,0.041801631450653076,0.017421572433352347,0.014666696389516195,0.00642908572307028,0.04980150858561198,0.014434022685925151
14,Cora,C-IF,tracin_cp_simple_6,3,130.66666666666666,9.237604307034012,0.003439188003540039,0.004582127514072481,0.06266665458679199,0.013051160176474673,0.12190876404444377,0.04887489086288518,0.05800000826517741,0.022271070468980754,0.13801530996958414,0.04949975542732227
3,PubMed,A,a_grad_norm,3,92.0,0.0,-0.005555550257364909,0.009622495309758373,-0.003666659196217855,0.00321454286153514,0.0013884703318277996,0.0026371016464787705,0.0,0.0059999823570251465,-0.0023352901140848794,0.005837901089795685
7,PubMed,A,a_grad_norm,3,135.33333333333334,26.025628394590846,-0.005555550257364909,0.009622495309758373,0.013000011444091797,0.002645773569233419,0.00631330410639445,0.0036165653586174317,0.004666646321614583,0.004163311803028738,-0.00407870610555013,0.005981403229500025
14,PubMed,A,a_grad_norm,3,180.0,24.24871130596428,-0.005555550257364909,0.009622495309758373,0.005333344141642253,0.010408343932157522,0.016711195309956867,0.007645280532513434,-0.004000027974446614,0.01708802816808298,-0.0060974955558776855,0.005160602951198871
3,PubMed,B,b_param_hutch,3,96.0,16.3707055437449,-0.005555550257364909,0.009622495309758373,-0.004999995231628418,0.00458257522672489,-0.0028255581855773926,0.009774390237989294,-0.0013333559036254883,0.004163345208389395,-0.0028788050015767417,0.011027488003239355
7,PubMed,B,b_param_hutch,3,133.33333333333334,25.32455988429677,-0.005555550257364909,0.009622495309758373,0.009000023206075033,0.00953939103946901,0.0028977195421854654,0.008645851049611731,0.002666652202606201,0.005773497185855025,-0.009201566378275553,0.013181798788968592
14,PubMed,B,b_param_hutch,3,186.0,5.291502622129181,-0.005555550257364909,0.009622495309758373,0.026666680971781414,0.014502865338306829,0.02531564235687256,0.03065141936023081,0.015999992688496906,0.022271070468980754,0.004661937554677327,0.02404042334213803
3,PubMed,B,b_param_lissa,3,88.66666666666667,5.773502691896257,-0.005555550257364909,0.009622495309758373,-0.003666659196217855,0.00321454286153514,-0.0027677019437154136,0.009821209220839093,-0.0040000081062316895,0.0034641086354685238,-0.004785855611165364,0.009780358397204987
7,PubMed,B,b_param_lissa,3,135.33333333333334,26.025628394590846,-0.005555550257364909,0.009622495309758373,0.013000011444091797,0.002645773569233419,0.00631330410639445,0.0036165653586174317,0.004666646321614583,0.004163311803028738,-0.00407870610555013,0.005981403229500025
14,PubMed,B,b_param_lissa,3,180.0,24.576411454889016,-0.005555550257364909,0.009622495309758373,0.00766668717066447,0.004725811539817434,0.012494246164957682,0.010994176954056177,0.000666658083597819,0.012858193078621943,-0.006454328695933024,0.005153807684548094
3,PubMed,control,degree,3,164.0,0.0,-0.005555550257364909,0.009622495309758373,0.002000013987223307,0.005291502081462652,-0.0010858774185180664,0.0032701077163582795,0.004666646321614583,0.008082890652479087,-0.003865222136179606,0.004283202381811776
7,PubMed,control,degree,3,290.0,0.0,-0.005555550257364909,0.009622495309758373,-0.0003333290417989095,0.0005773428360339612,0.007105867067972819,0.010283793865200952,-0.010000030199686686,0.0020000040531898593,-0.002888758977254232,0.008742518806432599
14,PubMed,control,degree,3,402.0,0.0,-0.005555550257364909,0.009622495309758373,0.01100003719329834,0.00700001205718368,0.015369713306427002,0.013059756500598674,-0.010000010331471762,0.011135535234490377,-0.003745575745900472,0.008184458055130945
3,PubMed,C-GIF,gt_full,3,62.0,0.0,-0.005555550257364909,0.009622495309758373,0.005666693051656087,0.002309405756893551,0.00701365868250529,0.004235985333972589,0.006666640440622966,0.0011546856720679225,0.001856068770090739,0.002341270424268801
7,PubMed,C-GIF,gt_full,3,112.0,26.229754097208,-0.005555550257364909,0.009622495309758373,-0.0003333091735839844,0.0020816726041946974,1.337130864461263e-05,0.010137168081398872,0.011999984582265219,0.0020000040531898593,0.0022361278533935547,0.015929824653715948
14,PubMed,C-GIF,gt_full,3,206.66666666666666,46.36090306856989,-0.005555550257364909,0.009622495309758373,0.02333335081736247,0.005507568180810837,0.029130220413208008,0.014906754819873259,0.041999995708465576,0.008717788205725118,0.0376616915067037,0.02077007398326538
3,PubMed,C-IF,gt_simple,3,123.33333333333333,16.165807537309522,-0.005555550257364909,0.009622495309758373,-0.005333324273427327,0.0015275640960113732,0.0008965333302815756,0.004002556757897769,-0.006000022093454997,0.004000008106379719,0.0009895761807759602,0.0077010504102268725
7,PubMed,C-IF,gt_simple,3,238.0,60.23288138550239,-0.005555550257364909,0.009622495309758373,-0.002666652202606201,0.011239814859630649,0.004514078299204509,0.01740984519088675,-0.005333364009857178,0.008326647466999484,0.003353714942932129,0.015199395809503382
14,PubMed,C-IF,gt_simple,3,299.3333333333333,67.09197666884866,-0.005555550257364909,0.009622495309758373,0.004666686058044434,0.006806851918507212,0.016337017218271892,0.004151448335851486,0.0006666382153828939,0.01137248348864973,0.013522366682688395,0.006667854197932173
3,PubMed,legacy,legacy,3,54.666666666666664,41.05281151557507,-0.005555550257364909,0.009622495309758373,0.0016666849454243977,0.009609022850482709,0.004830280939737956,0.029934624168963527,0.00733331839243571,0.007023766430418715,-0.0026926000912984214,0.017636135938656466
7,PubMed,legacy,legacy,3,104.0,22.271057451320086,-0.005555550257364909,0.009622495309758373,0.01833335558573405,0.021126571258281136,0.021669745445251465,0.032174550694851305,0.021999975045522053,0.012489983130994845,0.011711299419403076,0.020752557896866072
14,PubMed,legacy,legacy,3,164.0,14.422205101855956,-0.005555550257364909,0.009622495309758373,0.10466667016347249,0.09904710805552477,0.13211274147033691,0.13011547176413066,0.10599998633066814,0.07464581241832985,0.12001993258794148,0.10290552307556762
3,PubMed,C-GIF,p_graph,3,62.0,0.0,-0.005555550257364909,0.009622495309758373,0.005666693051656087,0.002309405756893551,0.00701365868250529,0.004235985333972589,0.006666640440622966,0.0011546856720679225,0.001856068770090739,0.002341270424268801
7,PubMed,C-GIF,p_graph,3,108.66666666666667,31.643851430148846,-0.005555550257364909,0.009622495309758373,-0.00333331028620402,0.006110113309081226,-0.0023089845975240073,0.011668362473257794,0.013333320617675781,0.003055043647761548,0.0007300575574239095,0.01749430501577338
14,PubMed,C-GIF,p_graph,3,204.66666666666666,48.42864166310401,-0.005555550257364909,0.009622495309758373,0.024000008900960285,0.006082752809749156,0.030086676279703777,0.014206703765902563,0.040666659673055015,0.011015136361621674,0.03851952155431112,0.01994442075978961
3,PubMed,C-point,p_point,3,80.0,17.435595774162696,-0.005555550257364909,0.009622495309758373,0.015666683514912922,0.005131626357952031,0.02743419011433919,0.009078465792470923,0.009999990463256836,0.008000016212463379,0.012854933738708496,0.007844807090810531
7,PubMed,C-point,p_point,3,100.0,21.166010488516726,-0.005555550257364909,0.009622495309758373,0.038000007470448814,0.00916512443982243,0.08216545979181926,0.03456587348609555,0.04866663614908854,0.023007246955869372,0.06483068068822224,0.03625363649618531
14,PubMed,C-point,p_point,3,167.33333333333334,5.773502691896257,-0.005555550257364909,0.009622495309758373,0.11466666062672932,0.05057995581885728,0.22394110759099325,0.11881035945679652,0.12800000111262003,0.04573839448991205,0.19412980477015176,0.11489561730518426
3,PubMed,C-IF,p_simple,3,123.33333333333333,16.165807537309522,-0.005555550257364909,0.009622495309758373,-0.005333324273427327,0.0015275640960113732,0.0008965333302815756,0.004002556757897769,-0.006000022093454997,0.004000008106379719,0.0009895761807759602,0.0077010504102268725
7,PubMed,C-IF,p_simple,3,243.33333333333334,51.54932912592882,-0.005555550257364909,0.009622495309758373,-0.000666658083597819,0.014011897969083293,0.007898509502410889,0.019749249996640995,-0.005333364009857178,0.008326647466999484,0.0032100876172383628,0.014981698132487025
14,PubMed,C-IF,p_simple,3,290.0,61.57921727336261,-0.005555550257364909,0.009622495309758373,0.002333362897237142,0.006806872350373672,0.015116830666859945,0.0030693731646000183,0.003999988238016765,0.014000011341912621,0.013903578122456869,0.007309607992326263
3,PubMed,C-point,r_point,3,80.0,17.435595774162696,-0.005555550257364909,0.009622495309758373,0.015666683514912922,0.005131626357952031,0.02743419011433919,0.009078465792470923,0.009999990463256836,0.008000016212463379,0.012854933738708496,0.007844807090810531
7,PubMed,C-point,r_point,3,106.66666666666667,20.526405757787536,-0.005555550257364909,0.009622495309758373,0.03900001446406046,0.0026457510407313254,0.0813223918279012,0.013108895842665953,0.04466664791107178,0.003055043647761548,0.06039931376775106,0.0107473858548912
14,PubMed,C-point,r_point,3,156.66666666666666,21.93931022920578,-0.005555550257364909,0.009622495309758373,0.11200000842412312,0.052848814218017084,0.21959513425827026,0.12339151931828073,0.12333333492279053,0.05131602353177164,0.19156907002131143,0.11762856411908866
3,PubMed,control,random,3,13.333333333333334,6.429100507328637,-0.005555550257364909,0.009622495309758373,0.00033334891001383465,0.019655351506069514,0.004334688186645508,0.015281417197392691,0.011999984582265219,0.023065109911615766,0.010078251361846924,0.016182776861781923
7,PubMed,control,random,3,53.333333333333336,16.289055630494154,-0.005555550257364909,0.009622495309758373,0.012333333492279053,0.018717199873821377,0.020829776922861736,0.017661801873695718,0.019999980926513672,0.008000016212463379,0.018085519472757976,0.01108473926575868
14,PubMed,control,random,3,140.0,34.698703145794944,-0.005555550257364909,0.009622495309758373,0.0350000262260437,0.04357752441014694,0.031291584173838295,0.039554607924505644,0.03333332141240438,0.02203029617157657,0.024359265963236492,0.020895469408487057
3,PubMed,C-GIF,tracin_cp_graph_3,3,62.666666666666664,9.237604307034012,-0.005555550257364909,0.009622495309758373,0.013000011444091797,0.006244974862838974,0.02808954318364461,0.0075888816142583295,0.015333334604899088,0.006110113309081226,0.014459510644276937,0.0034145998661277823
7,PubMed,C-GIF,tracin_cp_graph_3,3,95.33333333333333,13.316656236958787,-0.005555550257364909,0.009622495309758373,0.03633334239323934,0.0066582961065580785,0.06344813108444214,0.018618640874520098,0.04466664791107178,0.01616580834355632,0.049476067225138344,0.014656319427226751
14,PubMed,C-GIF,tracin_cp_graph_3,3,138.66666666666666,9.018499505645789,-0.005555550257364909,0.009622495309758373,0.08433334032694499,0.02150192949597707,0.1451098918914795,0.04541996578064971,0.08999999364217122,0.020880638206324253,0.11485836903254192,0.04197354597703763
3,PubMed,C-GIF,tracin_cp_graph_6,3,68.0,0.0,-0.005555550257364909,0.009622495309758373,0.017666677633921306,0.0025166382892689745,0.03259164094924927,0.007145861800084642,0.015999992688496906,0.007211100633292485,0.014979064464569092,0.0036330080902201222
7,PubMed,C-GIF,tracin_cp_graph_6,3,98.66666666666667,6.110100926607787,-0.005555550257364909,0.009622495309758373,0.03200002511342367,0.007999986410159496,0.05671177307764689,0.013495463661290605,0.041999995708465576,0.009999990463256836,0.03790477911631266,0.011022682636843785
14,PubMed,C-GIF,tracin_cp_graph_6,3,131.33333333333334,8.32666399786453,-0.005555550257364909,0.009622495309758373,0.062333365281422935,0.01357694423914519,0.09467403093973796,0.023869055992904526,0.06399999062220256,0.00916515695682893,0.07157351573308308,0.024635909180221415
3,PubMed,C-point,tracin_cp_point_3,3,77.33333333333333,8.082903768654761,-0.005555550257364909,0.009622495309758373,0.01433334747950236,0.0035118704860180924,0.02957924207051595,0.00678801428333722,0.012666642665863037,0.006429107355579516,0.013701240221659342,0.005134208351320504
7,PubMed,C-point,tracin_cp_point_3,3,110.66666666666667,13.316656236958787,-0.005555550257364909,0.009622495309758373,0.04800001780192057,0.006557440451365624,0.08967991669972737,0.008737913883193962,0.04799999793370565,0.015874528772783475,0.06718641519546509,0.009195523807538537
14,PubMed,C-point,tracin_cp_point_3,3,153.33333333333334,13.613718571108091,-0.005555550257364909,0.009622495309758373,0.1513333519299825,0.0316596577508857,0.31483683983484906,0.08736182980958032,0.15666663646697998,0.03354598761422671,0.2870491147041321,0.07890418292181652
3,PubMed,C-point,tracin_cp_point_6,3,74.0,7.211102550927978,-0.005555550257364909,0.009622495309758373,0.012666682402292887,0.004725811539817434,0.029167433579762776,0.006091943231038588,0.013333320617675781,0.005773497185855025,0.017890751361846924,0.012390112127422546
7,PubMed,C-point,tracin_cp_point_6,3,112.0,17.776388834631177,-0.005555550257364909,0.009622495309758373,0.04533334573109945,0.004041451471484172,0.09606558084487915,0.007636678862274062,0.05066667000452677,0.004163335664007669,0.07712217171986897,0.0038779900429891014
14,PubMed,C-point,tracin_cp_point_6,3,200.66666666666666,43.003875794320365,-0.005555550257364909,0.009622495309758373,0.11700002352396648,0.04757098414761151,0.25381948550542194,0.1301077044052204,0.12799998124440512,0.045033307697583756,0.22920813163121542,0.11816778356940015
3,PubMed,C-IF,tracin_cp_simple_3,3,101.33333333333333,1.1547005383792515,-0.005555550257364909,0.009622495309758373,0.004666666189829509,0.00832665701141403,0.008279462655385336,0.012045606746378761,0.0033333301544189453,0.004163345208389395,-0.0029353896776835122,0.01125071995576785
7,PubMed,C-IF,tracin_cp_simple_3,3,176.66666666666666,30.74627348693388,-0.005555550257364909,0.009622495309758373,0.006666660308837891,0.00873690640021742,0.020997424920399983,0.010757124875152837,-0.0006666978200276693,0.00808292014918237,0.011679410934448242,0.014632186401645831
14,PubMed,C-IF,tracin_cp_simple_3,3,258.0,13.856406460551018,-0.005555550257364909,0.009622495309758373,0.01933334271113078,0.0015274990623444817,0.056526740392049156,0.0075645003407635684,0.009333312511444092,0.01616580834355632,0.040921310583750405,0.005807025027827133
3,PubMed,C-IF,tracin_cp_simple_6,3,101.33333333333333,1.1547005383792515,-0.005555550257364909,0.009622495309758373,0.004666666189829509,0.00832665701141403,0.008279462655385336,0.012045606746378761,0.0033333301544189453,0.004163345208389395,-0.0029353896776835122,0.01125071995576785
7,PubMed,C-IF,tracin_cp_simple_6,3,176.66666666666666,30.74627348693388,-0.005555550257364909,0.009622495309758373,0.006666660308837891,0.00873690640021742,0.020997424920399983,0.010757124875152837,-0.0006666978200276693,0.00808292014918237,0.011679410934448242,0.014632186401645831
14,PubMed,C-IF,tracin_cp_simple_6,3,263.3333333333333,12.220201853215572,-0.005555550257364909,0.009622495309758373,0.017666677633921306,0.0015275640960113732,0.058661838372548424,0.006861749928578794,0.00799997647603353,0.016000002622613623,0.041804333527882896,0.0049060802756753525
