budget,dataset,family,method,removed_directed_edges,retained_train_accuracy_drop,reused_identical_selected_set,seed,test_accuracy_drop,test_loss_increase,validation_accuracy_drop,validation_loss_increase
3,CiteSeer,A,a_grad_norm,32,-0.0158119797706604,False,2024,0.0020000338554382324,-0.031900644302368164,-0.015999972820281982,-0.03396308422088623
7,CiteSeer,A,a_grad_norm,74,-0.03230088949203491,False,2024,-0.0029999613761901855,-0.02028656005859375,-0.009999990463256836,-0.027599334716796875
14,CiteSeer,A,a_grad_norm,136,-0.04056602716445923,False,2024,-0.012999951839447021,-0.06770861148834229,-0.013999998569488525,-0.07529544830322266
3,CiteSeer,B,b_param_hutch,36,-0.02435898780822754,False,2024,0.0,-0.011854052543640137,-0.0040000081062316895,-0.01642787456512451
7,CiteSeer,B,b_param_hutch,84,-0.041150450706481934,False,2024,0.0,-0.042107462882995605,-0.015999972820281982,-0.047216057777404785
14,CiteSeer,B,b_param_hutch,128,-0.050000011920928955,False,2024,0.009000003337860107,-0.028424501419067383,-0.011999964714050293,-0.03251063823699951
3,CiteSeer,B,b_param_lissa,38,-0.03290599584579468,False,2024,0.0020000338554382324,-0.02711343765258789,-0.0040000081062316895,-0.030816316604614258
7,CiteSeer,B,b_param_lissa,84,-0.041150450706481934,False,2024,0.0,-0.01705801486968994,-0.009999990463256836,-0.019994616508483887
14,CiteSeer,B,b_param_lissa,124,-0.050000011920928955,False,2024,0.001000046730041504,-0.06310999393463135,-0.013999998569488525,-0.07699906826019287
3,CiteSeer,control,degree,84,-0.02435898780822754,False,2024,0.0,-0.021476149559020996,-0.0059999823570251465,-0.020458698272705078
7,CiteSeer,control,degree,166,-0.03230088949203491,False,2024,0.013999998569488525,-0.007270693778991699,0.0020000338554382324,-0.008893609046936035
14,CiteSeer,control,degree,260,-0.04056602716445923,False,2024,0.03900003433227539,0.04561150074005127,0.022000014781951904,0.04747474193572998
3,CiteSeer,C-GIF,gt_full,20,-0.0158119797706604,False,2024,0.008000016212463379,-0.020825624465942383,-0.001999974250793457,-0.017911553382873535
7,CiteSeer,C-GIF,gt_full,50,-0.02345132827758789,False,2024,0.01500004529953003,-0.03508353233337402,-0.0059999823570251465,-0.026543378829956055
14,CiteSeer,C-GIF,gt_full,120,-0.031132102012634277,False,2024,0.04000002145767212,-0.002373933792114258,0.019999980926513672,0.008325815200805664
3,CiteSeer,C-IF,gt_simple,54,-0.0158119797706604,False,2024,-0.0029999613761901855,-0.023222684860229492,-0.013999998569488525,-0.02051079273223877
7,CiteSeer,C-IF,gt_simple,122,-0.01460176706314087,False,2024,0.026000022888183594,0.03500080108642578,0.008000016212463379,0.04509449005126953
14,CiteSeer,C-IF,gt_simple,190,-0.031132102012634277,False,2024,0.078000009059906,0.07927548885345459,0.078000009059906,0.08733701705932617
3,CiteSeer,legacy,legacy,42,-0.007264971733093262,False,2024,-0.007999956607818604,-0.024158358573913574,-0.02799999713897705,-0.024430513381958008
7,CiteSeer,legacy,legacy,110,-0.005752205848693848,False,2024,0.03900003433227539,0.05188095569610596,0.018000006675720215,0.048134565353393555
14,CiteSeer,legacy,legacy,152,-0.02169811725616455,False,2024,0.14500004053115845,0.13114774227142334,0.11000001430511475,0.12696385383605957
3,CiteSeer,C-GIF,p_graph,20,-0.0158119797706604,True,2024,0.008000016212463379,-0.020825624465942383,-0.001999974250793457,-0.017911553382873535
7,CiteSeer,C-GIF,p_graph,48,-0.02345132827758789,False,2024,0.013000011444091797,-0.03316235542297363,0.0,-0.026561260223388672
14,CiteSeer,C-GIF,p_graph,92,-0.031132102012634277,False,2024,0.030000030994415283,-0.01675724983215332,0.012000024318695068,-0.004452824592590332
3,CiteSeer,C-point,p_point,36,-0.0158119797706604,False,2024,0.003000020980834961,-0.00904393196105957,-0.022000014781951904,-0.012804627418518066
7,CiteSeer,C-point,p_point,64,-0.01460176706314087,False,2024,0.06000000238418579,0.044992804527282715,0.008000016212463379,0.03125917911529541
14,CiteSeer,C-point,p_point,108,-0.02169811725616455,False,2024,0.15400004386901855,0.19766247272491455,0.10000002384185791,0.16213881969451904
3,CiteSeer,C-IF,p_simple,50,-0.007264971733093262,False,2024,-0.004999995231628418,-0.024155497550964355,0.0059999823570251465,-0.03161740303039551
7,CiteSeer,C-IF,p_simple,104,-0.01460176706314087,False,2024,0.0020000338554382324,-0.012514829635620117,-0.011999964714050293,-0.014743447303771973
14,CiteSeer,C-IF,p_simple,190,-0.031132102012634277,True,2024,0.078000009059906,0.07927548885345459,0.078000009059906,0.08733701705932617
3,CiteSeer,C-point,r_point,36,-0.0158119797706604,True,2024,0.003000020980834961,-0.00904393196105957,-0.022000014781951904,-0.012804627418518066
7,CiteSeer,C-point,r_point,84,-0.02345132827758789,False,2024,0.04700005054473877,0.034210920333862305,0.0040000081062316895,0.02240121364593506
14,CiteSeer,C-point,r_point,108,-0.02169811725616455,True,2024,0.15400004386901855,0.19766247272491455,0.10000002384185791,0.16213881969451904
3,CiteSeer,control,random,8,-0.007264971733093262,False,2024,-0.0009999871253967285,-0.03161180019378662,-0.008000016212463379,-0.031192302703857422
7,CiteSeer,control,random,24,-0.01460176706314087,False,2024,0.025000035762786865,0.014412522315979004,0.026000022888183594,0.005954623222351074
14,CiteSeer,control,random,90,-0.0122641921043396,False,2024,0.04500001668930054,0.0534815788269043,0.04799997806549072,0.04232156276702881
3,CiteSeer,C-GIF,tracin_cp_graph_3,16,-0.0158119797706604,False,2024,0.003000020980834961,-0.020540475845336914,-0.015999972820281982,-0.01567673683166504
7,CiteSeer,C-GIF,tracin_cp_graph_3,26,-0.01460176706314087,False,2024,0.024000048637390137,0.009035110473632812,0.008000016212463379,0.008239030838012695
14,CiteSeer,C-GIF,tracin_cp_graph_3,48,-0.02169811725616455,False,2024,0.14300000667572021,0.1584773063659668,0.078000009059906,0.12352931499481201
3,CiteSeer,C-GIF,tracin_cp_graph_6,16,-0.0158119797706604,True,2024,0.003000020980834961,-0.020540475845336914,-0.015999972820281982,-0.01567673683166504
7,CiteSeer,C-GIF,tracin_cp_graph_6,30,-0.01460176706314087,False,2024,0.06000000238418579,0.03360867500305176,0.026000022888183594,0.026466012001037598
14,CiteSeer,C-GIF,tracin_cp_graph_6,58,-0.0122641921043396,False,2024,0.1420000195503235,0.10657060146331787,0.08600002527236938,0.08146846294403076
3,CiteSeer,C-point,tracin_cp_point_3,44,-0.0158119797706604,False,2024,0.016000032424926758,0.00626373291015625,-0.001999974250793457,0.0009851455688476562
7,CiteSeer,C-point,tracin_cp_point_3,62,-0.01460176706314087,False,2024,0.11200004816055298,0.08842027187347412,0.04799997806549072,0.06276798248291016
14,CiteSeer,C-point,tracin_cp_point_3,78,-0.0122641921043396,False,2024,0.1510000228881836,0.22898375988006592,0.09399998188018799,0.18956518173217773
3,CiteSeer,C-point,tracin_cp_point_6,44,-0.0158119797706604,True,2024,0.016000032424926758,0.00626373291015625,-0.001999974250793457,0.0009851455688476562
7,CiteSeer,C-point,tracin_cp_point_6,62,-0.01460176706314087,True,2024,0.11200004816055298,0.08842027187347412,0.04799997806549072,0.06276798248291016
14,CiteSeer,C-point,tracin_cp_point_6,80,-0.02169811725616455,False,2024,0.1510000228881836,0.253764271736145,0.09399998188018799,0.21099257469177246
3,CiteSeer,C-IF,tracin_cp_simple_3,54,-0.0158119797706604,True,2024,-0.0029999613761901855,-0.023222684860229492,-0.013999998569488525,-0.02051079273223877
7,CiteSeer,C-IF,tracin_cp_simple_3,122,-0.01460176706314087,False,2024,0.026000022888183594,0.009302735328674316,0.012000024318695068,0.022785663604736328
14,CiteSeer,C-IF,tracin_cp_simple_3,174,-0.02169811725616455,False,2024,0.09400004148483276,0.09689092636108398,0.08600002527236938,0.09634256362915039
3,CiteSeer,C-IF,tracin_cp_simple_6,54,-0.0158119797706604,True,2024,-0.0029999613761901855,-0.023222684860229492,-0.013999998569488525,-0.02051079273223877
7,CiteSeer,C-IF,tracin_cp_simple_6,122,-0.01460176706314087,True,2024,0.026000022888183594,0.009302735328674316,0.012000024318695068,0.022785663604736328
14,CiteSeer,C-IF,tracin_cp_simple_6,174,-0.02169811725616455,True,2024,0.09400004148483276,0.09689092636108398,0.08600002527236938,0.09634256362915039
3,CiteSeer,A,a_grad_norm,56,-0.024572670459747314,False,212,0.013999998569488525,-0.017716169357299805,0.012000024318695068,-0.011827468872070312
7,CiteSeer,A,a_grad_norm,82,-0.02396756410598755,False,212,0.020000040531158447,-0.020914793014526367,0.0020000338554382324,-0.020046234130859375
14,CiteSeer,A,a_grad_norm,126,-0.04166668653488159,False,212,0.001000046730041504,-0.033006906509399414,-0.011999964714050293,-0.04101765155792236
3,CiteSeer,B,b_param_hutch,48,-0.016025662422180176,False,212,0.008000016212463379,-0.0071059465408325195,0.018000006675720215,0.00040018558502197266
7,CiteSeer,B,b_param_hutch,84,-0.02396756410598755,False,212,0.004999995231628418,-0.01629030704498291,0.0,-0.012535691261291504
14,CiteSeer,B,b_param_hutch,110,-0.032232701778411865,False,212,0.0020000338554382324,-0.012967705726623535,0.0040000081062316895,-0.025944948196411133
3,CiteSeer,B,b_param_lissa,56,-0.007478654384613037,False,212,0.008000016212463379,0.008602738380432129,0.022000014781951904,0.012097835540771484
7,CiteSeer,B,b_param_lissa,86,-0.02396756410598755,False,212,0.01100003719329834,-0.029821038246154785,-0.003999948501586914,-0.028603076934814453
14,CiteSeer,B,b_param_lissa,120,-0.04166668653488159,False,212,0.001000046730041504,-0.03968644142150879,-0.009999990463256836,-0.054067373275756836
3,CiteSeer,control,degree,84,-0.016025662422180176,False,212,0.018000006675720215,0.03536522388458252,0.016000032424926758,0.03896129131317139
7,CiteSeer,control,degree,166,-0.02396756410598755,False,212,0.03299999237060547,0.05168294906616211,0.020000040531158447,0.054576873779296875
14,CiteSeer,control,degree,260,-0.022798776626586914,False,212,0.03800004720687866,0.08340370655059814,0.05200004577636719,0.09073591232299805
3,CiteSeer,C-GIF,gt_full,12,0.0010683536529541016,False,212,0.0020000338554382324,-0.02343928813934326,-0.011999964714050293,-0.019983291625976562
7,CiteSeer,C-GIF,gt_full,30,-0.006268441677093506,False,212,0.01100003719329834,-0.025044679641723633,-0.007999956607818604,-0.00858926773071289
14,CiteSeer,C-GIF,gt_full,80,-0.013364791870117188,False,212,0.046000003814697266,0.04534292221069336,0.02799999713897705,0.04567885398864746
3,CiteSeer,C-IF,gt_simple,54,0.0010683536529541016,False,212,0.013000011444091797,0.020632386207580566,0.006000041961669922,0.02294778823852539
7,CiteSeer,C-IF,gt_simple,106,-0.006268441677093506,False,212,0.041999995708465576,0.03418731689453125,0.041999995708465576,0.05165219306945801
14,CiteSeer,C-IF,gt_simple,196,-0.013364791870117188,False,212,0.07600003480911255,0.0835639238357544,0.09000003337860107,0.10240447521209717
3,CiteSeer,legacy,legacy,36,-0.016025662422180176,False,212,0.008000016212463379,-0.013800621032714844,0.006000041961669922,-0.001016855239868164
7,CiteSeer,legacy,legacy,64,-0.02396756410598755,False,212,0.03800004720687866,0.035534024238586426,0.041999995708465576,0.06330013275146484
14,CiteSeer,legacy,legacy,130,-0.003930866718292236,False,212,0.11000001430511475,0.1803683042526245,0.12200003862380981,0.25283312797546387
3,CiteSeer,C-GIF,p_graph,10,0.0010683536529541016,False,212,0.009000003337860107,-0.01251673698425293,-0.015999972820281982,-0.007551670074462891
7,CiteSeer,C-GIF,p_graph,28,-0.006268441677093506,False,212,0.003000020980834961,0.003969073295593262,-0.007999956607818604,0.008722066879272461
14,CiteSeer,C-GIF,p_graph,86,-0.003930866718292236,False,212,0.04500001668930054,0.06262350082397461,0.03600001335144043,0.06446897983551025
3,CiteSeer,C-point,p_point,40,-0.007478654384613037,False,212,0.001000046730041504,0.014801859855651855,0.026000022888183594,0.014259696006774902
7,CiteSeer,C-point,p_point,70,-0.015118002891540527,False,212,0.03700000047683716,0.03260922431945801,0.024000048637390137,0.027065157890319824
14,CiteSeer,C-point,p_point,116,-0.032232701778411865,False,212,0.14500004053115845,0.1264256238937378,0.10199999809265137,0.11364626884460449
3,CiteSeer,C-IF,p_simple,54,0.0010683536529541016,True,212,0.013000011444091797,0.020632386207580566,0.006000041961669922,0.02294778823852539
7,CiteSeer,C-IF,p_simple,122,0.0025811195373535156,False,212,0.03100001811981201,0.04974818229675293,0.024000048637390137,0.06404578685760498
14,CiteSeer,C-IF,p_simple,196,-0.022798776626586914,False,212,0.07200002670288086,0.08767342567443848,0.0820000171661377,0.1054849624633789
3,CiteSeer,C-point,r_point,40,-0.007478654384613037,True,212,0.001000046730041504,0.014801859855651855,0.026000022888183594,0.014259696006774902
7,CiteSeer,C-point,r_point,78,-0.02396756410598755,False,212,0.02799999713897705,0.04050588607788086,0.0480000376701355,0.04296553134918213
14,CiteSeer,C-point,r_point,110,-0.022798776626586914,False,212,0.15000003576278687,0.16521108150482178,0.12000000476837158,0.15066170692443848
3,CiteSeer,control,random,16,-0.007478654384613037,False,212,-0.0029999613761901855,0.000512242317199707,-0.0059999823570251465,-0.001916646957397461
7,CiteSeer,control,random,34,-0.015118002891540527,False,212,0.00700002908706665,0.005223512649536133,-0.007999956607818604,-0.0062639713287353516
14,CiteSeer,control,random,68,-0.013364791870117188,False,212,-0.004999995231628418,-0.0029549598693847656,-0.009999990463256836,-0.0091094970703125
3,CiteSeer,C-GIF,tracin_cp_graph_3,6,-0.007478654384613037,False,212,0.003000020980834961,-0.011628270149230957,0.0040000081062316895,-0.01066732406616211
7,CiteSeer,C-GIF,tracin_cp_graph_3,28,0.0025811195373535156,False,212,0.04000002145767212,0.018055081367492676,0.024000048637390137,0.023302674293518066
14,CiteSeer,C-GIF,tracin_cp_graph_3,56,0.00550311803817749,False,212,0.14399999380111694,0.13662707805633545,0.1040000319480896,0.1270989179611206
3,CiteSeer,C-GIF,tracin_cp_graph_6,6,-0.007478654384613037,True,212,0.003000020980834961,-0.011628270149230957,0.0040000081062316895,-0.01066732406616211
7,CiteSeer,C-GIF,tracin_cp_graph_6,26,-0.006268441677093506,False,212,0.057000041007995605,0.025123119354248047,0.04000002145767212,0.029431581497192383
14,CiteSeer,C-GIF,tracin_cp_graph_6,62,-0.013364791870117188,False,212,0.11500000953674316,0.10046672821044922,0.0820000171661377,0.09476709365844727
3,CiteSeer,C-point,tracin_cp_point_3,56,-0.016025662422180176,False,212,0.013000011444091797,0.0280076265335083,0.04400002956390381,0.032337188720703125
7,CiteSeer,C-point,tracin_cp_point_3,80,-0.006268441677093506,False,212,0.06700003147125244,0.047632575035095215,0.04400002956390381,0.04166710376739502
14,CiteSeer,C-point,tracin_cp_point_3,100,-0.013364791870117188,False,212,0.14500004053115845,0.20646142959594727,0.12000000476837158,0.18686330318450928
3,CiteSeer,C-point,tracin_cp_point_6,56,-0.016025662422180176,True,212,0.013000011444091797,0.0280076265335083,0.04400002956390381,0.032337188720703125
7,CiteSeer,C-point,tracin_cp_point_6,70,-0.006268441677093506,False,212,0.05900001525878906,0.039963364601135254,0.046000003814697266,0.04127776622772217
14,CiteSeer,C-point,tracin_cp_point_6,102,-0.022798776626586914,False,212,0.15299999713897705,0.18137753009796143,0.1040000319480896,0.15997743606567383
3,CiteSeer,C-IF,tracin_cp_simple_3,54,0.0010683536529541016,True,212,0.013000011444091797,0.020632386207580566,0.006000041961669922,0.02294778823852539
7,CiteSeer,C-IF,tracin_cp_simple_3,106,-0.006268441677093506,True,212,0.041999995708465576,0.03418731689453125,0.041999995708465576,0.05165219306945801
14,CiteSeer,C-IF,tracin_cp_simple_3,190,-0.022798776626586914,False,212,0.08799999952316284,0.11662960052490234,0.09400004148483276,0.13348925113677979
3,CiteSeer,C-IF,tracin_cp_simple_6,54,0.0010683536529541016,True,212,0.013000011444091797,0.020632386207580566,0.006000041961669922,0.02294778823852539
7,CiteSeer,C-IF,tracin_cp_simple_6,106,-0.006268441677093506,True,212,0.041999995708465576,0.03418731689453125,0.041999995708465576,0.05165219306945801
14,CiteSeer,C-IF,tracin_cp_simple_6,190,-0.022798776626586914,True,212,0.08799999952316284,0.11662960052490234,0.09400004148483276,0.13348925113677979
3,CiteSeer,A,a_grad_norm,40,-0.007905960083007812,False,42,0.008000016212463379,0.006858110427856445,0.006000041961669922,0.008598566055297852
7,CiteSeer,A,a_grad_norm,88,-0.01615041494369507,False,42,0.013999998569488525,0.001452803611755371,0.016000032424926758,0.007334589958190918
14,CiteSeer,A,a_grad_norm,146,-0.02499997615814209,False,42,-0.004999995231628418,0.01368415355682373,0.018000006675720215,0.01077127456665039
3,CiteSeer,B,b_param_hutch,28,-0.007905960083007812,False,42,0.012000024318695068,-0.0006957054138183594,0.006000041961669922,0.00025963783264160156
7,CiteSeer,B,b_param_hutch,54,-0.01615041494369507,False,42,0.0020000338554382324,0.0149000883102417,-0.007999956607818604,0.0034009218215942383
14,CiteSeer,B,b_param_hutch,140,-0.02499997615814209,False,42,0.0009999871253967285,0.006495118141174316,0.0,-0.011167168617248535
3,CiteSeer,B,b_param_lissa,40,-0.007905960083007812,True,42,0.008000016212463379,0.006858110427856445,0.006000041961669922,0.008598566055297852
7,CiteSeer,B,b_param_lissa,88,-0.01615041494369507,False,42,0.008000016212463379,0.01044929027557373,0.010000050067901611,0.010802030563354492
14,CiteSeer,B,b_param_lissa,140,-0.02499997615814209,True,42,0.0009999871253967285,0.006495118141174316,0.0,-0.011167168617248535
3,CiteSeer,control,degree,84,-0.007905960083007812,False,42,0.008000016212463379,0.03085637092590332,0.018000006675720215,0.0336230993270874
7,CiteSeer,control,degree,166,-0.01615041494369507,False,42,0.01100003719329834,0.048073649406433105,0.012000024318695068,0.0504763126373291
14,CiteSeer,control,degree,260,-0.015565991401672363,False,42,0.02899998426437378,0.11768007278442383,0.024000048637390137,0.12316107749938965
3,CiteSeer,C-GIF,gt_full,18,0.0006410479545593262,False,42,0.012000024318695068,0.008703112602233887,0.012000024318695068,0.014844417572021484
7,CiteSeer,C-GIF,gt_full,38,0.0015487074851989746,False,42,0.018000006675720215,0.029678940773010254,0.020000040531158447,0.036577463150024414
14,CiteSeer,C-GIF,gt_full,72,0.0033019185066223145,False,42,0.004999995231628418,0.036104798316955566,0.018000006675720215,0.04697012901306152
3,CiteSeer,C-IF,gt_simple,62,-0.007905960083007812,False,42,-0.0029999613761901855,0.01505589485168457,0.012000024318695068,0.01715707778930664
7,CiteSeer,C-IF,gt_simple,106,-0.007300853729248047,False,42,0.018999993801116943,0.049654364585876465,0.03400003910064697,0.06779301166534424
14,CiteSeer,C-IF,gt_simple,196,-0.015565991401672363,False,42,0.05500000715255737,0.09243369102478027,0.08000004291534424,0.11145412921905518
3,CiteSeer,legacy,legacy,40,-0.007905960083007812,False,42,0.003000020980834961,0.0016654729843139648,0.008000016212463379,0.0055474042892456055
7,CiteSeer,legacy,legacy,106,-0.007300853729248047,False,42,0.025000035762786865,0.024515867233276367,0.03800004720687866,0.03691697120666504
14,CiteSeer,legacy,legacy,156,-0.006132066249847412,False,42,0.07899999618530273,0.09389305114746094,0.09000003337860107,0.10739552974700928
3,CiteSeer,C-GIF,p_graph,18,0.0006410479545593262,True,42,0.012000024318695068,0.008703112602233887,0.012000024318695068,0.014844417572021484
7,CiteSeer,C-GIF,p_graph,38,0.0015487074851989746,True,42,0.018000006675720215,0.029678940773010254,0.020000040531158447,0.036577463150024414
14,CiteSeer,C-GIF,p_graph,60,0.0033019185066223145,False,42,0.009000003337860107,0.03649914264678955,0.018000006675720215,0.0458073616027832
3,CiteSeer,C-point,p_point,44,-0.007905960083007812,False,42,0.009999990463256836,0.013193011283874512,0.016000032424926758,0.01821112632751465
7,CiteSeer,C-point,p_point,80,-0.01615041494369507,False,42,0.018000006675720215,0.03647589683532715,0.018000006675720215,0.041837215423583984
14,CiteSeer,C-point,p_point,118,-0.015565991401672363,False,42,0.09700000286102295,0.15603256225585938,0.08400005102157593,0.15047895908355713
3,CiteSeer,C-IF,p_simple,62,-0.007905960083007812,True,42,-0.0029999613761901855,0.01505589485168457,0.012000024318695068,0.01715707778930664
7,CiteSeer,C-IF,p_simple,106,-0.007300853729248047,True,42,0.018999993801116943,0.049654364585876465,0.03400003910064697,0.06779301166534424
14,CiteSeer,C-IF,p_simple,196,-0.015565991401672363,True,42,0.05500000715255737,0.09243369102478027,0.08000004291534424,0.11145412921905518
3,CiteSeer,C-point,r_point,44,-0.007905960083007812,True,42,0.009999990463256836,0.013193011283874512,0.016000032424926758,0.01821112632751465
7,CiteSeer,C-point,r_point,88,-0.01615041494369507,False,42,0.018000006675720215,0.03327906131744385,0.0140000581741333,0.03747975826263428
14,CiteSeer,C-point,r_point,118,-0.015565991401672363,False,42,0.030000030994415283,0.07990550994873047,0.054000020027160645,0.10912501811981201
3,CiteSeer,control,random,8,0.0006410479545593262,False,42,0.006000041961669922,0.0068024396896362305,0.008000016212463379,0.006500601768493652
7,CiteSeer,control,random,32,0.0015487074851989746,False,42,0.009000003337860107,0.014100193977355957,0.008000016212463379,0.015677452087402344
14,CiteSeer,control,random,80,0.0033019185066223145,False,42,0.018999993801116943,0.04891180992126465,0.016000032424926758,0.0591198205947876
3,CiteSeer,C-GIF,tracin_cp_graph_3,16,0.0006410479545593262,False,42,0.009000003337860107,0.012186646461486816,0.008000016212463379,0.017737865447998047
7,CiteSeer,C-GIF,tracin_cp_graph_3,40,0.0015487074851989746,False,42,0.03799998760223389,0.0730050802230835,0.03200000524520874,0.06703639030456543
14,CiteSeer,C-GIF,tracin_cp_graph_3,104,-0.015565991401672363,False,42,0.046999990940093994,0.10784339904785156,0.054000020027160645,0.12107968330383301
3,CiteSeer,C-GIF,tracin_cp_graph_6,12,0.0006410479545593262,False,42,0.01100003719329834,0.012269139289855957,0.0140000581741333,0.016952991485595703
7,CiteSeer,C-GIF,tracin_cp_graph_6,28,0.0015487074851989746,False,42,0.02899998426437378,0.04213905334472656,0.030000030994415283,0.04592394828796387
14,CiteSeer,C-GIF,tracin_cp_graph_6,92,-0.006132066249847412,False,42,0.08100003004074097,0.12894093990325928,0.0700000524520874,0.1261427402496338
3,CiteSeer,C-point,tracin_cp_point_3,40,0.0006410479545593262,False,42,0.01100003719329834,0.01962411403656006,0.008000016212463379,0.02185535430908203
7,CiteSeer,C-point,tracin_cp_point_3,130,-0.007300853729248047,False,42,0.026000022888183594,0.06014549732208252,0.018000006675720215,0.05919921398162842
14,CiteSeer,C-point,tracin_cp_point_3,158,-0.015565991401672363,False,42,0.08399999141693115,0.13939440250396729,0.08000004291534424,0.13676965236663818
3,CiteSeer,C-point,tracin_cp_point_6,40,0.0006410479545593262,True,42,0.01100003719329834,0.01962411403656006,0.008000016212463379,0.02185535430908203
7,CiteSeer,C-point,tracin_cp_point_6,112,-0.007300853729248047,False,42,0.026000022888183594,0.05534195899963379,0.022000014781951904,0.05092442035675049
14,CiteSeer,C-point,tracin_cp_point_6,156,-0.006132066249847412,False,42,0.12400001287460327,0.1750020980834961,0.09800004959106445,0.16299140453338623
3,CiteSeer,C-IF,tracin_cp_simple_3,62,-0.007905960083007812,True,42,-0.0029999613761901855,0.01505589485168457,0.012000024318695068,0.01715707778930664
7,CiteSeer,C-IF,tracin_cp_simple_3,106,-0.007300853729248047,True,42,0.018999993801116943,0.049654364585876465,0.03400003910064697,0.06779301166534424
14,CiteSeer,C-IF,tracin_cp_simple_3,198,-0.015565991401672363,False,42,0.042999982833862305,0.10006213188171387,0.050000011920928955,0.11822724342346191
3,CiteSeer,C-IF,tracin_cp_simple_6,62,-0.007905960083007812,True,42,-0.0029999613761901855,0.01505589485168457,0.012000024318695068,0.01715707778930664
7,CiteSeer,C-IF,tracin_cp_simple_6,106,-0.007300853729248047,True,42,0.018999993801116943,0.049654364585876465,0.03400003910064697,0.06779301166534424
14,CiteSeer,C-IF,tracin_cp_simple_6,198,-0.015565991401672363,True,42,0.042999982833862305,0.10006213188171387,0.050000011920928955,0.11822724342346191
3,Cora,A,a_grad_norm,114,-0.007142841815948486,False,2024,0.018999993801116943,0.03371727466583252,0.0040000081062316895,0.03038853406906128
7,Cora,A,a_grad_norm,162,-0.007142841815948486,False,2024,0.012000024318695068,0.026082158088684082,0.0059999823570251465,0.03128981590270996
14,Cora,A,a_grad_norm,226,-0.007142841815948486,False,2024,0.006999969482421875,0.02904987335205078,0.013999998569488525,0.04483121633529663
3,Cora,B,b_param_hutch,100,-0.007142841815948486,False,2024,-0.0009999871253967285,0.006000697612762451,0.013999998569488525,0.008535981178283691
7,Cora,B,b_param_hutch,144,-0.007142841815948486,False,2024,-0.001999974250793457,0.003240644931793213,0.0059999823570251465,0.011831939220428467
14,Cora,B,b_param_hutch,206,-0.007142841815948486,False,2024,0.013000011444091797,0.02107226848602295,0.015999972820281982,0.02568340301513672
3,Cora,B,b_param_lissa,110,-0.007142841815948486,False,2024,0.0009999871253967285,0.006661415100097656,0.0040000081062316895,0.005204737186431885
7,Cora,B,b_param_lissa,154,-0.007142841815948486,False,2024,0.022000014781951904,0.030544281005859375,0.013999998569488525,0.03241539001464844
14,Cora,B,b_param_lissa,240,-0.007142841815948486,False,2024,0.001999974250793457,0.025109410285949707,0.001999974250793457,0.03519082069396973
3,Cora,control,degree,178,-0.007142841815948486,False,2024,0.001999974250793457,0.004829883575439453,-0.012000024318695068,0.0007208585739135742
7,Cora,control,degree,286,-0.007142841815948486,False,2024,-0.003000020980834961,0.00989598035812378,0.0,0.006267726421356201
14,Cora,control,degree,416,-0.007142841815948486,False,2024,0.018999993801116943,0.04855865240097046,0.015999972820281982,0.0473097562789917
3,Cora,C-GIF,gt_full,84,0.007455706596374512,False,2024,0.0040000081062316895,0.026418089866638184,-0.0040000081062316895,0.02561342716217041
7,Cora,C-GIF,gt_full,120,0.00037592649459838867,False,2024,0.006999969482421875,0.031027555465698242,0.0059999823570251465,0.03809231519699097
14,Cora,C-GIF,gt_full,162,-0.007142841815948486,False,2024,0.018999993801116943,0.06224185228347778,0.019999980926513672,0.06874966621398926
3,Cora,C-IF,gt_simple,30,0.000156402587890625,False,2024,0.010999977588653564,0.025978803634643555,0.0,0.02872377634048462
7,Cora,C-IF,gt_simple,64,0.00037592649459838867,False,2024,0.029999971389770508,0.05917757749557495,0.012000024318695068,0.06568914651870728
14,Cora,C-IF,gt_simple,136,0.0007936954498291016,False,2024,0.05500000715255737,0.13203269243240356,0.046000003814697266,0.1481928825378418
3,Cora,legacy,legacy,94,0.007455706596374512,False,2024,0.0009999871253967285,0.02740800380706787,0.0040000081062316895,0.028761565685272217
7,Cora,legacy,legacy,192,-0.007142841815948486,False,2024,0.003000020980834961,0.017949461936950684,-0.009999990463256836,0.01714646816253662
14,Cora,legacy,legacy,258,-0.007142841815948486,False,2024,0.006999969482421875,0.03772902488708496,0.009999990463256836,0.041389405727386475
3,Cora,C-GIF,p_graph,84,0.007455706596374512,False,2024,0.006999969482421875,0.006465315818786621,-0.0020000338554382324,0.002132892608642578
7,Cora,C-GIF,p_graph,116,0.007894754409790039,False,2024,0.012000024318695068,0.030580461025238037,0.013999998569488525,0.03955286741256714
14,Cora,C-GIF,p_graph,172,0.0007936954498291016,False,2024,0.02799999713897705,0.06550437211990356,0.03200000524520874,0.08188086748123169
3,Cora,C-point,p_point,32,0.000156402587890625,False,2024,0.0209999680519104,0.04913455247879028,0.0059999823570251465,0.04463469982147217
7,Cora,C-point,p_point,66,0.00037592649459838867,False,2024,0.05699998140335083,0.12737542390823364,0.04000002145767212,0.11208415031433105
14,Cora,C-point,p_point,120,0.0007936954498291016,False,2024,0.21299999952316284,0.5269973874092102,0.1899999976158142,0.5129237174987793
3,Cora,C-IF,p_simple,30,0.000156402587890625,True,2024,0.010999977588653564,0.025978803634643555,0.0,0.02872377634048462
7,Cora,C-IF,p_simple,64,0.00037592649459838867,True,2024,0.029999971389770508,0.05917757749557495,0.012000024318695068,0.06568914651870728
14,Cora,C-IF,p_simple,186,-0.007142841815948486,False,2024,0.0559999942779541,0.137384295463562,0.0559999942779541,0.14819014072418213
3,Cora,C-point,r_point,32,0.000156402587890625,True,2024,0.0209999680519104,0.04913455247879028,0.0059999823570251465,0.04463469982147217
7,Cora,C-point,r_point,66,0.00037592649459838867,False,2024,0.04500001668930054,0.12350136041641235,0.04000002145767212,0.11005735397338867
14,Cora,C-point,r_point,120,0.0007936954498291016,True,2024,0.21299999952316284,0.5269973874092102,0.1899999976158142,0.5129237174987793
3,Cora,control,random,22,0.007455706596374512,False,2024,0.0059999823570251465,0.008161664009094238,0.0059999823570251465,0.011838734149932861
7,Cora,control,random,42,0.00037592649459838867,False,2024,0.0059999823570251465,0.03402644395828247,0.0059999823570251465,0.03186225891113281
14,Cora,control,random,86,-0.007142841815948486,False,2024,0.0059999823570251465,0.02559143304824829,0.012000024318695068,0.02478468418121338
3,Cora,C-GIF,tracin_cp_graph_3,32,0.000156402587890625,False,2024,0.02899998426437378,0.058699607849121094,0.008000016212463379,0.05122143030166626
7,Cora,C-GIF,tracin_cp_graph_3,66,0.00037592649459838867,False,2024,0.06699997186660767,0.14634311199188232,0.06400001049041748,0.15514123439788818
14,Cora,C-GIF,tracin_cp_graph_3,116,-0.007142841815948486,False,2024,0.20499998331069946,0.37867528200149536,0.18199998140335083,0.3578068017959595
3,Cora,C-GIF,tracin_cp_graph_6,24,0.000156402587890625,False,2024,0.013999998569488525,0.036472439765930176,0.008000016212463379,0.04016101360321045
7,Cora,C-GIF,tracin_cp_graph_6,60,0.00037592649459838867,False,2024,0.04799997806549072,0.11576741933822632,0.050000011920928955,0.12497127056121826
14,Cora,C-GIF,tracin_cp_graph_6,112,-0.007142841815948486,False,2024,0.19099998474121094,0.360329806804657,0.15799999237060547,0.3298323154449463
3,Cora,C-point,tracin_cp_point_3,42,0.000156402587890625,False,2024,0.026000022888183594,0.05909234285354614,0.013999998569488525,0.04232978820800781
7,Cora,C-point,tracin_cp_point_3,64,0.00037592649459838867,False,2024,0.06000000238418579,0.13734322786331177,0.03799998760223389,0.107890784740448
14,Cora,C-point,tracin_cp_point_3,122,0.008730173110961914,False,2024,0.21799999475479126,0.5199773907661438,0.1940000057220459,0.49100053310394287
3,Cora,C-point,tracin_cp_point_6,42,0.000156402587890625,True,2024,0.026000022888183594,0.05909234285354614,0.013999998569488525,0.04232978820800781
7,Cora,C-point,tracin_cp_point_6,64,0.00037592649459838867,True,2024,0.06000000238418579,0.13734322786331177,0.03799998760223389,0.107890784740448
14,Cora,C-point,tracin_cp_point_6,118,0.016666710376739502,False,2024,0.2120000123977661,0.4946799874305725,0.17799997329711914,0.474920392036438
3,Cora,C-IF,tracin_cp_simple_3,30,0.000156402587890625,True,2024,0.010999977588653564,0.025978803634643555,0.0,0.02872377634048462
7,Cora,C-IF,tracin_cp_simple_3,64,0.00037592649459838867,True,2024,0.029999971389770508,0.05917757749557495,0.012000024318695068,0.06568914651870728
14,Cora,C-IF,tracin_cp_simple_3,120,0.008730173110961914,False,2024,0.07499998807907104,0.17332834005355835,0.0820000171661377,0.19237101078033447
3,Cora,C-IF,tracin_cp_simple_6,30,0.000156402587890625,True,2024,0.010999977588653564,0.025978803634643555,0.0,0.02872377634048462
7,Cora,C-IF,tracin_cp_simple_6,64,0.00037592649459838867,True,2024,0.029999971389770508,0.05917757749557495,0.012000024318695068,0.06568914651870728
14,Cora,C-IF,tracin_cp_simple_6,120,0.008730173110961914,True,2024,0.07499998807907104,0.17332834005355835,0.0820000171661377,0.19237101078033447
3,Cora,A,a_grad_norm,46,-0.007142841815948486,False,212,0.011999964714050293,0.02228105068206787,0.008000016212463379,0.01852351427078247
7,Cora,A,a_grad_norm,86,-0.007142841815948486,False,212,0.0209999680519104,0.01891160011291504,0.016000032424926758,0.01581341028213501
14,Cora,A,a_grad_norm,226,-0.007142841815948486,False,212,0.022999942302703857,0.04594683647155762,0.006000041961669922,0.04570949077606201
3,Cora,B,b_param_hutch,76,-0.007142841815948486,False,212,0.006999969482421875,0.0063629150390625,-0.003999948501586914,-0.0014837980270385742
7,Cora,B,b_param_hutch,114,-0.007142841815948486,False,212,0.011999964714050293,0.01163703203201294,0.0020000338554382324,0.006937265396118164
14,Cora,B,b_param_hutch,236,-0.007142841815948486,False,212,0.01799994707107544,0.035812973976135254,0.020000040531158447,0.03536880016326904
3,Cora,B,b_param_lissa,44,-0.007142841815948486,False,212,0.0059999823570251465,0.001505434513092041,0.008000016212463379,0.005070090293884277
7,Cora,B,b_param_lissa,116,-0.007142841815948486,False,212,0.030999958515167236,0.03633308410644531,0.010000050067901611,0.03416728973388672
14,Cora,B,b_param_lissa,232,-0.007142841815948486,False,212,0.0209999680519104,0.05226331949234009,0.012000024318695068,0.0526738166809082
3,Cora,control,degree,178,-0.007142841815948486,False,212,0.003999948501586914,0.0060149431228637695,-0.003999948501586914,0.0016474723815917969
7,Cora,control,degree,286,-0.007142841815948486,False,212,0.008999943733215332,0.027142882347106934,0.0040000081062316895,0.019561350345611572
14,Cora,control,degree,416,-0.007142841815948486,False,212,0.0209999680519104,0.048540711402893066,0.026000022888183594,0.040010690689086914
3,Cora,C-GIF,gt_full,78,0.000156402587890625,False,212,0.0009999871253967285,-0.0025296807289123535,-0.001999974250793457,-0.005638241767883301
7,Cora,C-GIF,gt_full,104,0.00037592649459838867,False,212,0.019999980926513672,0.02761101722717285,0.022000014781951904,0.03631716966629028
14,Cora,C-GIF,gt_full,200,0.0007936954498291016,False,212,0.02899998426437378,0.04140549898147583,0.030000030994415283,0.04707753658294678
3,Cora,C-IF,gt_simple,30,0.000156402587890625,False,212,0.01699995994567871,0.030089199542999268,0.008000016212463379,0.030999362468719482
7,Cora,C-IF,gt_simple,60,0.00037592649459838867,False,212,0.015999972820281982,0.04189252853393555,0.010000050067901611,0.046219825744628906
14,Cora,C-IF,gt_simple,136,0.0007936954498291016,False,212,0.0639999508857727,0.11634284257888794,0.054000020027160645,0.12614494562149048
3,Cora,legacy,legacy,74,0.000156402587890625,False,212,-0.0020000338554382324,-0.002302229404449463,-0.003999948501586914,-0.00896596908569336
7,Cora,legacy,legacy,126,0.00037592649459838867,False,212,0.02599996328353882,0.016502201557159424,0.006000041961669922,-0.000713646411895752
14,Cora,legacy,legacy,186,-0.007142841815948486,False,212,0.04099994897842407,0.03854787349700928,0.03200000524520874,0.030501961708068848
3,Cora,C-GIF,p_graph,78,0.000156402587890625,True,212,0.0009999871253967285,-0.0025296807289123535,-0.001999974250793457,-0.005638241767883301
7,Cora,C-GIF,p_graph,112,0.00037592649459838867,False,212,0.01799994707107544,0.02066272497177124,0.010000050067901611,0.02164989709854126
14,Cora,C-GIF,p_graph,200,0.0007936954498291016,False,212,0.0339999794960022,0.04806983470916748,0.03400003910064697,0.052873075008392334
3,Cora,C-point,p_point,24,0.000156402587890625,False,212,0.022999942302703857,0.03451746702194214,0.012000024318695068,0.027559340000152588
7,Cora,C-point,p_point,66,0.00037592649459838867,False,212,0.0559999942779541,0.11146372556686401,0.04400002956390381,0.0941394567489624
14,Cora,C-point,p_point,120,0.0007936954498291016,False,212,0.21999996900558472,0.41952085494995117,0.1980000138282776,0.39618927240371704
3,Cora,C-IF,p_simple,30,0.000156402587890625,True,212,0.01699995994567871,0.030089199542999268,0.008000016212463379,0.030999362468719482
7,Cora,C-IF,p_simple,60,0.00037592649459838867,True,212,0.015999972820281982,0.04189252853393555,0.010000050067901611,0.046219825744628906
14,Cora,C-IF,p_simple,136,0.0007936954498291016,True,212,0.0639999508857727,0.11634284257888794,0.054000020027160645,0.12614494562149048
3,Cora,C-point,r_point,24,0.000156402587890625,True,212,0.022999942302703857,0.03451746702194214,0.012000024318695068,0.027559340000152588
7,Cora,C-point,r_point,66,0.00037592649459838867,True,212,0.0559999942779541,0.11146372556686401,0.04400002956390381,0.0941394567489624
14,Cora,C-point,r_point,120,0.0007936954498291016,True,212,0.21999996900558472,0.41952085494995117,0.1980000138282776,0.39618927240371704
3,Cora,control,random,68,0.000156402587890625,False,212,0.0,0.005540192127227783,0.0020000338554382324,-0.0019470453262329102
7,Cora,control,random,100,0.00037592649459838867,False,212,0.0009999871253967285,0.006139099597930908,0.0020000338554382324,-0.003176748752593994
14,Cora,control,random,156,0.0007936954498291016,False,212,-0.005000054836273193,-0.00584179162979126,0.0040000081062316895,-0.013632357120513916
3,Cora,C-GIF,tracin_cp_graph_3,26,0.000156402587890625,False,212,0.0209999680519104,0.03383195400238037,0.018000006675720215,0.04331541061401367
7,Cora,C-GIF,tracin_cp_graph_3,52,0.00037592649459838867,False,212,0.04799997806549072,0.09212815761566162,0.04400002956390381,0.08322697877883911
14,Cora,C-GIF,tracin_cp_graph_3,178,0.0007936954498291016,False,212,0.18199998140335083,0.2812587022781372,0.15400004386901855,0.2492806315422058
3,Cora,C-GIF,tracin_cp_graph_6,26,0.000156402587890625,True,212,0.0209999680519104,0.03383195400238037,0.018000006675720215,0.04331541061401367
7,Cora,C-GIF,tracin_cp_graph_6,104,0.00037592649459838867,False,212,0.034999966621398926,0.062405169010162354,0.03600001335144043,0.06541997194290161
14,Cora,C-GIF,tracin_cp_graph_6,174,0.0007936954498291016,False,212,0.18199998140335083,0.2906160354614258,0.15000003576278687,0.2621219754219055
3,Cora,C-point,tracin_cp_point_3,34,0.000156402587890625,False,212,0.02399998903274536,0.047057926654815674,0.0140000581741333,0.026982784271240234
7,Cora,C-point,tracin_cp_point_3,72,0.00037592649459838867,False,212,0.07199996709823608,0.12351083755493164,0.05200004577636719,0.08732497692108154
14,Cora,C-point,tracin_cp_point_3,122,0.008730173110961914,False,212,0.22599995136260986,0.4231661558151245,0.20000004768371582,0.38818222284317017
3,Cora,C-point,tracin_cp_point_6,34,0.000156402587890625,True,212,0.02399998903274536,0.047057926654815674,0.0140000581741333,0.026982784271240234
7,Cora,C-point,tracin_cp_point_6,64,0.00037592649459838867,False,212,0.06299996376037598,0.12097907066345215,0.04000002145767212,0.08922094106674194
14,Cora,C-point,tracin_cp_point_6,118,0.008730173110961914,False,212,0.218999981880188,0.39511823654174805,0.1940000057220459,0.3664931654930115
3,Cora,C-IF,tracin_cp_simple_3,30,0.000156402587890625,True,212,0.01699995994567871,0.030089199542999268,0.008000016212463379,0.030999362468719482
7,Cora,C-IF,tracin_cp_simple_3,62,0.00037592649459838867,False,212,0.02599996328353882,0.044370412826538086,0.008000016212463379,0.05046224594116211
14,Cora,C-IF,tracin_cp_simple_3,134,0.0007936954498291016,False,212,0.07099997997283936,0.12961822748184204,0.078000009059906,0.14470189809799194
3,Cora,C-IF,tracin_cp_simple_6,30,0.000156402587890625,True,212,0.01699995994567871,0.030089199542999268,0.008000016212463379,0.030999362468719482
7,Cora,C-IF,tracin_cp_simple_6,60,0.00037592649459838867,True,212,0.015999972820281982,0.04189252853393555,0.010000050067901611,0.046219825744628906
14,Cora,C-IF,tracin_cp_simple_6,136,0.0007936954498291016,True,212,0.0639999508857727,0.11634284257888794,0.054000020027160645,0.12614494562149048
3,Cora,A,a_grad_norm,76,-0.007142841815948486,False,42,-0.001999974250793457,-0.022646009922027588,-0.013999998569488525,-0.024981200695037842
7,Cora,A,a_grad_norm,126,-0.007142841815948486,False,42,-0.013000011444091797,-0.03200799226760864,-0.018000006675720215,-0.02637338638305664
14,Cora,A,a_grad_norm,188,-0.007142841815948486,False,42,0.008000016212463379,-0.0027652382850646973,0.008000016212463379,0.0038310885429382324
3,Cora,B,b_param_hutch,36,-0.007142841815948486,False,42,0.00700002908706665,0.006133079528808594,-0.0040000081062316895,0.009090781211853027
7,Cora,B,b_param_hutch,78,-0.007142841815948486,False,42,0.009000003337860107,-0.016257941722869873,-0.008000016212463379,-0.004639923572540283
14,Cora,B,b_param_hutch,194,-0.007142841815948486,False,42,0.00700002908706665,-0.010015666484832764,-0.0059999823570251465,-0.0033890604972839355
3,Cora,B,b_param_lissa,76,-0.007142841815948486,True,42,-0.001999974250793457,-0.022646009922027588,-0.013999998569488525,-0.024981200695037842
7,Cora,B,b_param_lissa,106,-0.007142841815948486,False,42,-0.0040000081062316895,-0.026286005973815918,-0.011999964714050293,-0.021397709846496582
14,Cora,B,b_param_lissa,178,-0.007142841815948486,False,42,-0.0029999613761901855,-0.00907820463180542,-0.0040000081062316895,0.0016264915466308594
3,Cora,control,degree,178,-0.007142841815948486,False,42,-0.004999995231628418,-0.004465460777282715,-0.013999998569488525,-0.007367134094238281
7,Cora,control,degree,286,-0.007142841815948486,False,42,-0.004999995231628418,-0.021835684776306152,-0.022000014781951904,-0.024028301239013672
14,Cora,control,degree,416,-0.007142841815948486,False,42,0.0020000338554382324,0.0041710734367370605,-0.015999972820281982,0.0009669065475463867
3,Cora,C-GIF,gt_full,140,0.000156402587890625,False,42,-0.009000003337860107,-0.004105031490325928,-0.019999980926513672,-0.004521667957305908
7,Cora,C-GIF,gt_full,176,-0.007142841815948486,False,42,0.0040000081062316895,0.018281280994415283,-0.008000016212463379,0.023400962352752686
14,Cora,C-GIF,gt_full,250,-0.007142841815948486,False,42,0.018999993801116943,0.05565232038497925,0.013999998569488525,0.06843447685241699
3,Cora,C-IF,gt_simple,30,0.000156402587890625,False,42,0.01500004529953003,0.029256463050842285,0.0,0.0318605899810791
7,Cora,C-IF,gt_simple,64,0.00037592649459838867,False,42,0.023000001907348633,0.02433478832244873,0.022000014781951904,0.037495553493499756
14,Cora,C-IF,gt_simple,136,0.0007936954498291016,False,42,0.04900002479553223,0.07605510950088501,0.03799998760223389,0.09552997350692749
3,Cora,legacy,legacy,14,0.000156402587890625,False,42,0.003000020980834961,-0.005371272563934326,-0.0059999823570251465,-0.0027843713760375977
7,Cora,legacy,legacy,44,0.00037592649459838867,False,42,0.00700002908706665,-0.014525055885314941,0.0020000338554382324,0.003834366798400879
14,Cora,legacy,legacy,98,-0.007142841815948486,False,42,0.006000041961669922,-0.0073850154876708984,0.0059999823570251465,0.021411478519439697
3,Cora,C-GIF,p_graph,140,0.000156402587890625,True,42,-0.009000003337860107,-0.004105031490325928,-0.019999980926513672,-0.004521667957305908
7,Cora,C-GIF,p_graph,178,0.00037592649459838867,False,42,0.009999990463256836,0.026931405067443848,-0.001999974250793457,0.032429039478302
14,Cora,C-GIF,p_graph,248,-0.007142841815948486,False,42,0.013999998569488525,0.03886985778808594,0.016000032424926758,0.0559459924697876
3,Cora,C-point,p_point,14,0.000156402587890625,False,42,0.016000032424926758,0.018480956554412842,0.0,0.013557672500610352
7,Cora,C-point,p_point,58,0.00037592649459838867,False,42,0.03700000047683716,0.050772905349731445,0.018000006675720215,0.0534358024597168
14,Cora,C-point,p_point,120,0.0007936954498291016,False,42,0.21100002527236938,0.3724015951156616,0.17400002479553223,0.36114615201950073
3,Cora,C-IF,p_simple,30,0.000156402587890625,True,42,0.01500004529953003,0.029256463050842285,0.0,0.0318605899810791
7,Cora,C-IF,p_simple,64,0.00037592649459838867,True,42,0.023000001907348633,0.02433478832244873,0.022000014781951904,0.037495553493499756
14,Cora,C-IF,p_simple,136,0.0007936954498291016,True,42,0.04900002479553223,0.07605510950088501,0.03799998760223389,0.09552997350692749
3,Cora,C-point,r_point,14,0.000156402587890625,True,42,0.016000032424926758,0.018480956554412842,0.0,0.013557672500610352
7,Cora,C-point,r_point,58,0.00037592649459838867,True,42,0.03700000047683716,0.050772905349731445,0.018000006675720215,0.0534358024597168
14,Cora,C-point,r_point,120,0.0007936954498291016,True,42,0.21100002527236938,0.3724015951156616,0.17400002479553223,0.36114615201950073
3,Cora,control,random,18,0.000156402587890625,False,42,-0.0059999823570251465,-0.004763007164001465,-0.0040000081062316895,-0.005453586578369141
7,Cora,control,random,34,0.00037592649459838867,False,42,0.0009999871253967285,-0.00366896390914917,-0.001999974250793457,0.0010988712310791016
14,Cora,control,random,84,0.0007936954498291016,False,42,0.0040000081062316895,0.005557835102081299,-0.001999974250793457,0.010053038597106934
3,Cora,C-GIF,tracin_cp_graph_3,24,0.000156402587890625,False,42,0.01100003719329834,0.030539333820343018,0.0059999823570251465,0.03502863645553589
7,Cora,C-GIF,tracin_cp_graph_3,52,0.00037592649459838867,False,42,0.03799998760223389,0.04910421371459961,0.02399998903274536,0.05644410848617554
14,Cora,C-GIF,tracin_cp_graph_3,176,0.008730173110961914,False,42,0.17599999904632568,0.22547292709350586,0.14800000190734863,0.21608060598373413
3,Cora,C-GIF,tracin_cp_graph_6,80,0.000156402587890625,False,42,0.012000024318695068,0.02735191583633423,-0.001999974250793457,0.03070533275604248
7,Cora,C-GIF,tracin_cp_graph_6,114,0.00037592649459838867,False,42,0.03100001811981201,0.04127246141433716,0.018000006675720215,0.04362207651138306
14,Cora,C-GIF,tracin_cp_graph_6,234,0.008730173110961914,False,42,0.13899999856948853,0.18751025199890137,0.11599999666213989,0.18708091974258423
3,Cora,C-point,tracin_cp_point_3,26,0.000156402587890625,False,42,0.01100003719329834,0.02419382333755493,0.0059999823570251465,0.018414020538330078
7,Cora,C-point,tracin_cp_point_3,56,0.00037592649459838867,False,42,0.03100001811981201,0.0552021861076355,0.008000016212463379,0.04594188928604126
14,Cora,C-point,tracin_cp_point_3,122,0.008730173110961914,False,42,0.2160000205039978,0.3771580457687378,0.17800003290176392,0.3548855185508728
3,Cora,C-point,tracin_cp_point_6,26,0.000156402587890625,True,42,0.01100003719329834,0.02419382333755493,0.0059999823570251465,0.018414020538330078
7,Cora,C-point,tracin_cp_point_6,66,0.00037592649459838867,False,42,0.0480000376701355,0.06785804033279419,0.018000006675720215,0.05278736352920532
14,Cora,C-point,tracin_cp_point_6,118,0.008730173110961914,False,42,0.21100002527236938,0.35186517238616943,0.17599999904632568,0.33631545305252075
3,Cora,C-IF,tracin_cp_simple_3,30,0.000156402587890625,True,42,0.01500004529953003,0.029256463050842285,0.0,0.0318605899810791
7,Cora,C-IF,tracin_cp_simple_3,64,0.00037592649459838867,True,42,0.023000001907348633,0.02433478832244873,0.022000014781951904,0.037495553493499756
14,Cora,C-IF,tracin_cp_simple_3,136,0.0007936954498291016,True,42,0.04900002479553223,0.07605510950088501,0.03799998760223389,0.09552997350692749
3,Cora,C-IF,tracin_cp_simple_6,30,0.000156402587890625,True,42,0.01500004529953003,0.029256463050842285,0.0,0.0318605899810791
7,Cora,C-IF,tracin_cp_simple_6,64,0.00037592649459838867,True,42,0.023000001907348633,0.02433478832244873,0.022000014781951904,0.037495553493499756
14,Cora,C-IF,tracin_cp_simple_6,136,0.0007936954498291016,True,42,0.04900002479553223,0.07605510950088501,0.03799998760223389,0.09552997350692749
3,PubMed,A,a_grad_norm,92,0.0,False,2024,-0.004999995231628418,0.0025759339332580566,-0.0059999823570251465,-0.0021570920944213867
7,PubMed,A,a_grad_norm,162,0.0,False,2024,0.013999998569488525,0.010489284992218018,0.0059999823570251465,-0.005174815654754639
14,PubMed,A,a_grad_norm,194,0.0,False,2024,0.017000019550323486,0.025492727756500244,0.013999998569488525,-0.00020927190780639648
3,PubMed,B,b_param_hutch,114,0.0,False,2024,-0.009000003337860107,0.002402365207672119,0.001999974250793457,0.0035640597343444824
7,PubMed,B,b_param_hutch,162,0.0,True,2024,0.013999998569488525,0.010489284992218018,0.0059999823570251465,-0.005174815654754639
14,PubMed,B,b_param_hutch,190,0.0,False,2024,0.04100000858306885,0.05292975902557373,0.03600001335144043,0.027719497680664062
3,PubMed,B,b_param_lissa,92,0.0,True,2024,-0.004999995231628418,0.0025759339332580566,-0.0059999823570251465,-0.0021570920944213867
7,PubMed,B,b_param_lissa,162,0.0,True,2024,0.013999998569488525,0.010489284992218018,0.0059999823570251465,-0.005174815654754639
14,PubMed,B,b_param_lissa,190,0.0,False,2024,0.013000011444091797,0.02311927080154419,0.009999990463256836,-0.002270936965942383
3,PubMed,control,degree,164,0.0,False,2024,-0.001999974250793457,-0.0014836788177490234,0.0059999823570251465,-0.0038772225379943848
7,PubMed,control,degree,290,0.0,False,2024,0.0,0.018747985363006592,-0.008000016212463379,0.002960383892059326
14,PubMed,control,degree,402,0.0,False,2024,0.01900005340576172,0.028538167476654053,0.0,0.005549788475036621
3,PubMed,C-GIF,gt_full,62,0.0,False,2024,0.00700002908706665,0.008655548095703125,0.0059999823570251465,0.003417789936065674
7,PubMed,C-GIF,gt_full,136,0.0,False,2024,-0.001999974250793457,0.01115727424621582,0.013999998569488525,0.020601928234100342
14,PubMed,C-GIF,gt_full,184,0.0,False,2024,0.017000019550323486,0.01998811960220337,0.046000003814697266,0.027708351612091064
3,PubMed,C-IF,gt_simple,114,0.0,False,2024,-0.004999995231628418,-0.0002924799919128418,-0.0059999823570251465,-0.002056121826171875
7,PubMed,C-IF,gt_simple,290,0.0,True,2024,0.0,0.018747985363006592,-0.008000016212463379,0.002960383892059326
14,PubMed,C-IF,gt_simple,342,0.0,False,2024,-0.0029999613761901855,0.017625153064727783,0.009999990463256836,0.011433184146881104
3,PubMed,legacy,legacy,44,0.0,False,2024,-0.006999969482421875,-0.014960825443267822,0.013999998569488525,-0.01271742582321167
7,PubMed,legacy,legacy,80,0.0,False,2024,-0.003999948501586914,-0.0010775327682495117,0.011999964714050293,-0.007092416286468506
14,PubMed,legacy,legacy,160,0.0,False,2024,0.050000011920928955,0.06709980964660645,0.08799999952316284,0.08315801620483398
3,PubMed,C-GIF,p_graph,62,0.0,True,2024,0.00700002908706665,0.008655548095703125,0.0059999823570251465,0.003417789936065674
7,PubMed,C-GIF,p_graph,136,0.0,True,2024,-0.001999974250793457,0.01115727424621582,0.013999998569488525,0.020601928234100342
14,PubMed,C-GIF,p_graph,184,0.0,True,2024,0.017000019550323486,0.01998811960220337,0.046000003814697266,0.027708351612091064
3,PubMed,C-point,p_point,100,0.0,False,2024,0.017000019550323486,0.03469705581665039,0.018000006675720215,0.013434350490570068
7,PubMed,C-point,p_point,124,0.0,False,2024,0.03600001335144043,0.08331751823425293,0.04799997806549072,0.05987060070037842
14,PubMed,C-point,p_point,174,0.0,False,2024,0.08300000429153442,0.1682746410369873,0.11000001430511475,0.14265751838684082
3,PubMed,C-IF,p_simple,114,0.0,True,2024,-0.004999995231628418,-0.0002924799919128418,-0.0059999823570251465,-0.002056121826171875
7,PubMed,C-IF,p_simple,290,0.0,True,2024,0.0,0.018747985363006592,-0.008000016212463379,0.002960383892059326
14,PubMed,C-IF,p_simple,342,0.0,True,2024,-0.0029999613761901855,0.017625153064727783,0.009999990463256836,0.011433184146881104
3,PubMed,C-point,r_point,100,0.0,True,2024,0.017000019550323486,0.03469705581665039,0.018000006675720215,0.013434350490570068
7,PubMed,C-point,r_point,124,0.0,True,2024,0.03600001335144043,0.08331751823425293,0.04799997806549072,0.05987060070037842
14,PubMed,C-point,r_point,174,0.0,True,2024,0.08300000429153442,0.1682746410369873,0.11000001430511475,0.14265751838684082
3,PubMed,control,random,16,0.0,False,2024,-0.011999964714050293,0.0008441805839538574,0.019999980926513672,0.009008288383483887
7,PubMed,control,random,42,0.0,False,2024,-0.009000003337860107,0.000509798526763916,0.019999980926513672,0.00824648141860962
14,PubMed,control,random,158,0.0,False,2024,-0.009999990463256836,-0.010347247123718262,0.011999964714050293,0.0024664998054504395
3,PubMed,C-GIF,tracin_cp_graph_3,52,0.0,False,2024,0.006000041961669922,0.02310413122177124,0.022000014781951904,0.014927506446838379
7,PubMed,C-GIF,tracin_cp_graph_3,84,0.0,False,2024,0.03200000524520874,0.06013435125350952,0.041999995708465576,0.049861371517181396
14,PubMed,C-GIF,tracin_cp_graph_3,148,0.0,False,2024,0.10600000619888306,0.1553494930267334,0.11400002241134644,0.12267041206359863
3,PubMed,C-GIF,tracin_cp_graph_6,68,0.0,False,2024,0.020000040531158447,0.036610424518585205,0.02399998903274536,0.016486167907714844
7,PubMed,C-GIF,tracin_cp_graph_6,104,0.0,False,2024,0.04000002145767212,0.06178933382034302,0.03200000524520874,0.03860419988632202
14,PubMed,C-GIF,tracin_cp_graph_6,138,0.0,False,2024,0.07500004768371582,0.1168486475944519,0.07400000095367432,0.09421467781066895
3,PubMed,C-point,tracin_cp_point_3,82,0.0,False,2024,0.01100003719329834,0.027148544788360596,0.019999980926513672,0.01064002513885498
7,PubMed,C-point,tracin_cp_point_3,122,0.0,False,2024,0.04700005054473877,0.09704643487930298,0.054000020027160645,0.06831330060958862
14,PubMed,C-point,tracin_cp_point_3,164,0.0,False,2024,0.1730000376701355,0.33824360370635986,0.17799997329711914,0.3039793372154236
3,PubMed,C-point,tracin_cp_point_6,82,0.0,True,2024,0.01100003719329834,0.027148544788360596,0.019999980926513672,0.01064002513885498
7,PubMed,C-point,tracin_cp_point_6,126,0.0,False,2024,0.04300004243850708,0.10486781597137451,0.054000020027160645,0.081509530544281
14,PubMed,C-point,tracin_cp_point_6,244,0.0,False,2024,0.11400002241134644,0.24500346183776855,0.12599998712539673,0.20916956663131714
3,PubMed,C-IF,tracin_cp_simple_3,102,0.0,False,2024,-0.001999974250793457,0.003017425537109375,0.008000016212463379,-0.007201135158538818
7,PubMed,C-IF,tracin_cp_simple_3,162,0.0,False,2024,0.009000003337860107,0.02791076898574829,0.0040000081062316895,0.014324665069580078
14,PubMed,C-IF,tracin_cp_simple_3,250,0.0,False,2024,0.01900005340576172,0.06523072719573975,0.02399998903274536,0.04746878147125244
3,PubMed,C-IF,tracin_cp_simple_6,102,0.0,True,2024,-0.001999974250793457,0.003017425537109375,0.008000016212463379,-0.007201135158538818
7,PubMed,C-IF,tracin_cp_simple_6,162,0.0,True,2024,0.009000003337860107,0.02791076898574829,0.0040000081062316895,0.014324665069580078
14,PubMed,C-IF,tracin_cp_simple_6,250,0.0,True,2024,0.01900005340576172,0.06523072719573975,0.02399998903274536,0.04746878147125244
3,PubMed,A,a_grad_norm,92,0.0,False,212,0.0,0.0032230615615844727,0.0,0.0034114718437194824
7,PubMed,A,a_grad_norm,110,0.0,False,212,0.01500004529953003,0.004204511642456055,0.0,0.0023749470710754395
14,PubMed,A,a_grad_norm,152,0.0,False,212,0.0020000338554382324,0.013103902339935303,-0.020000040531158447,-0.008248865604400635
3,PubMed,B,b_param_hutch,92,0.0,True,212,0.0,0.0032230615615844727,0.0,0.0034114718437194824
7,PubMed,B,b_param_hutch,114,0.0,False,212,0.01500004529953003,0.004716813564300537,-0.0040000081062316895,0.0014972090721130371
14,PubMed,B,b_param_hutch,188,0.0,False,212,0.012000024318695068,-0.00766444206237793,-0.008000016212463379,-0.020253539085388184
3,PubMed,B,b_param_lissa,92,0.0,True,212,0.0,0.0032230615615844727,0.0,0.0034114718437194824
7,PubMed,B,b_param_lissa,110,0.0,True,212,0.01500004529953003,0.004204511642456055,0.0,0.0023749470710754395
14,PubMed,B,b_param_lissa,152,0.0,False,212,0.006000041961669922,0.0011647939682006836,-0.013999998569488525,-0.01221156120300293
3,PubMed,control,degree,164,0.0,False,212,0.008000016212463379,0.002364933490753174,0.011999964714050293,0.0004239678382873535
7,PubMed,control,degree,290,0.0,False,212,0.0,0.0033102035522460938,-0.012000024318695068,0.0013121366500854492
14,PubMed,control,degree,402,0.0,False,212,0.006000041961669922,0.002421438694000244,-0.022000014781951904,-0.006915926933288574
3,PubMed,C-GIF,gt_full,62,0.0,False,212,0.00700002908706665,0.0022025108337402344,0.0059999823570251465,-0.0008358955383300781
7,PubMed,C-GIF,gt_full,116,0.0,False,212,0.0020000338554382324,-0.008660554885864258,0.009999990463256836,-0.00606226921081543
14,PubMed,C-GIF,gt_full,260,0.0,False,212,0.027000010013580322,0.046331703662872314,0.04799997806549072,0.0615352988243103
3,PubMed,C-IF,gt_simple,114,0.0,False,212,-0.003999948501586914,0.005358874797821045,-0.010000050067901611,0.009747684001922607
7,PubMed,C-IF,gt_simple,172,0.0,False,212,0.00700002908706665,0.009691417217254639,0.003999948501586914,0.01874595880508423
14,PubMed,C-IF,gt_simple,222,0.0,False,212,0.010000050067901611,0.011694192886352539,-0.012000024318695068,0.008149266242980957
3,PubMed,legacy,legacy,20,0.0,False,212,0.0,-0.009816288948059082,0.0,-0.013031423091888428
7,PubMed,legacy,legacy,108,0.0,False,212,0.021000027656555176,0.007604777812957764,0.018000006675720215,0.008249104022979736
14,PubMed,legacy,legacy,180,0.0,False,212,0.04500001668930054,0.04731607437133789,0.041999995708465576,0.04062223434448242
3,PubMed,C-GIF,p_graph,62,0.0,True,212,0.00700002908706665,0.0022025108337402344,0.0059999823570251465,-0.0008358955383300781
7,PubMed,C-GIF,p_graph,116,0.0,True,212,0.0020000338554382324,-0.008660554885864258,0.009999990463256836,-0.00606226921081543
14,PubMed,C-GIF,p_graph,260,0.0,True,212,0.027000010013580322,0.046331703662872314,0.04799997806549072,0.0615352988243103
3,PubMed,C-point,p_point,68,0.0,False,212,0.020000040531158447,0.01725625991821289,0.001999974250793457,0.004736483097076416
7,PubMed,C-point,p_point,84,0.0,False,212,0.030000030994415283,0.04703795909881592,0.02599996328353882,0.03131246566772461
14,PubMed,C-point,p_point,164,0.0,False,212,0.08799999952316284,0.1431841254234314,0.09399998188018799,0.11396998167037964
3,PubMed,C-IF,p_simple,114,0.0,True,212,-0.003999948501586914,0.005358874797821045,-0.010000050067901611,0.009747684001922607
7,PubMed,C-IF,p_simple,188,0.0,False,212,0.013000011444091797,0.01984471082687378,0.003999948501586914,0.01831507682800293
14,PubMed,C-IF,p_simple,222,0.0,True,212,0.010000050067901611,0.011694192886352539,-0.012000024318695068,0.008149266242980957
3,PubMed,C-point,r_point,68,0.0,True,212,0.020000040531158447,0.01725625991821289,0.001999974250793457,0.004736483097076416
7,PubMed,C-point,r_point,84,0.0,False,212,0.04100000858306885,0.06733030080795288,0.04399996995925903,0.049926042556762695
14,PubMed,C-point,r_point,132,0.0,False,212,0.08000004291534424,0.13014620542526245,0.07999998331069946,0.10628777742385864
3,PubMed,control,random,6,0.0,False,212,0.023000001907348633,0.021059393882751465,0.029999971389770508,0.02676945924758911
7,PubMed,control,random,46,0.0,False,212,0.026000022888183594,0.03249412775039673,0.02799999713897705,0.030094921588897705
14,PubMed,control,random,162,0.0,False,212,0.03800004720687866,0.03585606813430786,0.03200000524520874,0.02652209997177124
3,PubMed,C-GIF,tracin_cp_graph_3,68,0.0,False,212,0.018000006675720215,0.024341225624084473,0.009999990463256836,0.010835051536560059
7,PubMed,C-GIF,tracin_cp_graph_3,110,0.0,False,212,0.033000051975250244,0.046708881855010986,0.029999971389770508,0.03463089466094971
14,PubMed,C-GIF,tracin_cp_graph_3,138,0.0,False,212,0.06300002336502075,0.0954442024230957,0.07999998331069946,0.06952762603759766
3,PubMed,C-GIF,tracin_cp_graph_6,68,0.0,True,212,0.018000006675720215,0.024341225624084473,0.009999990463256836,0.010835051536560059
7,PubMed,C-GIF,tracin_cp_graph_6,100,0.0,False,212,0.024000048637390137,0.04141402244567871,0.05199998617172241,0.026549041271209717
14,PubMed,C-GIF,tracin_cp_graph_6,134,0.0,False,212,0.0480000376701355,0.06941115856170654,0.06199997663497925,0.045337796211242676
3,PubMed,C-point,tracin_cp_point_3,68,0.0,True,212,0.018000006675720215,0.024341225624084473,0.009999990463256836,0.010835051536560059
7,PubMed,C-point,tracin_cp_point_3,96,0.0,False,212,0.05500000715255737,0.09196758270263672,0.06000000238418579,0.07576656341552734
14,PubMed,C-point,tracin_cp_point_3,138,0.0,False,212,0.11500000953674316,0.21815592050552368,0.11799997091293335,0.20105403661727905
3,PubMed,C-point,tracin_cp_point_6,68,0.0,True,212,0.018000006675720215,0.024341225624084473,0.009999990463256836,0.010835051536560059
7,PubMed,C-point,tracin_cp_point_6,92,0.0,False,212,0.050000011920928955,0.09212201833724976,0.05199998617172241,0.07415252923965454
14,PubMed,C-point,tracin_cp_point_6,200,0.0,False,212,0.07100003957748413,0.12834399938583374,0.08399999141693115,0.1223408579826355
3,PubMed,C-IF,tracin_cp_simple_3,100,0.0,False,212,0.013999998569488525,0.022060811519622803,0.0,0.009824395179748535
7,PubMed,C-IF,tracin_cp_simple_3,156,0.0,False,212,0.013999998569488525,0.02647775411605835,0.003999948501586914,0.024808526039123535
14,PubMed,C-IF,tracin_cp_simple_3,274,0.0,False,212,0.018000006675720215,0.05154061317443848,-0.008000016212463379,0.03890037536621094
3,PubMed,C-IF,tracin_cp_simple_6,100,0.0,True,212,0.013999998569488525,0.022060811519622803,0.0,0.009824395179748535
7,PubMed,C-IF,tracin_cp_simple_6,156,0.0,True,212,0.013999998569488525,0.02647775411605835,0.003999948501586914,0.024808526039123535
14,PubMed,C-IF,tracin_cp_simple_6,274,0.0,True,212,0.018000006675720215,0.05154061317443848,-0.008000016212463379,0.03890037536621094
3,PubMed,A,a_grad_norm,92,-0.016666650772094727,False,42,-0.0059999823570251465,-0.0016335844993591309,0.0059999823570251465,-0.008260250091552734
7,PubMed,A,a_grad_norm,134,-0.016666650772094727,False,42,0.009999990463256836,0.004246115684509277,0.007999956607818604,-0.009436249732971191
14,PubMed,A,a_grad_norm,194,-0.016666650772094727,False,42,-0.003000020980834961,0.011536955833435059,-0.006000041961669922,-0.009834349155426025
3,PubMed,B,b_param_hutch,82,-0.016666650772094727,False,42,-0.0059999823570251465,-0.01410210132598877,-0.006000041961669922,-0.01561194658279419
7,PubMed,B,b_param_hutch,124,-0.016666650772094727,False,42,-0.001999974250793457,-0.006512939929962158,0.0059999823570251465,-0.02392709255218506
14,PubMed,B,b_param_hutch,180,-0.016666650772094727,False,42,0.027000010013580322,0.030681610107421875,0.019999980926513672,0.0065198540687561035
3,PubMed,B,b_param_lissa,82,-0.016666650772094727,True,42,-0.0059999823570251465,-0.01410210132598877,-0.006000041961669922,-0.01561194658279419
7,PubMed,B,b_param_lissa,134,-0.016666650772094727,True,42,0.009999990463256836,0.004246115684509277,0.007999956607818604,-0.009436249732971191
14,PubMed,B,b_param_lissa,198,-0.016666650772094727,False,42,0.0040000081062316895,0.013198673725128174,0.0059999823570251465,-0.00488048791885376
3,PubMed,control,degree,164,-0.016666650772094727,False,42,0.0,-0.00413888692855835,-0.0040000081062316895,-0.008142411708831787
7,PubMed,control,degree,290,-0.016666650772094727,False,42,-0.0009999871253967285,-0.0007405877113342285,-0.010000050067901611,-0.01293879747390747
14,PubMed,control,degree,402,-0.016666650772094727,False,42,0.008000016212463379,0.015149533748626709,-0.008000016212463379,-0.009870588779449463
3,PubMed,C-GIF,gt_full,62,-0.016666650772094727,False,42,0.003000020980834961,0.01018291711807251,0.007999956607818604,0.002986311912536621
7,PubMed,C-GIF,gt_full,84,-0.016666650772094727,False,42,-0.0009999871253967285,-0.0024566054344177246,0.011999964714050293,-0.007831275463104248
14,PubMed,C-GIF,gt_full,176,-0.016666650772094727,False,42,0.026000022888183594,0.02107083797454834,0.03200000524520874,0.023741424083709717
3,PubMed,C-IF,gt_simple,142,-0.016666650772094727,False,42,-0.00700002908706665,-0.0023767948150634766,-0.0020000338554382324,-0.0047228336334228516
7,PubMed,C-IF,gt_simple,252,-0.016666650772094727,False,42,-0.014999985694885254,-0.014897167682647705,-0.012000024318695068,-0.011645197868347168
14,PubMed,C-IF,gt_simple,334,-0.016666650772094727,False,42,0.006999969482421875,0.01969170570373535,0.003999948501586914,0.020984649658203125
3,PubMed,legacy,legacy,100,-0.016666650772094727,False,42,0.012000024318695068,0.03926795721054077,0.007999956607818604,0.017671048641204834
7,PubMed,legacy,legacy,124,-0.016666650772094727,False,42,0.03799998760223389,0.05848199129104614,0.035999953746795654,0.033977210521698
14,PubMed,legacy,legacy,152,-0.016666650772094727,False,42,0.218999981880188,0.2819223403930664,0.18799996376037598,0.23627954721450806
3,PubMed,C-GIF,p_graph,62,-0.016666650772094727,True,42,0.003000020980834961,0.01018291711807251,0.007999956607818604,0.002986311912536621
7,PubMed,C-GIF,p_graph,74,-0.016666650772094727,False,42,-0.009999990463256836,-0.009423673152923584,0.015999972820281982,-0.012349486351013184
14,PubMed,C-GIF,p_graph,170,-0.016666650772094727,False,42,0.02799999713897705,0.023940205574035645,0.02799999713897705,0.026314914226531982
3,PubMed,C-point,p_point,72,-0.016666650772094727,False,42,0.009999990463256836,0.030349254608154297,0.009999990463256836,0.020393967628479004
7,PubMed,C-point,p_point,92,-0.016666650772094727,False,42,0.04799997806549072,0.11614090204238892,0.07199996709823608,0.10330897569656372
14,PubMed,C-point,p_point,164,-0.016666650772094727,False,42,0.17299997806549072,0.36036455631256104,0.18000000715255737,0.32576191425323486
3,PubMed,C-IF,p_simple,142,-0.016666650772094727,True,42,-0.00700002908706665,-0.0023767948150634766,-0.0020000338554382324,-0.0047228336334228516
7,PubMed,C-IF,p_simple,252,-0.016666650772094727,True,42,-0.014999985694885254,-0.014897167682647705,-0.012000024318695068,-0.011645197868347168
14,PubMed,C-IF,p_simple,306,-0.016666650772094727,False,42,0.0,0.01603114604949951,0.013999998569488525,0.022128283977508545
3,PubMed,C-point,r_point,72,-0.016666650772094727,True,42,0.009999990463256836,0.030349254608154297,0.009999990463256836,0.020393967628479004
7,PubMed,C-point,r_point,112,-0.016666650772094727,False,42,0.04000002145767212,0.0933193564414978,0.041999995708465576,0.07140129804611206
14,PubMed,C-point,r_point,164,-0.016666650772094727,True,42,0.17299997806549072,0.36036455631256104,0.18000000715255737,0.32576191425323486
3,PubMed,control,random,18,-0.016666650772094727,False,42,-0.009999990463256836,-0.008899509906768799,-0.013999998569488525,-0.0055429935455322266
7,PubMed,control,random,72,-0.016666650772094727,False,42,0.019999980926513672,0.02948540449142456,0.011999964714050293,0.0159151554107666
14,PubMed,control,random,100,-0.016666650772094727,False,42,0.07700002193450928,0.06836593151092529,0.0559999942779541,0.04408919811248779
3,PubMed,C-GIF,tracin_cp_graph_3,68,-0.016666650772094727,False,42,0.014999985694885254,0.036823272705078125,0.013999998569488525,0.017615973949432373
7,PubMed,C-GIF,tracin_cp_graph_3,92,-0.016666650772094727,False,42,0.04399996995925903,0.08350116014480591,0.06199997663497925,0.06393593549728394
14,PubMed,C-GIF,tracin_cp_graph_3,130,-0.016666650772094727,False,42,0.08399999141693115,0.18453598022460938,0.07599997520446777,0.15237706899642944
3,PubMed,C-GIF,tracin_cp_graph_6,68,-0.016666650772094727,True,42,0.014999985694885254,0.036823272705078125,0.013999998569488525,0.017615973949432373
7,PubMed,C-GIF,tracin_cp_graph_6,92,-0.016666650772094727,False,42,0.03200000524520874,0.06693196296691895,0.041999995708465576,0.04856109619140625
14,PubMed,C-GIF,tracin_cp_graph_6,122,-0.016666650772094727,False,42,0.06400001049041748,0.09776228666305542,0.0559999942779541,0.07516807317733765
3,PubMed,C-point,tracin_cp_point_3,82,-0.016666650772094727,False,42,0.013999998569488525,0.03724795579910278,0.007999956607818604,0.01962864398956299
7,PubMed,C-point,tracin_cp_point_3,114,-0.016666650772094727,False,42,0.041999995708465576,0.08002573251724243,0.029999971389770508,0.0574793815612793
14,PubMed,C-point,tracin_cp_point_3,158,-0.016666650772094727,False,42,0.16600000858306885,0.3881109952926636,0.17399996519088745,0.3561139702796936
3,PubMed,C-point,tracin_cp_point_6,72,-0.016666650772094727,False,42,0.009000003337860107,0.03601253032684326,0.009999990463256836,0.03219717741012573
7,PubMed,C-point,tracin_cp_point_6,118,-0.016666650772094727,False,42,0.042999982833862305,0.09120690822601318,0.046000003814697266,0.07570445537567139
14,PubMed,C-point,tracin_cp_point_6,158,-0.016666650772094727,True,42,0.16600000858306885,0.3881109952926636,0.17399996519088745,0.3561139702796936
3,PubMed,C-IF,tracin_cp_simple_3,102,-0.016666650772094727,False,42,0.001999974250793457,-0.00023984909057617188,0.001999974250793457,-0.011429429054260254
7,PubMed,C-IF,tracin_cp_simple_3,212,-0.016666650772094727,False,42,-0.003000020980834961,0.00860375165939331,-0.010000050067901611,-0.004094958305358887
14,PubMed,C-IF,tracin_cp_simple_3,250,-0.016666650772094727,False,42,0.0209999680519104,0.05280888080596924,0.011999964714050293,0.03639477491378784
3,PubMed,C-IF,tracin_cp_simple_6,102,-0.016666650772094727,True,42,0.001999974250793457,-0.00023984909057617188,0.001999974250793457,-0.011429429054260254
7,PubMed,C-IF,tracin_cp_simple_6,212,-0.016666650772094727,True,42,-0.003000020980834961,0.00860375165939331,-0.010000050067901611,-0.004094958305358887
14,PubMed,C-IF,tracin_cp_simple_6,266,-0.016666650772094727,False,42,0.015999972820281982,0.05921417474746704,0.007999956607818604,0.0390438437461853
