budget,family,method,n_cells,test_accuracy_drop_mean,test_accuracy_drop_std,test_loss_increase_mean,test_loss_increase_std,validation_accuracy_drop_mean,validation_accuracy_drop_std,validation_loss_increase_mean,validation_loss_increase_std
3,A,a_grad_norm,9,0.004666672812567817,0.008930274307782428,-0.000582330756717258,0.021039632885945594,1.3245476616753471e-08,0.009899495430347441,-0.0022518899705674914,0.02030037949755399
7,A,a_grad_norm,9,0.010000010331471762,0.01106797269920245,-0.0008692079120212131,0.019533483103506607,0.0028888914320203993,0.011185313468750626,-0.0035352508227030435,0.019846356520277615
14,A,a_grad_norm,9,0.004111117786831326,0.01110678448400829,0.003925965891944038,0.03471274148834894,0.0008888906902737088,0.014075204355085873,-0.003273612923092312,0.038161005133681675
3,B,b_param_hutch,9,0.002000007364484999,0.006964197553547393,-0.0010706318749321832,0.007986858274979457,0.002444446086883545,0.008589404607051883,-0.0009179446432325575,0.009275636730563511
7,B,b_param_hutch,9,0.005888899167378743,0.006808893203638827,-0.004020531972249349,0.01837075750067441,-0.001777774757809109,0.007774589319519938,-0.007758471700880263,0.01826025885013768
14,B,b_param_hutch,9,0.014444450537363688,0.01276822929844072,0.009768823782602945,0.026897998090604305,0.0077777836057874895,0.016076205068240975,0.00022513336605495878,0.024993727377674132
3,B,b_param_lissa,9,0.0013333426581488715,0.005220151225853358,-0.003826094998253716,0.013692167624535215,0.0011111166742112902,0.010445636483994871,-0.004353761672973633,0.015557235941802378
7,B,b_param_lissa,9,0.011888894769880507,0.01057643595101256,0.002566834290822347,0.02323761187509295,0.0024444593323601615,0.009368972557392002,-0.0005385345882839627,0.022719703651613122
14,B,b_param_lissa,9,0.005111124780442979,0.0074404887429030155,0.0010528829362657336,0.034900765981192905,-0.0013333360354105632,0.009848856579316325,-0.008011718591054281,0.03967496558191337
3,control,degree,9,0.0036666658189561632,0.00689202573099467,0.005318575435214573,0.01772648703000243,0.0013333360354105632,0.012000000725222162,0.003947913646697998,0.019576130566246526
7,control,degree,9,0.006444440947638618,0.011980306455622248,0.01433407598071628,0.02464835406107768,-0.0015555553966098363,0.012914270820774036,0.009921563996209038,0.02714967960078387
14,control,degree,9,0.020111130343543157,0.013383238724859655,0.04378609524832831,0.037768253110269705,0.010444455676608615,0.023765069473949248,0.03760248422622681,0.04602451598753265
3,C-GIF,gt_full,9,0.0038889050483703613,0.005925472298708185,0.0005847281879848904,0.01565407804906695,-0.0008888840675354004,0.010252357540053719,-0.0002254115210639106,0.014446609027910791
7,C-GIF,gt_full,9,0.008222235573662652,0.008181953300190626,0.0051678551567925345,0.02440127250151815,0.00688889291551378,0.011709444506927855,0.011773738596174452,0.024260911886640823
14,C-GIF,gt_full,9,0.02533333831363254,0.012359210941216163,0.03619601329167684,0.020154361817490845,0.028444442484113906,0.012073846635841864,0.04424683915244208,0.020874968833616437
3,C-IF,gt_simple,9,0.0037777887450324166,0.009896679338860893,0.011164406935373941,0.017820366219097612,-0.0006666647063361274,0.00848529798481183,0.012682947847578261,0.01842758651938696
7,C-IF,gt_simple,9,0.01644444465637207,0.017052200125910136,0.028643290201822918,0.02233811106891731,0.012444449795616997,0.0178263367233563,0.036000596152411565,0.027354173525880904
14,C-IF,gt_simple,9,0.04344445466995239,0.030777871493750646,0.06985719998677571,0.043987350794195836,0.04311111238267687,0.03638836308267244,0.07907005813386705,0.05232700606868373
3,legacy,legacy,9,0.0011111232969495985,0.00645066593603239,-0.000229795773824056,0.020687827844158985,0.00022223260667588975,0.012306272910407883,-0.0012185043758816188,0.016486664120315884
7,legacy,legacy,9,0.02144446637895372,0.016148607681831094,0.021874076790279813,0.023805648453239125,0.018000006675720215,0.01774823165872495,0.02263919512430827,0.024124472790849377
14,legacy,legacy,9,0.0780000024371677,0.06969756230209959,0.09673768944210476,0.08909972867054534,0.07644444704055786,0.0596890097633032,0.10450612836413914,0.08716348346820371
3,C-GIF,p_graph,9,0.0050000084771050345,0.006144109858256944,-0.00041862991121080186,0.010683249117662542,-0.0011111100514729817,0.01082177592154106,-0.0014530685212877062,0.009064271039856533
7,C-GIF,p_graph,9,0.007111118899451362,0.009505832978405368,0.007970366213056777,0.021795364246820097,0.008222235573662652,0.00940448207164047,0.012728916274176704,0.02334456134375187
14,C-GIF,p_graph,9,0.025777783658769395,0.010974719240397146,0.03611883189943102,0.025063041226183125,0.03000001112620036,0.012767135026553144,0.04578689071867201,0.02569837102010853
3,C-point,p_point,9,0.013444450166490342,0.007891609492302767,0.022598498397403292,0.016765519358676765,0.007555557621849908,0.013739655826866422,0.015998078717125788,0.015612134406407173
7,C-point,p_point,9,0.04211111201180352,0.014084063500703542,0.0722429288758172,0.03761062729751045,0.033111115296681724,0.019751218425568193,0.061590333779652916,0.033237538184007626
14,C-point,p_point,9,0.15377778477138943,0.0549699371035791,0.27454042434692383,0.14668659394010125,0.1368889013926188,0.04707558622175154,0.25321251153945923,0.14779359598407538
3,C-IF,p_simple,9,0.003555562761094835,0.010088491158454062,0.011060761080847846,0.01804664271429177,0.0015555553966098363,0.007055355117002582,0.011448880036671957,0.021105680288165615
7,C-IF,p_simple,9,0.013222224182552762,0.015130901667031607,0.026220904456244573,0.026752599654948455,0.008222235573662652,0.01665668181467293,0.030681126647525363,0.03312893378795542
14,C-IF,p_simple,9,0.04233334461847941,0.03143643133005486,0.07050170501073201,0.04566136962213389,0.04444444841808743,0.03421664629798569,0.07953910032908122,0.05235010576400874
3,C-point,r_point,9,0.013444450166490342,0.007891609492302767,0.022598498397403292,0.016765519358676765,0.007555557621849908,0.013739655826866422,0.015998078717125788,0.015612134406407173
7,C-point,r_point,9,0.03866667879952325,0.011000003778585695,0.07085567050509983,0.03386036032836039,0.033555567264556885,0.016756416341310403,0.06018633974923028,0.027741015406043765
14,C-point,r_point,9,0.14600001441107857,0.06780485329386882,0.2689427004920112,0.15382717775652377,0.1340000099605984,0.05266877668667003,0.25187687741385567,0.14923591667312794
3,control,random,9,0.00033334891001383465,0.010547504321521227,-0.00026157829496595595,0.014528551175922194,0.0037777754995557996,0.014087021892994461,0.0008960564931233724,0.015865966152145503
7,control,random,9,0.009555558363596598,0.01187552219270795,0.014746904373168945,0.0141908716085862,0.010222229692671034,0.012427555003894747,0.011045449309878878,0.013582909992358663
14,control,random,9,0.018777781062655978,0.02912808533114595,0.024291184213426378,0.02902021446204609,0.01866667138205634,0.02233829825167462,0.020735005537668865,0.02513547001081536
3,C-GIF,tracin_cp_graph_3,9,0.012777785460154215,0.008786018573168554,0.020817491743299697,0.024521613030168317,0.008222228950924344,0.010790937875330076,0.018259757094913058,0.022502309903753747
7,C-GIF,tracin_cp_graph_3,9,0.04044444693459405,0.012166644068089124,0.06422390540440877,0.04138297044421564,0.036666671435038246,0.018302999160556686,0.060202068752712674,0.0424866173296758
14,C-GIF,tracin_cp_graph_3,9,0.12777777512868246,0.0557175351544916,0.1915204856130812,0.09077954239508848,0.11000000768237644,0.043058101717347044,0.17105011807547676,0.08853593279445378
3,C-GIF,tracin_cp_graph_6,9,0.013000011444091797,0.006595443752158702,0.01950351397196452,0.021782777638771688,0.008222235573662652,0.011850917912929032,0.016636431217193604,0.020271538206800804
7,C-GIF,tracin_cp_graph_6,9,0.03955556286705865,0.012738829091114295,0.05449457963307699,0.026977602655216436,0.036222232712639704,0.011065455328720556,0.04994991090562609,0.03077037347464967
14,C-GIF,tracin_cp_graph_6,9,0.11522223552068074,0.05173917725336803,0.1620507174068027,0.09950944167714468,0.09488889906141493,0.03768436374376873,0.1440148949623108,0.09614182949008945
3,C-point,tracin_cp_point_3,9,0.01600001917945014,0.005656844640032727,0.030330810281965468,0.015563532565603978,0.01355555984708998,0.012952913100332437,0.020445333586798772,0.012435160431312679
7,C-point,tracin_cp_point_3,9,0.05688890483644274,0.02579944428440048,0.08681048287285699,0.030260294408624374,0.03911111752192179,0.01741009018591216,0.06737235519621107,0.02066728873489098
14,C-point,tracin_cp_point_3,9,0.16600000858306885,0.04853348617413607,0.31551685598161483,0.12392430429635973,0.14844444725248548,0.04543982813266359,0.2898237506548564,0.1177563946550116
3,C-point,tracin_cp_point_6,9,0.015444464153713651,0.006105545605373717,0.030193540785047743,0.015500217021444334,0.01377778583102756,0.012862525748651219,0.021841837300194636,0.013023788654687597
7,C-point,tracin_cp_point_6,9,0.05600001414616903,0.023843243857311378,0.0886780752076043,0.030842290011455994,0.04044444693459405,0.012679813659388283,0.070692863729265,0.02097769824486132
14,C-point,tracin_cp_point_6,9,0.15788890255822075,0.05030516975768206,0.29036286142137313,0.1229274990802481,0.13644444280200535,0.04359789959518313,0.26659053564071655,0.12018385779204059
3,C-IF,tracin_cp_simple_3,9,0.007111118899451362,0.008447536505480777,0.013625383377075195,0.017510173328683994,0.002444452709621853,0.007535112154886496,0.011374625894758437,0.019866239657379346
7,C-IF,tracin_cp_simple_3,9,0.020666658878326416,0.012980755463304069,0.031557718912760414,0.01722959301261129,0.014222224553426107,0.016076224636299458,0.036768449677361384,0.02429147063538696
14,C-IF,tracin_cp_simple_3,9,0.05311111609141032,0.03007259776889545,0.09579606188668145,0.03990459688550616,0.05066667000452677,0.036510293867680704,0.10038065248065525,0.05309754854309819
3,C-IF,tracin_cp_simple_6,9,0.007111118899451362,0.008447536505480777,0.013625383377075195,0.017510173328683994,0.002444452709621853,0.007535112154886496,0.011374625894758437,0.019866239657379346
7,C-IF,tracin_cp_simple_6,9,0.019555548826853435,0.01289487704551752,0.031282398435804576,0.017017755269623135,0.014444450537363688,0.015993070412332208,0.03629706965552436,0.02403230384910196
14,C-IF,tracin_cp_simple_6,9,0.051777780055999756,0.030338827075206867,0.09503271844651964,0.0379182321294069,0.0475555592113071,0.03564799346674259,0.09861310985353258,0.05110542656306972
