budget,common_fraction,dataset,intersection,jaccard,kendall,left,right,seed,sign_agreement,spearman
3,0.3333333333333333,CiteSeer,1,0.2,0.660176495307466,a_grad_norm,b_param_lissa,2024,1.0,0.8461623937856579
7,0.42857142857142855,CiteSeer,3,0.2727272727272727,0.660176495307466,a_grad_norm,b_param_lissa,2024,1.0,0.8461623937856579
14,0.7142857142857143,CiteSeer,10,0.5555555555555556,0.660176495307466,a_grad_norm,b_param_lissa,2024,1.0,0.8461623937856579
3,0.6666666666666666,CiteSeer,2,0.5,0.7996918335901386,b_param_hutch,b_param_lissa,2024,1.0,0.9398914504182597
7,0.8571428571428571,CiteSeer,6,0.75,0.7996918335901386,b_param_hutch,b_param_lissa,2024,1.0,0.9398914504182597
14,0.8571428571428571,CiteSeer,12,0.75,0.7996918335901386,b_param_hutch,b_param_lissa,2024,1.0,0.9398914504182597
3,0.3333333333333333,CiteSeer,1,0.2,0.043000210204196025,b_param_lissa,gt_full,2024,0.49166666666666664,0.06867155474618787
7,0.2857142857142857,CiteSeer,2,0.16666666666666666,0.043000210204196025,b_param_lissa,gt_full,2024,0.49166666666666664,0.06867155474618787
14,0.42857142857142855,CiteSeer,6,0.2727272727272727,0.043000210204196025,b_param_lissa,gt_full,2024,0.49166666666666664,0.06867155474618787
3,0.0,CiteSeer,0,0.0,-0.023812859177447927,gt_simple,gt_full,2024,0.49166666666666664,-0.03356841991971041
7,0.0,CiteSeer,0,0.0,-0.023812859177447927,gt_simple,gt_full,2024,0.49166666666666664,-0.03356841991971041
14,0.07142857142857142,CiteSeer,1,0.037037037037037035,-0.023812859177447927,gt_simple,gt_full,2024,0.49166666666666664,-0.03356841991971041
3,0.0,CiteSeer,0,0.0,0.4038097915918474,r_point,gt_full,2024,0.725,0.537774390191779
7,0.2857142857142857,CiteSeer,2,0.16666666666666666,0.4038097915918474,r_point,gt_full,2024,0.725,0.537774390191779
14,0.35714285714285715,CiteSeer,5,0.21739130434782608,0.4038097915918474,r_point,gt_full,2024,0.725,0.537774390191779
3,1.0,CiteSeer,3,1.0,0.9246393052248214,p_point,r_point,2024,0.9416666666666667,0.9871796207362343
7,0.8571428571428571,CiteSeer,6,0.75,0.9246393052248214,p_point,r_point,2024,0.9416666666666667,0.9871796207362343
14,1.0,CiteSeer,14,1.0,0.9246393052248214,p_point,r_point,2024,0.9416666666666667,0.9871796207362343
3,0.3333333333333333,CiteSeer,1,0.2,0.9338750350238162,p_simple,gt_simple,2024,0.9833333333333333,0.9918952142177526
7,0.5714285714285714,CiteSeer,4,0.4,0.9338750350238162,p_simple,gt_simple,2024,0.9833333333333333,0.9918952142177526
14,1.0,CiteSeer,14,1.0,0.9338750350238162,p_simple,gt_simple,2024,0.9833333333333333,0.9918952142177526
3,1.0,CiteSeer,3,1.0,0.9271708683473389,p_graph,gt_full,2024,0.9416666666666667,0.9900062504340579
7,0.8571428571428571,CiteSeer,6,0.75,0.9271708683473389,p_graph,gt_full,2024,0.9416666666666667,0.9900062504340579
14,0.9285714285714286,CiteSeer,13,0.8666666666666667,0.9271708683473389,p_graph,gt_full,2024,0.9416666666666667,0.9900062504340579
3,0.6666666666666666,CiteSeer,2,0.5,0.8467572489144137,tracin_cp_point_3,r_point,2024,0.8916666666666667,0.9597262300376069
7,0.7142857142857143,CiteSeer,5,0.5555555555555556,0.8467572489144137,tracin_cp_point_3,r_point,2024,0.8916666666666667,0.9597262300376069
14,0.7857142857142857,CiteSeer,11,0.6470588235294118,0.8467572489144137,tracin_cp_point_3,r_point,2024,0.8916666666666667,0.9597262300376069
3,0.6666666666666666,CiteSeer,2,0.5,0.8610449642807114,tracin_cp_point_6,r_point,2024,0.9166666666666666,0.9656224933068036
7,0.7142857142857143,CiteSeer,5,0.5555555555555556,0.8610449642807114,tracin_cp_point_6,r_point,2024,0.9166666666666666,0.9656224933068036
14,0.8571428571428571,CiteSeer,12,0.75,0.8610449642807114,tracin_cp_point_6,r_point,2024,0.9166666666666666,0.9656224933068036
3,1.0,CiteSeer,3,1.0,0.7758475763519193,tracin_cp_simple_3,gt_simple,2024,0.875,0.9175631471848544
7,0.8571428571428571,CiteSeer,6,0.75,0.7758475763519193,tracin_cp_simple_3,gt_simple,2024,0.875,0.9175631471848544
14,0.9285714285714286,CiteSeer,13,0.8666666666666667,0.7758475763519193,tracin_cp_simple_3,gt_simple,2024,0.875,0.9175631471848544
3,1.0,CiteSeer,3,1.0,0.7873353880638834,tracin_cp_simple_6,gt_simple,2024,0.9166666666666666,0.9268416337359104
7,0.8571428571428571,CiteSeer,6,0.75,0.7873353880638834,tracin_cp_simple_6,gt_simple,2024,0.9166666666666666,0.9268416337359104
14,0.9285714285714286,CiteSeer,13,0.8666666666666667,0.7873353880638834,tracin_cp_simple_6,gt_simple,2024,0.9166666666666666,0.9268416337359104
3,0.3333333333333333,CiteSeer,1,0.2,0.5257703081232493,tracin_cp_graph_3,gt_full,2024,0.7666666666666667,0.6958260990346551
7,0.2857142857142857,CiteSeer,2,0.16666666666666666,0.5257703081232493,tracin_cp_graph_3,gt_full,2024,0.7666666666666667,0.6958260990346551
14,0.42857142857142855,CiteSeer,6,0.2727272727272727,0.5257703081232493,tracin_cp_graph_3,gt_full,2024,0.7666666666666667,0.6958260990346551
3,0.3333333333333333,CiteSeer,1,0.2,0.5596638655462184,tracin_cp_graph_6,gt_full,2024,0.825,0.7371206333773178
7,0.2857142857142857,CiteSeer,2,0.16666666666666666,0.5596638655462184,tracin_cp_graph_6,gt_full,2024,0.825,0.7371206333773178
14,0.5714285714285714,CiteSeer,8,0.4,0.5596638655462184,tracin_cp_graph_6,gt_full,2024,0.825,0.7371206333773178
3,0.6666666666666666,CiteSeer,2,0.5,0.8226642386888919,a_grad_norm,b_param_lissa,212,1.0,0.9482531712381804
7,0.8571428571428571,CiteSeer,6,0.75,0.8226642386888919,a_grad_norm,b_param_lissa,212,1.0,0.9482531712381804
14,0.9285714285714286,CiteSeer,13,0.8666666666666667,0.8226642386888919,a_grad_norm,b_param_lissa,212,1.0,0.9482531712381804
3,0.6666666666666666,CiteSeer,2,0.5,0.8041742540972124,b_param_hutch,b_param_lissa,212,1.0,0.9467877866094402
7,0.7142857142857143,CiteSeer,5,0.5555555555555556,0.8041742540972124,b_param_hutch,b_param_lissa,212,1.0,0.9467877866094402
14,0.7857142857142857,CiteSeer,11,0.6470588235294118,0.8041742540972124,b_param_hutch,b_param_lissa,212,1.0,0.9467877866094402
3,0.0,CiteSeer,0,0.0,0.02283073049929626,b_param_lissa,gt_full,212,0.5416666666666666,0.03931529848484724
7,0.0,CiteSeer,0,0.0,0.02283073049929626,b_param_lissa,gt_full,212,0.5416666666666666,0.03931529848484724
14,0.21428571428571427,CiteSeer,3,0.12,0.02283073049929626,b_param_lissa,gt_full,212,0.5416666666666666,0.03931529848484724
3,0.0,CiteSeer,0,0.0,0.04902647477709867,gt_simple,gt_full,212,0.5916666666666667,0.07004330176895401
7,0.0,CiteSeer,0,0.0,0.04902647477709867,gt_simple,gt_full,212,0.5916666666666667,0.07004330176895401
14,0.0,CiteSeer,0,0.0,0.04902647477709867,gt_simple,gt_full,212,0.5916666666666667,0.07004330176895401
3,0.0,CiteSeer,0,0.0,0.5239862748335418,r_point,gt_full,212,0.775,0.6841320302323496
7,0.14285714285714285,CiteSeer,1,0.07692307692307693,0.5239862748335418,r_point,gt_full,212,0.775,0.6841320302323496
14,0.35714285714285715,CiteSeer,5,0.21739130434782608,0.5239862748335418,r_point,gt_full,212,0.775,0.6841320302323496
3,1.0,CiteSeer,3,1.0,0.72433113881496,p_point,r_point,212,0.775,0.8648165317609965
7,0.7142857142857143,CiteSeer,5,0.5555555555555556,0.72433113881496,p_point,r_point,212,0.775,0.8648165317609965
14,0.7857142857142857,CiteSeer,11,0.6470588235294118,0.72433113881496,p_point,r_point,212,0.775,0.8648165317609965
3,1.0,CiteSeer,3,1.0,0.6985149901933314,p_simple,gt_simple,212,0.8333333333333334,0.8076241935147823
7,0.8571428571428571,CiteSeer,6,0.75,0.6985149901933314,p_simple,gt_simple,212,0.8333333333333334,0.8076241935147823
14,0.9285714285714286,CiteSeer,13,0.8666666666666667,0.6985149901933314,p_simple,gt_simple,212,0.8333333333333334,0.8076241935147823
3,0.6666666666666666,CiteSeer,2,0.5,0.8187675070028011,p_graph,gt_full,212,0.9,0.9491909160358356
7,0.8571428571428571,CiteSeer,6,0.75,0.8187675070028011,p_graph,gt_full,212,0.9,0.9491909160358356
14,0.9285714285714286,CiteSeer,13,0.8666666666666667,0.8187675070028011,p_graph,gt_full,212,0.9,0.9491909160358356
3,0.6666666666666666,CiteSeer,2,0.5,0.6640986132511556,tracin_cp_point_3,r_point,212,0.6916666666666667,0.8186464985294067
7,0.7142857142857143,CiteSeer,5,0.5555555555555556,0.6640986132511556,tracin_cp_point_3,r_point,212,0.6916666666666667,0.8186464985294067
14,0.7857142857142857,CiteSeer,11,0.6470588235294118,0.6640986132511556,tracin_cp_point_3,r_point,212,0.6916666666666667,0.8186464985294067
3,0.6666666666666666,CiteSeer,2,0.5,0.6540131671102395,tracin_cp_point_6,r_point,212,0.6916666666666667,0.8135697394601691
7,0.7142857142857143,CiteSeer,5,0.5555555555555556,0.6540131671102395,tracin_cp_point_6,r_point,212,0.6916666666666667,0.8135697394601691
14,0.7142857142857143,CiteSeer,10,0.5555555555555556,0.6540131671102395,tracin_cp_point_6,r_point,212,0.6916666666666667,0.8135697394601691
3,1.0,CiteSeer,3,1.0,0.6298683104511067,tracin_cp_simple_3,gt_simple,212,0.7833333333333333,0.7406260200431978
7,1.0,CiteSeer,7,1.0,0.6298683104511067,tracin_cp_simple_3,gt_simple,212,0.7833333333333333,0.7406260200431978
14,0.8571428571428571,CiteSeer,12,0.75,0.6298683104511067,tracin_cp_simple_3,gt_simple,212,0.7833333333333333,0.7406260200431978
3,1.0,CiteSeer,3,1.0,0.6242644998599047,tracin_cp_simple_6,gt_simple,212,0.7833333333333333,0.7369451833126142
7,1.0,CiteSeer,7,1.0,0.6242644998599047,tracin_cp_simple_6,gt_simple,212,0.7833333333333333,0.7369451833126142
14,0.8571428571428571,CiteSeer,12,0.75,0.6242644998599047,tracin_cp_simple_6,gt_simple,212,0.7833333333333333,0.7369451833126142
3,0.6666666666666666,CiteSeer,2,0.5,0.5977591036414565,tracin_cp_graph_3,gt_full,212,0.775,0.7706576845614278
7,0.5714285714285714,CiteSeer,4,0.4,0.5977591036414565,tracin_cp_graph_3,gt_full,212,0.775,0.7706576845614278
14,0.5714285714285714,CiteSeer,8,0.4,0.5977591036414565,tracin_cp_graph_3,gt_full,212,0.775,0.7706576845614278
3,0.6666666666666666,CiteSeer,2,0.5,0.5764705882352941,tracin_cp_graph_6,gt_full,212,0.7416666666666667,0.7500659768039446
7,0.42857142857142855,CiteSeer,3,0.2727272727272727,0.5764705882352941,tracin_cp_graph_6,gt_full,212,0.7416666666666667,0.7500659768039446
14,0.6428571428571429,CiteSeer,9,0.47368421052631576,0.5764705882352941,tracin_cp_graph_6,gt_full,212,0.7416666666666667,0.7500659768039446
3,1.0,CiteSeer,3,1.0,0.8447961899425689,a_grad_norm,b_param_lissa,42,1.0,0.9664906121626925
7,0.8571428571428571,CiteSeer,6,0.75,0.8447961899425689,a_grad_norm,b_param_lissa,42,1.0,0.9664906121626925
14,0.8571428571428571,CiteSeer,12,0.75,0.8447961899425689,a_grad_norm,b_param_lissa,42,1.0,0.9664906121626925
3,0.6666666666666666,CiteSeer,2,0.5,0.8184619694635104,b_param_hutch,b_param_lissa,42,1.0,0.952121508860021
7,0.5714285714285714,CiteSeer,4,0.4,0.8184619694635104,b_param_hutch,b_param_lissa,42,1.0,0.952121508860021
14,1.0,CiteSeer,14,1.0,0.8184619694635104,b_param_hutch,b_param_lissa,42,1.0,0.952121508860021
3,0.3333333333333333,CiteSeer,1,0.2,-0.050563765093533435,b_param_lissa,gt_full,42,0.45,-0.07174469016034522
7,0.2857142857142857,CiteSeer,2,0.16666666666666666,-0.050563765093533435,b_param_lissa,gt_full,42,0.45,-0.07174469016034522
14,0.21428571428571427,CiteSeer,3,0.12,-0.050563765093533435,b_param_lissa,gt_full,42,0.45,-0.07174469016034522
3,0.0,CiteSeer,0,0.0,-0.01092590009318199,gt_simple,gt_full,42,0.5416666666666666,-0.03128353109099731
7,0.0,CiteSeer,0,0.0,-0.01092590009318199,gt_simple,gt_full,42,0.5416666666666666,-0.03128353109099731
14,0.07142857142857142,CiteSeer,1,0.037037037037037035,-0.01092590009318199,gt_simple,gt_full,42,0.5416666666666666,-0.03128353109099731
3,0.3333333333333333,CiteSeer,1,0.2,0.18306604148822214,r_point,gt_full,42,0.575,0.26268189228786776
7,0.2857142857142857,CiteSeer,2,0.16666666666666666,0.18306604148822214,r_point,gt_full,42,0.575,0.26268189228786776
14,0.14285714285714285,CiteSeer,2,0.07692307692307693,0.18306604148822214,r_point,gt_full,42,0.575,0.26268189228786776
3,1.0,CiteSeer,3,1.0,0.9044684129429892,p_point,r_point,42,0.9666666666666667,0.9801027158230288
7,0.8571428571428571,CiteSeer,6,0.75,0.9044684129429892,p_point,r_point,42,0.9666666666666667,0.9801027158230288
14,0.7142857142857143,CiteSeer,10,0.5555555555555556,0.9044684129429892,p_point,r_point,42,0.9666666666666667,0.9801027158230288
3,1.0,CiteSeer,3,1.0,0.8646679742224712,p_simple,gt_simple,42,0.9,0.9614067741285792
7,1.0,CiteSeer,7,1.0,0.8646679742224712,p_simple,gt_simple,42,0.9,0.9614067741285792
14,1.0,CiteSeer,14,1.0,0.8646679742224712,p_simple,gt_simple,42,0.9,0.9614067741285792
3,1.0,CiteSeer,3,1.0,0.8983193277310924,p_graph,gt_full,42,0.9333333333333333,0.9815681644558649
7,1.0,CiteSeer,7,1.0,0.8983193277310924,p_graph,gt_full,42,0.9333333333333333,0.9815681644558649
14,0.9285714285714286,CiteSeer,13,0.8666666666666667,0.8983193277310924,p_graph,gt_full,42,0.9333333333333333,0.9815681644558649
3,0.6666666666666666,CiteSeer,2,0.5,0.7615912592800113,tracin_cp_point_3,r_point,42,0.9416666666666667,0.9116810600772974
7,0.5714285714285714,CiteSeer,4,0.4,0.7615912592800113,tracin_cp_point_3,r_point,42,0.9416666666666667,0.9116810600772974
14,0.35714285714285715,CiteSeer,5,0.21739130434782608,0.7615912592800113,tracin_cp_point_3,r_point,42,0.9416666666666667,0.9116810600772974
3,0.6666666666666666,CiteSeer,2,0.5,0.7691553438856983,tracin_cp_point_6,r_point,42,0.925,0.9155285628465966
7,0.7142857142857143,CiteSeer,5,0.5555555555555556,0.7691553438856983,tracin_cp_point_6,r_point,42,0.925,0.9155285628465966
14,0.42857142857142855,CiteSeer,6,0.2727272727272727,0.7691553438856983,tracin_cp_point_6,r_point,42,0.925,0.9155285628465966
3,1.0,CiteSeer,3,1.0,0.7326982347996638,tracin_cp_simple_3,gt_simple,42,0.8916666666666667,0.8757613428803588
7,1.0,CiteSeer,7,1.0,0.7326982347996638,tracin_cp_simple_3,gt_simple,42,0.8916666666666667,0.8757613428803588
14,0.7857142857142857,CiteSeer,11,0.6470588235294118,0.7326982347996638,tracin_cp_simple_3,gt_simple,42,0.8916666666666667,0.8757613428803588
3,1.0,CiteSeer,3,1.0,0.7312972821518633,tracin_cp_simple_6,gt_simple,42,0.875,0.8777892755696615
7,1.0,CiteSeer,7,1.0,0.7312972821518633,tracin_cp_simple_6,gt_simple,42,0.875,0.8777892755696615
14,0.7857142857142857,CiteSeer,11,0.6470588235294118,0.7312972821518633,tracin_cp_simple_6,gt_simple,42,0.875,0.8777892755696615
3,0.6666666666666666,CiteSeer,2,0.5,0.4254901960784313,tracin_cp_graph_3,gt_full,42,0.7083333333333334,0.5649072852281408
7,0.5714285714285714,CiteSeer,4,0.4,0.4254901960784313,tracin_cp_graph_3,gt_full,42,0.7083333333333334,0.5649072852281408
14,0.5,CiteSeer,7,0.3333333333333333,0.4254901960784313,tracin_cp_graph_3,gt_full,42,0.7083333333333334,0.5649072852281408
3,0.3333333333333333,CiteSeer,1,0.2,0.48067226890756304,tracin_cp_graph_6,gt_full,42,0.7333333333333333,0.6315021876519202
7,0.5714285714285714,CiteSeer,4,0.4,0.48067226890756304,tracin_cp_graph_6,gt_full,42,0.7333333333333333,0.6315021876519202
14,0.5,CiteSeer,7,0.3333333333333333,0.48067226890756304,tracin_cp_graph_6,gt_full,42,0.7333333333333333,0.6315021876519202
3,0.6666666666666666,Cora,2,0.5,0.928879753340185,a_grad_norm,b_param_lissa,2024,1.0,0.9918261135772235
7,0.7142857142857143,Cora,5,0.5555555555555556,0.928879753340185,a_grad_norm,b_param_lissa,2024,1.0,0.9918261135772235
14,0.8571428571428571,Cora,12,0.75,0.928879753340185,a_grad_norm,b_param_lissa,2024,1.0,0.9918261135772235
3,0.6666666666666666,Cora,2,0.5,0.9011305241521069,b_param_hutch,b_param_lissa,2024,1.0,0.9853272397279748
7,0.8571428571428571,Cora,6,0.75,0.9011305241521069,b_param_hutch,b_param_lissa,2024,1.0,0.9853272397279748
14,0.7142857142857143,Cora,10,0.5555555555555556,0.9011305241521069,b_param_hutch,b_param_lissa,2024,1.0,0.9853272397279748
3,0.0,Cora,0,0.0,0.003494347379239466,b_param_lissa,gt_full,2024,0.5714285714285714,0.015958540158754458
7,0.0,Cora,0,0.0,0.003494347379239466,b_param_lissa,gt_full,2024,0.5714285714285714,0.015958540158754458
14,0.14285714285714285,Cora,2,0.07692307692307693,0.003494347379239466,b_param_lissa,gt_full,2024,0.5714285714285714,0.015958540158754458
3,0.0,Cora,0,0.0,0.041013517473689406,gt_simple,gt_full,2024,0.5071428571428571,0.04912001417012988
7,0.14285714285714285,Cora,1,0.07692307692307693,0.041013517473689406,gt_simple,gt_full,2024,0.5071428571428571,0.04912001417012988
14,0.14285714285714285,Cora,2,0.07692307692307693,0.041013517473689406,gt_simple,gt_full,2024,0.5071428571428571,0.04912001417012988
3,0.0,Cora,0,0.0,0.12230215827338131,r_point,gt_full,2024,0.5285714285714286,0.1679867048610352
7,0.14285714285714285,Cora,1,0.07692307692307693,0.12230215827338131,r_point,gt_full,2024,0.5285714285714286,0.1679867048610352
14,0.35714285714285715,Cora,5,0.21739130434782608,0.12230215827338131,r_point,gt_full,2024,0.5285714285714286,0.1679867048610352
3,1.0,Cora,3,1.0,0.8639260020554984,p_point,r_point,2024,0.9428571428571428,0.9692462443419126
7,0.8571428571428571,Cora,6,0.75,0.8639260020554984,p_point,r_point,2024,0.9428571428571428,0.9692462443419126
14,1.0,Cora,14,1.0,0.8639260020554984,p_point,r_point,2024,0.9428571428571428,0.9692462443419126
3,1.0,Cora,3,1.0,0.87971625372674,p_simple,gt_simple,2024,0.9214285714285714,0.9624278657444563
7,1.0,Cora,7,1.0,0.87971625372674,p_simple,gt_simple,2024,0.9214285714285714,0.9624278657444563
14,0.9285714285714286,Cora,13,0.8666666666666667,0.87971625372674,p_simple,gt_simple,2024,0.9214285714285714,0.9624278657444563
3,0.6666666666666666,Cora,2,0.5,0.8557040082219939,p_graph,gt_full,2024,0.9214285714285714,0.9657868841704754
7,0.8571428571428571,Cora,6,0.75,0.8557040082219939,p_graph,gt_full,2024,0.9214285714285714,0.9657868841704754
14,0.8571428571428571,Cora,12,0.75,0.8557040082219939,p_graph,gt_full,2024,0.9214285714285714,0.9657868841704754
3,0.6666666666666666,Cora,2,0.5,0.8067831449126414,tracin_cp_point_3,r_point,2024,0.9571428571428572,0.9424066825566904
7,0.8571428571428571,Cora,6,0.75,0.8067831449126414,tracin_cp_point_3,r_point,2024,0.9571428571428572,0.9424066825566904
14,0.9285714285714286,Cora,13,0.8666666666666667,0.8067831449126414,tracin_cp_point_3,r_point,2024,0.9571428571428572,0.9424066825566904
3,0.6666666666666666,Cora,2,0.5,0.8189105858170607,tracin_cp_point_6,r_point,2024,0.95,0.9482101856508716
7,0.8571428571428571,Cora,6,0.75,0.8189105858170607,tracin_cp_point_6,r_point,2024,0.95,0.9482101856508716
14,0.9285714285714286,Cora,13,0.8666666666666667,0.8189105858170607,tracin_cp_point_6,r_point,2024,0.95,0.9482101856508716
3,1.0,Cora,3,1.0,0.8217333196257839,tracin_cp_simple_3,gt_simple,2024,0.9071428571428571,0.939427999134061
7,1.0,Cora,7,1.0,0.8217333196257839,tracin_cp_simple_3,gt_simple,2024,0.9071428571428571,0.939427999134061
14,0.9285714285714286,Cora,13,0.8666666666666667,0.8217333196257839,tracin_cp_simple_3,gt_simple,2024,0.9071428571428571,0.939427999134061
3,1.0,Cora,3,1.0,0.8355094068057983,tracin_cp_simple_6,gt_simple,2024,0.9214285714285714,0.9505496307732006
7,1.0,Cora,7,1.0,0.8355094068057983,tracin_cp_simple_6,gt_simple,2024,0.9214285714285714,0.9505496307732006
14,0.9285714285714286,Cora,13,0.8666666666666667,0.8355094068057983,tracin_cp_simple_6,gt_simple,2024,0.9214285714285714,0.9505496307732006
3,0.0,Cora,0,0.0,0.3667009249743063,tracin_cp_graph_3,gt_full,2024,0.7071428571428572,0.48836894010627374
7,0.2857142857142857,Cora,2,0.16666666666666666,0.3667009249743063,tracin_cp_graph_3,gt_full,2024,0.7071428571428572,0.48836894010627374
14,0.35714285714285715,Cora,5,0.21739130434782608,0.3667009249743063,tracin_cp_graph_3,gt_full,2024,0.7071428571428572,0.48836894010627374
3,0.0,Cora,0,0.0,0.39403905447070914,tracin_cp_graph_6,gt_full,2024,0.7071428571428572,0.5266187050359713
7,0.2857142857142857,Cora,2,0.16666666666666666,0.39403905447070914,tracin_cp_graph_6,gt_full,2024,0.7071428571428572,0.5266187050359713
14,0.35714285714285715,Cora,5,0.21739130434782608,0.39403905447070914,tracin_cp_graph_6,gt_full,2024,0.7071428571428572,0.5266187050359713
3,0.3333333333333333,Cora,1,0.2,0.9068859198355602,a_grad_norm,b_param_lissa,212,1.0,0.9873477509785485
7,0.42857142857142855,Cora,3,0.2727272727272727,0.9068859198355602,a_grad_norm,b_param_lissa,212,1.0,0.9873477509785485
14,0.9285714285714286,Cora,13,0.8666666666666667,0.9068859198355602,a_grad_norm,b_param_lissa,212,1.0,0.9873477509785485
3,0.6666666666666666,Cora,2,0.5,0.9011305241521069,b_param_hutch,b_param_lissa,212,1.0,0.985952636067438
7,0.7142857142857143,Cora,5,0.5555555555555556,0.9011305241521069,b_param_hutch,b_param_lissa,212,1.0,0.985952636067438
14,0.7857142857142857,Cora,11,0.6470588235294118,0.9011305241521069,b_param_hutch,b_param_lissa,212,1.0,0.985952636067438
3,0.0,Cora,0,0.0,-0.10154162384378213,b_param_lissa,gt_full,212,0.5428571428571428,-0.14841136209573377
7,0.0,Cora,0,0.0,-0.10154162384378213,b_param_lissa,gt_full,212,0.5428571428571428,-0.14841136209573377
14,0.07142857142857142,Cora,1,0.037037037037037035,-0.10154162384378213,b_param_lissa,gt_full,212,0.5428571428571428,-0.14841136209573377
3,0.0,Cora,0,0.0,0.05108701299354295,gt_simple,gt_full,212,0.5571428571428572,0.06061990975490097
7,0.0,Cora,0,0.0,0.05108701299354295,gt_simple,gt_full,212,0.5571428571428572,0.06061990975490097
14,0.14285714285714285,Cora,2,0.07692307692307693,0.05108701299354295,gt_simple,gt_full,212,0.5571428571428572,0.06061990975490097
3,0.0,Cora,0,0.0,0.1697841726618705,r_point,gt_full,212,0.5642857142857143,0.2464061577485732
7,0.2857142857142857,Cora,2,0.16666666666666666,0.1697841726618705,r_point,gt_full,212,0.5642857142857143,0.2464061577485732
14,0.2857142857142857,Cora,4,0.16666666666666666,0.1697841726618705,r_point,gt_full,212,0.5642857142857143,0.2464061577485732
3,1.0,Cora,3,1.0,0.9029804727646454,p_point,r_point,212,0.9571428571428572,0.9793444271938074
7,1.0,Cora,7,1.0,0.9029804727646454,p_point,r_point,212,0.9571428571428572,0.9793444271938074
14,1.0,Cora,14,1.0,0.9029804727646454,p_point,r_point,212,0.9571428571428572,0.9793444271938074
3,1.0,Cora,3,1.0,0.8891744628354066,p_simple,gt_simple,212,0.95,0.9615138189443854
7,1.0,Cora,7,1.0,0.8891744628354066,p_simple,gt_simple,212,0.95,0.9615138189443854
14,1.0,Cora,14,1.0,0.8891744628354066,p_simple,gt_simple,212,0.95,0.9615138189443854
3,1.0,Cora,3,1.0,0.9416238437821173,p_graph,gt_full,212,0.9714285714285714,0.9935667271653803
7,0.8571428571428571,Cora,6,0.75,0.9416238437821173,p_graph,gt_full,212,0.9714285714285714,0.9935667271653803
14,0.8571428571428571,Cora,12,0.75,0.9416238437821173,p_graph,gt_full,212,0.9714285714285714,0.9935667271653803
3,0.6666666666666666,Cora,2,0.5,0.6935251798561151,tracin_cp_point_3,r_point,212,0.85,0.8580262841398615
7,0.8571428571428571,Cora,6,0.75,0.6935251798561151,tracin_cp_point_3,r_point,212,0.85,0.8580262841398615
14,0.9285714285714286,Cora,13,0.8666666666666667,0.6935251798561151,tracin_cp_point_3,r_point,212,0.85,0.8580262841398615
3,0.6666666666666666,Cora,2,0.5,0.7013360739979445,tracin_cp_point_6,r_point,212,0.8357142857142857,0.86419277951499
7,0.8571428571428571,Cora,6,0.75,0.7013360739979445,tracin_cp_point_6,r_point,212,0.8357142857142857,0.86419277951499
14,0.9285714285714286,Cora,13,0.8666666666666667,0.7013360739979445,tracin_cp_point_6,r_point,212,0.8357142857142857,0.86419277951499
3,1.0,Cora,3,1.0,0.6303073917960317,tracin_cp_simple_3,gt_simple,212,0.8,0.7497698482638577
7,0.8571428571428571,Cora,6,0.75,0.6303073917960317,tracin_cp_simple_3,gt_simple,212,0.8,0.7497698482638577
14,0.9285714285714286,Cora,13,0.8666666666666667,0.6303073917960317,tracin_cp_simple_3,gt_simple,212,0.8,0.7497698482638577
3,1.0,Cora,3,1.0,0.6426441862855967,tracin_cp_simple_6,gt_simple,212,0.8071428571428572,0.761473146048497
7,1.0,Cora,7,1.0,0.6426441862855967,tracin_cp_simple_6,gt_simple,212,0.8071428571428572,0.761473146048497
14,1.0,Cora,14,1.0,0.6426441862855967,tracin_cp_simple_6,gt_simple,212,0.8071428571428572,0.761473146048497
3,0.0,Cora,0,0.0,0.41356628982528265,tracin_cp_graph_3,gt_full,212,0.6714285714285714,0.5596160153943714
7,0.42857142857142855,Cora,3,0.2727272727272727,0.41356628982528265,tracin_cp_graph_3,gt_full,212,0.6714285714285714,0.5596160153943714
14,0.42857142857142855,Cora,6,0.2727272727272727,0.41356628982528265,tracin_cp_graph_3,gt_full,212,0.6714285714285714,0.5596160153943714
3,0.0,Cora,0,0.0,0.4302158273381295,tracin_cp_graph_6,gt_full,212,0.6714285714285714,0.5899455511578581
7,0.5714285714285714,Cora,4,0.4,0.4302158273381295,tracin_cp_graph_6,gt_full,212,0.6714285714285714,0.5899455511578581
14,0.42857142857142855,Cora,6,0.2727272727272727,0.4302158273381295,tracin_cp_graph_6,gt_full,212,0.6714285714285714,0.5899455511578581
3,1.0,Cora,3,1.0,0.9056526207605344,a_grad_norm,b_param_lissa,42,1.0,0.9871115873258841
7,0.7142857142857143,Cora,5,0.5555555555555556,0.9056526207605344,a_grad_norm,b_param_lissa,42,1.0,0.9871115873258841
14,0.8571428571428571,Cora,12,0.75,0.9056526207605344,a_grad_norm,b_param_lissa,42,1.0,0.9871115873258841
3,0.3333333333333333,Cora,1,0.2,0.9112024665981501,b_param_hutch,b_param_lissa,42,1.0,0.9874395923990291
7,0.8571428571428571,Cora,6,0.75,0.9112024665981501,b_param_hutch,b_param_lissa,42,1.0,0.9874395923990291
14,0.8571428571428571,Cora,12,0.75,0.9112024665981501,b_param_hutch,b_param_lissa,42,1.0,0.9874395923990291
3,0.0,Cora,0,0.0,-0.06536485097636177,b_param_lissa,gt_full,42,0.5928571428571429,-0.09294789092737969
7,0.0,Cora,0,0.0,-0.06536485097636177,b_param_lissa,gt_full,42,0.5928571428571429,-0.09294789092737969
14,0.07142857142857142,Cora,1,0.037037037037037035,-0.06536485097636177,b_param_lissa,gt_full,42,0.5928571428571429,-0.09294789092737969
3,0.0,Cora,0,0.0,0.0033920954301547633,gt_simple,gt_full,42,0.5214285714285715,0.00283397312756481
7,0.0,Cora,0,0.0,0.0033920954301547633,gt_simple,gt_full,42,0.5214285714285715,0.00283397312756481
14,0.07142857142857142,Cora,1,0.037037037037037035,0.0033920954301547633,gt_simple,gt_full,42,0.5214285714285715,0.00283397312756481
3,0.0,Cora,0,0.0,0.06700924974306269,r_point,gt_full,42,0.5785714285714286,0.08882814720867684
7,0.14285714285714285,Cora,1,0.07692307692307693,0.06700924974306269,r_point,gt_full,42,0.5785714285714286,0.08882814720867684
14,0.2857142857142857,Cora,4,0.16666666666666666,0.06700924974306269,r_point,gt_full,42,0.5785714285714286,0.08882814720867684
3,1.0,Cora,3,1.0,0.8509763617677287,p_point,r_point,42,0.9,0.9534888806280204
7,1.0,Cora,7,1.0,0.8509763617677287,p_point,r_point,42,0.9,0.9534888806280204
14,1.0,Cora,14,1.0,0.8509763617677287,p_point,r_point,42,0.9,0.9534888806280204
3,1.0,Cora,3,1.0,0.8926698879407834,p_simple,gt_simple,42,0.9142857142857143,0.9662327495533636
7,1.0,Cora,7,1.0,0.8926698879407834,p_simple,gt_simple,42,0.9142857142857143,0.9662327495533636
14,1.0,Cora,14,1.0,0.8926698879407834,p_simple,gt_simple,42,0.9142857142857143,0.9662327495533636
3,1.0,Cora,3,1.0,0.9173689619732786,p_graph,gt_full,42,0.9571428571428572,0.9884454746233409
7,0.8571428571428571,Cora,6,0.75,0.9173689619732786,p_graph,gt_full,42,0.9571428571428572,0.9884454746233409
14,0.9285714285714286,Cora,13,0.8666666666666667,0.9173689619732786,p_graph,gt_full,42,0.9571428571428572,0.9884454746233409
3,0.3333333333333333,Cora,1,0.2,0.7052415210688592,tracin_cp_point_3,r_point,42,0.8,0.8698869475847895
7,0.8571428571428571,Cora,6,0.75,0.7052415210688592,tracin_cp_point_3,r_point,42,0.8,0.8698869475847895
14,0.9285714285714286,Cora,13,0.8666666666666667,0.7052415210688592,tracin_cp_point_3,r_point,42,0.8,0.8698869475847895
3,0.3333333333333333,Cora,1,0.2,0.700513874614594,tracin_cp_point_6,r_point,42,0.7857142857142857,0.8661826769587372
7,0.7142857142857143,Cora,5,0.5555555555555556,0.700513874614594,tracin_cp_point_6,r_point,42,0.7857142857142857,0.8661826769587372
14,0.9285714285714286,Cora,13,0.8666666666666667,0.700513874614594,tracin_cp_point_6,r_point,42,0.7857142857142857,0.8661826769587372
3,1.0,Cora,3,1.0,0.7448339673074946,tracin_cp_simple_3,gt_simple,42,0.8642857142857143,0.8765993085607701
7,1.0,Cora,7,1.0,0.7448339673074946,tracin_cp_simple_3,gt_simple,42,0.8642857142857143,0.8765993085607701
14,1.0,Cora,14,1.0,0.7448339673074946,tracin_cp_simple_3,gt_simple,42,0.8642857142857143,0.8765993085607701
3,1.0,Cora,3,1.0,0.7477125526883932,tracin_cp_simple_6,gt_simple,42,0.8571428571428571,0.8822060453918266
7,1.0,Cora,7,1.0,0.7477125526883932,tracin_cp_simple_6,gt_simple,42,0.8571428571428571,0.8822060453918266
14,1.0,Cora,14,1.0,0.7477125526883932,tracin_cp_simple_6,gt_simple,42,0.8571428571428571,0.8822060453918266
3,0.0,Cora,0,0.0,0.34224049331963,tracin_cp_graph_3,gt_full,42,0.6785714285714286,0.47719927401543816
7,0.2857142857142857,Cora,2,0.16666666666666666,0.34224049331963,tracin_cp_graph_3,gt_full,42,0.6785714285714286,0.47719927401543816
14,0.42857142857142855,Cora,6,0.2727272727272727,0.34224049331963,tracin_cp_graph_3,gt_full,42,0.6785714285714286,0.47719927401543816
3,0.3333333333333333,Cora,1,0.2,0.3568345323741007,tracin_cp_graph_6,gt_full,42,0.6571428571428571,0.5024031838359101
7,0.42857142857142855,Cora,3,0.2727272727272727,0.3568345323741007,tracin_cp_graph_6,gt_full,42,0.6571428571428571,0.5024031838359101
14,0.5,Cora,7,0.3333333333333333,0.3568345323741007,tracin_cp_graph_6,gt_full,42,0.6571428571428571,0.5024031838359101
3,1.0,PubMed,3,1.0,0.896045197740113,a_grad_norm,b_param_lissa,2024,1.0,0.9728257849402614
7,1.0,PubMed,7,1.0,0.896045197740113,a_grad_norm,b_param_lissa,2024,1.0,0.9728257849402614
14,0.9285714285714286,PubMed,13,0.8666666666666667,0.896045197740113,a_grad_norm,b_param_lissa,2024,1.0,0.9728257849402614
3,0.6666666666666666,PubMed,2,0.5,0.9333333333333333,b_param_hutch,b_param_lissa,2024,1.0,0.9917754931925536
7,1.0,PubMed,7,1.0,0.9333333333333333,b_param_hutch,b_param_lissa,2024,1.0,0.9917754931925536
14,0.9285714285714286,PubMed,13,0.8666666666666667,0.9333333333333333,b_param_hutch,b_param_lissa,2024,1.0,0.9917754931925536
3,0.3333333333333333,PubMed,1,0.2,0.03615819209039548,b_param_lissa,gt_full,2024,0.4,0.05040288969158101
7,0.42857142857142855,PubMed,3,0.2727272727272727,0.03615819209039548,b_param_lissa,gt_full,2024,0.4,0.05040288969158101
14,0.35714285714285715,PubMed,5,0.21739130434782608,0.03615819209039548,b_param_lissa,gt_full,2024,0.4,0.05040288969158101
3,0.3333333333333333,PubMed,1,0.2,0.021468926553672316,gt_simple,gt_full,2024,0.48333333333333334,0.03562100583495416
7,0.42857142857142855,PubMed,3,0.2727272727272727,0.021468926553672316,gt_simple,gt_full,2024,0.48333333333333334,0.03562100583495416
14,0.2857142857142857,PubMed,4,0.16666666666666666,0.021468926553672316,gt_simple,gt_full,2024,0.48333333333333334,0.03562100583495416
3,0.3333333333333333,PubMed,1,0.2,-0.2384180790960452,r_point,gt_full,2024,0.4166666666666667,-0.3518199499861073
7,0.14285714285714285,PubMed,1,0.07692307692307693,-0.2384180790960452,r_point,gt_full,2024,0.4166666666666667,-0.3518199499861073
14,0.2857142857142857,PubMed,4,0.16666666666666666,-0.2384180790960452,r_point,gt_full,2024,0.4166666666666667,-0.3518199499861073
3,1.0,PubMed,3,1.0,0.9785310734463277,p_point,r_point,2024,1.0,0.9978883023061964
7,1.0,PubMed,7,1.0,0.9785310734463277,p_point,r_point,2024,1.0,0.9978883023061964
14,1.0,PubMed,14,1.0,0.9785310734463277,p_point,r_point,2024,1.0,0.9978883023061964
3,1.0,PubMed,3,1.0,0.9796610169491525,p_simple,gt_simple,2024,0.9833333333333333,0.9985551542095029
7,1.0,PubMed,7,1.0,0.9796610169491525,p_simple,gt_simple,2024,0.9833333333333333,0.9985551542095029
14,1.0,PubMed,14,1.0,0.9796610169491525,p_simple,gt_simple,2024,0.9833333333333333,0.9985551542095029
3,1.0,PubMed,3,1.0,0.967231638418079,p_graph,gt_full,2024,0.9833333333333333,0.995887746596277
7,1.0,PubMed,7,1.0,0.967231638418079,p_graph,gt_full,2024,0.9833333333333333,0.995887746596277
14,1.0,PubMed,14,1.0,0.967231638418079,p_graph,gt_full,2024,0.9833333333333333,0.995887746596277
3,0.6666666666666666,PubMed,2,0.5,0.7774011299435029,tracin_cp_point_3,r_point,2024,0.95,0.9235343150875245
7,0.5714285714285714,PubMed,4,0.4,0.7774011299435029,tracin_cp_point_3,r_point,2024,0.95,0.9235343150875245
14,0.7142857142857143,PubMed,10,0.5555555555555556,0.7774011299435029,tracin_cp_point_3,r_point,2024,0.95,0.9235343150875245
3,0.6666666666666666,PubMed,2,0.5,0.7604519774011299,tracin_cp_point_6,r_point,2024,0.95,0.9136982495137539
7,0.5714285714285714,PubMed,4,0.4,0.7604519774011299,tracin_cp_point_6,r_point,2024,0.95,0.9136982495137539
14,0.7857142857142857,PubMed,11,0.6470588235294118,0.7604519774011299,tracin_cp_point_6,r_point,2024,0.95,0.9136982495137539
3,0.6666666666666666,PubMed,2,0.5,0.4587570621468927,tracin_cp_simple_3,gt_simple,2024,0.7,0.557377049180328
7,0.5714285714285714,PubMed,4,0.4,0.4587570621468927,tracin_cp_simple_3,gt_simple,2024,0.7,0.557377049180328
14,0.6428571428571429,PubMed,9,0.47368421052631576,0.4587570621468927,tracin_cp_simple_3,gt_simple,2024,0.7,0.557377049180328
3,0.6666666666666666,PubMed,2,0.5,0.4666666666666667,tracin_cp_simple_6,gt_simple,2024,0.7166666666666667,0.5601555987774383
7,0.5714285714285714,PubMed,4,0.4,0.4666666666666667,tracin_cp_simple_6,gt_simple,2024,0.7166666666666667,0.5601555987774383
14,0.6428571428571429,PubMed,9,0.47368421052631576,0.4666666666666667,tracin_cp_simple_6,gt_simple,2024,0.7166666666666667,0.5601555987774383
3,0.6666666666666666,PubMed,2,0.5,0.18870056497175142,tracin_cp_graph_3,gt_full,2024,0.55,0.25062517365934983
7,0.2857142857142857,PubMed,2,0.16666666666666666,0.18870056497175142,tracin_cp_graph_3,gt_full,2024,0.55,0.25062517365934983
14,0.35714285714285715,PubMed,5,0.21739130434782608,0.18870056497175142,tracin_cp_graph_3,gt_full,2024,0.55,0.25062517365934983
3,0.3333333333333333,PubMed,1,0.2,0.19322033898305085,tracin_cp_graph_6,gt_full,2024,0.55,0.24262295081967217
7,0.2857142857142857,PubMed,2,0.16666666666666666,0.19322033898305085,tracin_cp_graph_6,gt_full,2024,0.55,0.24262295081967217
14,0.35714285714285715,PubMed,5,0.21739130434782608,0.19322033898305085,tracin_cp_graph_6,gt_full,2024,0.55,0.24262295081967217
3,1.0,PubMed,3,1.0,0.896045197740113,a_grad_norm,b_param_lissa,212,1.0,0.9789941650458462
7,1.0,PubMed,7,1.0,0.896045197740113,a_grad_norm,b_param_lissa,212,1.0,0.9789941650458462
14,0.9285714285714286,PubMed,13,0.8666666666666667,0.896045197740113,a_grad_norm,b_param_lissa,212,1.0,0.9789941650458462
3,1.0,PubMed,3,1.0,0.9016949152542372,b_param_hutch,b_param_lissa,212,1.0,0.9841622672964715
7,0.8571428571428571,PubMed,6,0.75,0.9016949152542372,b_param_hutch,b_param_lissa,212,1.0,0.9841622672964715
14,0.8571428571428571,PubMed,12,0.75,0.9016949152542372,b_param_hutch,b_param_lissa,212,1.0,0.9841622672964715
3,0.3333333333333333,PubMed,1,0.2,0.20338983050847456,b_param_lissa,gt_full,212,0.5333333333333333,0.28307863295359825
7,0.2857142857142857,PubMed,2,0.16666666666666666,0.20338983050847456,b_param_lissa,gt_full,212,0.5333333333333333,0.28307863295359825
14,0.42857142857142855,PubMed,6,0.2727272727272727,0.20338983050847456,b_param_lissa,gt_full,212,0.5333333333333333,0.28307863295359825
3,0.3333333333333333,PubMed,1,0.2,0.16158192090395482,gt_simple,gt_full,212,0.6166666666666667,0.20566824117810506
7,0.2857142857142857,PubMed,2,0.16666666666666666,0.16158192090395482,gt_simple,gt_full,212,0.6166666666666667,0.20566824117810506
14,0.35714285714285715,PubMed,5,0.21739130434782608,0.16158192090395482,gt_simple,gt_full,212,0.6166666666666667,0.20566824117810506
3,0.3333333333333333,PubMed,1,0.2,-0.14576271186440676,r_point,gt_full,212,0.5,-0.23350930814115037
7,0.14285714285714285,PubMed,1,0.07692307692307693,-0.14576271186440676,r_point,gt_full,212,0.5,-0.23350930814115037
14,0.14285714285714285,PubMed,2,0.07692307692307693,-0.14576271186440676,r_point,gt_full,212,0.5,-0.23350930814115037
3,1.0,PubMed,3,1.0,0.9728813559322034,p_point,r_point,212,1.0,0.9976660183384275
7,0.8571428571428571,PubMed,6,0.75,0.9728813559322034,p_point,r_point,212,1.0,0.9976660183384275
14,0.9285714285714286,PubMed,13,0.8666666666666667,0.9728813559322034,p_point,r_point,212,1.0,0.9976660183384275
3,1.0,PubMed,3,1.0,0.9570621468926553,p_simple,gt_simple,212,0.9833333333333333,0.9946651847735483
7,0.8571428571428571,PubMed,6,0.75,0.9570621468926553,p_simple,gt_simple,212,0.9833333333333333,0.9946651847735483
14,1.0,PubMed,14,1.0,0.9570621468926553,p_simple,gt_simple,212,0.9833333333333333,0.9946651847735483
3,1.0,PubMed,3,1.0,0.9683615819209039,p_graph,gt_full,212,0.9833333333333333,0.9976104473464854
7,1.0,PubMed,7,1.0,0.9683615819209039,p_graph,gt_full,212,0.9833333333333333,0.9976104473464854
14,1.0,PubMed,14,1.0,0.9683615819209039,p_graph,gt_full,212,0.9833333333333333,0.9976104473464854
3,0.6666666666666666,PubMed,2,0.5,0.7050847457627119,tracin_cp_point_3,r_point,212,1.0,0.858738538482912
7,0.7142857142857143,PubMed,5,0.5555555555555556,0.7050847457627119,tracin_cp_point_3,r_point,212,1.0,0.858738538482912
14,0.6428571428571429,PubMed,9,0.47368421052631576,0.7050847457627119,tracin_cp_point_3,r_point,212,1.0,0.858738538482912
3,0.6666666666666666,PubMed,2,0.5,0.7265536723163841,tracin_cp_point_6,r_point,212,1.0,0.8749652681300363
7,0.8571428571428571,PubMed,6,0.75,0.7265536723163841,tracin_cp_point_6,r_point,212,1.0,0.8749652681300363
14,0.7142857142857143,PubMed,10,0.5555555555555556,0.7265536723163841,tracin_cp_point_6,r_point,212,1.0,0.8749652681300363
3,0.6666666666666666,PubMed,2,0.5,0.5740112994350283,tracin_cp_simple_3,gt_simple,212,0.8666666666666667,0.6885801611558768
7,0.7142857142857143,PubMed,5,0.5555555555555556,0.5740112994350283,tracin_cp_simple_3,gt_simple,212,0.8666666666666667,0.6885801611558768
14,0.7142857142857143,PubMed,10,0.5555555555555556,0.5740112994350283,tracin_cp_simple_3,gt_simple,212,0.8666666666666667,0.6885801611558768
3,0.6666666666666666,PubMed,2,0.5,0.5706214689265536,tracin_cp_simple_6,gt_simple,212,0.85,0.6693525979438734
7,0.7142857142857143,PubMed,5,0.5555555555555556,0.5706214689265536,tracin_cp_simple_6,gt_simple,212,0.85,0.6693525979438734
14,0.7142857142857143,PubMed,10,0.5555555555555556,0.5706214689265536,tracin_cp_simple_6,gt_simple,212,0.85,0.6693525979438734
3,0.3333333333333333,PubMed,1,0.2,0.2711864406779661,tracin_cp_graph_3,gt_full,212,0.6333333333333333,0.3766601833842735
7,0.2857142857142857,PubMed,2,0.16666666666666666,0.2711864406779661,tracin_cp_graph_3,gt_full,212,0.6333333333333333,0.3766601833842735
14,0.35714285714285715,PubMed,5,0.21739130434782608,0.2711864406779661,tracin_cp_graph_3,gt_full,212,0.6333333333333333,0.3766601833842735
3,0.3333333333333333,PubMed,1,0.2,0.30395480225988697,tracin_cp_graph_6,gt_full,212,0.65,0.40350097249235906
7,0.2857142857142857,PubMed,2,0.16666666666666666,0.30395480225988697,tracin_cp_graph_6,gt_full,212,0.65,0.40350097249235906
14,0.35714285714285715,PubMed,5,0.21739130434782608,0.30395480225988697,tracin_cp_graph_6,gt_full,212,0.65,0.40350097249235906
3,0.6666666666666666,PubMed,2,0.5,0.8903954802259888,a_grad_norm,b_param_lissa,42,1.0,0.9774381772714644
7,1.0,PubMed,7,1.0,0.8903954802259888,a_grad_norm,b_param_lissa,42,1.0,0.9774381772714644
14,0.9285714285714286,PubMed,13,0.8666666666666667,0.8903954802259888,a_grad_norm,b_param_lissa,42,1.0,0.9774381772714644
3,1.0,PubMed,3,1.0,0.8101694915254237,b_param_hutch,b_param_lissa,42,1.0,0.9392609058071688
7,0.8571428571428571,PubMed,6,0.75,0.8101694915254237,b_param_hutch,b_param_lissa,42,1.0,0.9392609058071688
14,0.7857142857142857,PubMed,11,0.6470588235294118,0.8101694915254237,b_param_hutch,b_param_lissa,42,1.0,0.9392609058071688
3,0.3333333333333333,PubMed,1,0.2,0.04067796610169491,b_param_lissa,gt_full,42,0.45,0.06240622395109755
7,0.2857142857142857,PubMed,2,0.16666666666666666,0.04067796610169491,b_param_lissa,gt_full,42,0.45,0.06240622395109755
14,0.42857142857142855,PubMed,6,0.2727272727272727,0.04067796610169491,b_param_lissa,gt_full,42,0.45,0.06240622395109755
3,0.3333333333333333,PubMed,1,0.2,-0.003389830508474576,gt_simple,gt_full,42,0.48333333333333334,0.004278966379549876
7,0.14285714285714285,PubMed,1,0.07692307692307693,-0.003389830508474576,gt_simple,gt_full,42,0.48333333333333334,0.004278966379549876
14,0.21428571428571427,PubMed,3,0.12,-0.003389830508474576,gt_simple,gt_full,42,0.48333333333333334,0.004278966379549876
3,0.3333333333333333,PubMed,1,0.2,-0.2824858757062147,r_point,gt_full,42,0.43333333333333335,-0.3947763267574327
7,0.14285714285714285,PubMed,1,0.07692307692307693,-0.2824858757062147,r_point,gt_full,42,0.43333333333333335,-0.3947763267574327
14,0.14285714285714285,PubMed,2,0.07692307692307693,-0.2824858757062147,r_point,gt_full,42,0.43333333333333335,-0.3947763267574327
3,1.0,PubMed,3,1.0,0.9491525423728814,p_point,r_point,42,0.9666666666666667,0.9937760489024733
7,0.8571428571428571,PubMed,6,0.75,0.9491525423728814,p_point,r_point,42,0.9666666666666667,0.9937760489024733
14,1.0,PubMed,14,1.0,0.9491525423728814,p_point,r_point,42,0.9666666666666667,0.9937760489024733
3,1.0,PubMed,3,1.0,0.9028248587570621,p_simple,gt_simple,42,0.9666666666666667,0.9762711864406781
7,1.0,PubMed,7,1.0,0.9028248587570621,p_simple,gt_simple,42,0.9666666666666667,0.9762711864406781
14,0.9285714285714286,PubMed,13,0.8666666666666667,0.9028248587570621,p_simple,gt_simple,42,0.9666666666666667,0.9762711864406781
3,1.0,PubMed,3,1.0,0.9694915254237289,p_graph,gt_full,42,0.9666666666666667,0.996999166435121
7,0.8571428571428571,PubMed,6,0.75,0.9694915254237289,p_graph,gt_full,42,0.9666666666666667,0.996999166435121
14,0.9285714285714286,PubMed,13,0.8666666666666667,0.9694915254237289,p_graph,gt_full,42,0.9666666666666667,0.996999166435121
3,0.6666666666666666,PubMed,2,0.5,0.8587570621468927,tracin_cp_point_3,r_point,42,0.8166666666666667,0.9632675743262019
7,0.8571428571428571,PubMed,6,0.75,0.8587570621468927,tracin_cp_point_3,r_point,42,0.8166666666666667,0.9632675743262019
14,0.9285714285714286,PubMed,13,0.8666666666666667,0.8587570621468927,tracin_cp_point_3,r_point,42,0.8166666666666667,0.9632675743262019
3,0.6666666666666666,PubMed,2,0.5,0.8621468926553673,tracin_cp_point_6,r_point,42,0.8333333333333334,0.9632120033342597
7,0.8571428571428571,PubMed,6,0.75,0.8621468926553673,tracin_cp_point_6,r_point,42,0.8333333333333334,0.9632120033342597
14,0.9285714285714286,PubMed,13,0.8666666666666667,0.8621468926553673,tracin_cp_point_6,r_point,42,0.8333333333333334,0.9632120033342597
3,0.6666666666666666,PubMed,2,0.5,0.41694915254237286,tracin_cp_simple_3,gt_simple,42,0.65,0.5424284523478745
7,0.7142857142857143,PubMed,5,0.5555555555555556,0.41694915254237286,tracin_cp_simple_3,gt_simple,42,0.65,0.5424284523478745
14,0.7142857142857143,PubMed,10,0.5555555555555556,0.41694915254237286,tracin_cp_simple_3,gt_simple,42,0.65,0.5424284523478745
3,0.6666666666666666,PubMed,2,0.5,0.4451977401129944,tracin_cp_simple_6,gt_simple,42,0.6833333333333333,0.5721033620450127
7,0.7142857142857143,PubMed,5,0.5555555555555556,0.4451977401129944,tracin_cp_simple_6,gt_simple,42,0.6833333333333333,0.5721033620450127
14,0.7142857142857143,PubMed,10,0.5555555555555556,0.4451977401129944,tracin_cp_simple_6,gt_simple,42,0.6833333333333333,0.5721033620450127
3,0.3333333333333333,PubMed,1,0.2,0.2384180790960452,tracin_cp_graph_3,gt_full,42,0.6,0.2972492358988608
7,0.14285714285714285,PubMed,1,0.07692307692307693,0.2384180790960452,tracin_cp_graph_3,gt_full,42,0.6,0.2972492358988608
14,0.2857142857142857,PubMed,4,0.16666666666666666,0.2384180790960452,tracin_cp_graph_3,gt_full,42,0.6,0.2972492358988608
3,0.3333333333333333,PubMed,1,0.2,0.2915254237288135,tracin_cp_graph_6,gt_full,42,0.65,0.3734926368435677
7,0.14285714285714285,PubMed,1,0.07692307692307693,0.2915254237288135,tracin_cp_graph_6,gt_full,42,0.65,0.3734926368435677
14,0.35714285714285715,PubMed,5,0.21739130434782608,0.2915254237288135,tracin_cp_graph_6,gt_full,42,0.65,0.3734926368435677
