dataset,method,seed,U,G,after,before,retrain,flip,source,selector,cell_id,random_seed,selector_ref,split,selection_id,output_id,baseline_id,U_random,G_random,U_vs_random,G_vs_random
CiteSeer,GIF,42,0.050050050050050775,0.9009009009009028,74.42442442442443,74.47447447447448,75.32532532532532,4.354354354354355,baseline,random,,,,,,,,,,,
CiteSeer,GIF,212,-0.15015015015015232,-0.2002002002002031,75.37537537537537,75.22522522522522,75.17517517517517,3.953953953953954,baseline,random,,,,,,,,,,,
CiteSeer,GIF,2024,0.050050050050050775,0.8508508508508483,74.12412412412414,74.17417417417418,74.97497497497498,4.654654654654655,baseline,random,,,,,,,,,,,
CiteSeer,GNNDelete,42,-0.6006006006006056,0.25025025025024644,75.07507507507508,74.47447447447448,75.32532532532532,7.757757757757758,baseline,random,,,,,,,,,,,
CiteSeer,GNNDelete,212,-0.4004004004004025,-0.45045045045045323,75.62562562562562,75.22522522522522,75.17517517517517,7.6576576576576585,baseline,random,,,,,,,,,,,
CiteSeer,GNNDelete,2024,0.45045045045045695,1.2512512512512546,73.72372372372372,74.17417417417418,74.97497497497498,8.058058058058057,baseline,random,,,,,,,,,,,
CiteSeer,GraphEraser,42,0.2502502502502539,0.650650650650649,74.67467467467468,74.92492492492492,75.32532532532532,18.71871871871872,baseline,random,,,,,,,,,,,
CiteSeer,GraphEraser,212,0.3503503503503554,0.6006006006005982,74.57457457457457,74.92492492492492,75.17517517517517,19.41941941941942,baseline,random,,,,,,,,,,,
CiteSeer,GraphEraser,2024,1.2512512512512546,-0.20020020020019938,75.17517517517517,76.42642642642643,74.97497497497498,18.51851851851852,baseline,random,,,,,,,,,,,
CiteSeer,GraphRevoker,42,-0.10010010010009784,2.7027027027027013,72.62262262262261,72.52252252252252,75.32532532532532,20.57057057057057,baseline,random,,,,,,,,,,,
CiteSeer,GraphRevoker,212,-0.500500500500504,3.203203203203197,71.97197197197197,71.47147147147147,75.17517517517517,21.77177177177177,baseline,random,,,,,,,,,,,
CiteSeer,GraphRevoker,2024,0.7007007007006997,1.2012012012012037,73.77377377377377,74.47447447447448,74.97497497497498,18.81881881881882,baseline,random,,,,,,,,,,,
CiteSeer,IDEA,42,0.050050050050050775,0.9009009009009028,74.42442442442443,74.47447447447448,75.32532532532532,4.354354354354355,baseline,random,,,,,,,,,,,
CiteSeer,IDEA,212,-0.15015015015015232,-0.2002002002002031,75.37537537537537,75.22522522522522,75.17517517517517,3.953953953953954,baseline,random,,,,,,,,,,,
CiteSeer,IDEA,2024,0.050050050050050775,0.8508508508508483,74.12412412412414,74.17417417417418,74.97497497497498,4.654654654654655,baseline,random,,,,,,,,,,,
CiteSeer,MEGU,42,0.6006006006005945,1.4514514514514465,73.87387387387388,74.47447447447448,75.32532532532532,5.405405405405406,baseline,random,,,,,,,,,,,
CiteSeer,MEGU,212,1.6516516516516495,1.6016016016015986,73.57357357357357,75.22522522522522,75.17517517517517,7.007007007007007,baseline,random,,,,,,,,,,,
CiteSeer,MEGU,2024,-0.7007007007006997,0.10010010010009784,74.87487487487488,74.17417417417418,74.97497497497498,5.5555555555555545,baseline,random,,,,,,,,,,,
Cora,GIF,42,0.0,-0.12300123001230216,90.22140221402213,90.22140221402213,90.09840098400984,2.1525215252152523,baseline,random,,,,,,,,,,,
Cora,GIF,212,-0.06150061500614923,-0.4305043050430483,90.28290282902829,90.22140221402213,89.85239852398524,2.3985239852398523,baseline,random,,,,,,,,,,,
Cora,GIF,2024,0.24600246002460432,-0.18450184501845138,89.60639606396064,89.85239852398524,89.4218942189422,2.029520295202952,baseline,random,,,,,,,,,,,
Cora,GNNDelete,42,12.853628536285363,12.730627306273062,77.36777367773676,90.22140221402213,90.09840098400984,17.281672816728168,baseline,random,,,,,,,,,,,
Cora,GNNDelete,212,13.09963099630996,12.730627306273059,77.12177121771218,90.22140221402213,89.85239852398524,17.343173431734318,baseline,random,,,,,,,,,,,
Cora,GNNDelete,2024,8.548585485854861,8.118081180811805,81.30381303813039,89.85239852398524,89.4218942189422,13.776137761377614,baseline,random,,,,,,,,,,,
Cora,GraphEraser,42,0.9840098400984024,4.366543665436651,85.73185731857319,86.71586715867159,90.09840098400984,12.669126691266912,baseline,random,,,,,,,,,,,
Cora,GraphEraser,212,1.4760147601476037,4.797047970479703,85.05535055350553,86.53136531365313,89.85239852398524,12.976629766297663,baseline,random,,,,,,,,,,,
Cora,GraphEraser,2024,0.06150061500614553,4.981549815498151,84.44034440344403,84.50184501845018,89.4218942189422,14.391143911439114,baseline,random,,,,,,,,,,,
Cora,GraphRevoker,42,0.676506765067649,15.313653136531363,74.78474784747847,75.46125461254613,90.09840098400984,23.554735547355474,baseline,random,,,,,,,,,,,
Cora,GraphRevoker,212,1.2915129151291487,24.354243542435427,65.49815498154982,66.78966789667896,89.85239852398524,32.96432964329643,baseline,random,,,,,,,,,,,
Cora,GraphRevoker,2024,5.289052890528911,21.27921279212792,68.14268142681426,73.43173431734317,89.4218942189422,30.56580565805658,baseline,random,,,,,,,,,,,
Cora,IDEA,42,0.0,-0.12300123001230216,90.22140221402213,90.22140221402213,90.09840098400984,2.1525215252152523,baseline,random,,,,,,,,,,,
Cora,IDEA,212,-0.06150061500614923,-0.4305043050430483,90.28290282902829,90.22140221402213,89.85239852398524,2.3985239852398523,baseline,random,,,,,,,,,,,
Cora,IDEA,2024,0.24600246002460432,-0.18450184501845138,89.60639606396064,89.85239852398524,89.4218942189422,2.029520295202952,baseline,random,,,,,,,,,,,
Cora,MEGU,42,0.12300123001229846,-3.700743415417189e-15,90.09840098400984,90.22140221402213,90.09840098400984,3.505535055350553,baseline,random,,,,,,,,,,,
Cora,MEGU,212,1.1685116851168538,0.7995079950799547,89.05289052890528,90.22140221402213,89.85239852398524,4.612546125461255,baseline,random,,,,,,,,,,,
Cora,MEGU,2024,0.7380073800738055,0.30750307503074986,89.11439114391145,89.85239852398524,89.4218942189422,3.936039360393604,baseline,random,,,,,,,,,,,
PubMed,GIF,42,0.01690331304936195,-0.01690331304935455,88.54800540906018,88.56490872210954,88.53110209601083,2.1636240703177823,baseline,random,,,,,,,,,,,
PubMed,GIF,212,0.04225828262339378,0.22819472616632716,88.2944557133198,88.33671399594319,88.52265043948614,2.2481406355645706,baseline,random,,,,,,,,,,,
PubMed,GIF,2024,0.0,0.07606490872211398,88.5395537525355,88.5395537525355,88.6156186612576,2.2143340094658552,baseline,random,,,,,,,,,,,
PubMed,GNNDelete,42,2.603110209601086,2.569303583502369,85.96179851250845,88.56490872210954,88.53110209601083,6.7782285327924265,baseline,random,,,,,,,,,,,
PubMed,GNNDelete,212,1.6565246788370533,1.8424611223799865,86.68018931710616,88.33671399594319,88.52265043948614,6.127450980392157,baseline,random,,,,,,,,,,,
PubMed,GNNDelete,2024,2.045300878972274,2.1213657876943883,86.49425287356321,88.5395537525355,88.6156186612576,6.347194050033806,baseline,random,,,,,,,,,,,
PubMed,GraphEraser,42,0.2789046653144019,1.3607167004732965,87.17038539553751,87.44929006085192,88.53110209601083,7.783975659229209,baseline,random,,,,,,,,,,,
PubMed,GraphEraser,212,0.1436781609195359,1.6227180527383365,86.8999323867478,87.04361054766734,88.52265043948614,7.623394185260312,baseline,random,,,,,,,,,,,
PubMed,GraphEraser,2024,0.22819472616632716,1.470588235294116,87.1450304259635,87.37322515212982,88.6156186612576,7.564232589587559,baseline,random,,,,,,,,,,,
PubMed,GraphRevoker,42,-0.016903313049358253,2.0283975659229236,86.5027045300879,86.48580121703854,88.53110209601083,8.333333333333334,baseline,random,,,,,,,,,,,
PubMed,GraphRevoker,212,0.050709939148078455,1.935429344151455,86.58722109533467,86.63793103448275,88.52265043948614,7.885395537525356,baseline,random,,,,,,,,,,,
PubMed,GraphRevoker,2024,0.15212981744421686,1.8509127789046673,86.76470588235294,86.91683569979716,88.6156186612576,8.138945233265721,baseline,random,,,,,,,,,,,
PubMed,IDEA,42,0.01690331304936195,-0.01690331304935455,88.54800540906018,88.56490872210954,88.53110209601083,2.1636240703177823,baseline,random,,,,,,,,,,,
PubMed,IDEA,212,0.04225828262339378,0.22819472616632716,88.2944557133198,88.33671399594319,88.52265043948614,2.2481406355645706,baseline,random,,,,,,,,,,,
PubMed,IDEA,2024,0.0,0.07606490872211398,88.5395537525355,88.5395537525355,88.6156186612576,2.2143340094658552,baseline,random,,,,,,,,,,,
PubMed,MEGU,42,1.943881000676136,1.9100743745774196,86.62102772143339,88.56490872210954,88.53110209601083,5.611899932386748,baseline,random,,,,,,,,,,,
PubMed,MEGU,212,1.5297498309668718,1.7156862745098052,86.80696416497632,88.33671399594319,88.52265043948614,5.155510480054091,baseline,random,,,,,,,,,,,
PubMed,MEGU,2024,1.3860716700473248,1.4621365787694387,87.15348208248817,88.5395537525355,88.6156186612576,5.054090601757945,baseline,random,,,,,,,,,,,
Cora,GNNDelete,42,23.24723247232472,23.062730627306273,66.97416974169742,90.22140221402213,90.03690036900369,28.044280442804425,baseline,degree,b58ceb2e2b88abcfdce8,,degree.yaml,82741ce023ece70893d0f739fb2c7a06e8e81ec4afcb015b97fbd5b504a41dc7,sel_ff46e44a_c86d7141,pred_54f2a680_2c037de4,pred_2bd7be24_a1465fea,12.853628536285363,12.730627306273062,10.393603936039355,10.33210332103321
Cora,GIF,42,-0.18450184501844769,-0.36900369003689537,90.40590405904058,90.22140221402213,90.03690036900369,2.952029520295203,baseline,degree,f87bc201252925f17269,,degree.yaml,82741ce023ece70893d0f739fb2c7a06e8e81ec4afcb015b97fbd5b504a41dc7,sel_ff46e44a_c86d7141,pred_8a22245e_f40964dc,pred_2bd7be24_a1465fea,0.0,-0.12300123001230216,-0.18450184501844769,-0.2460024600245932
Cora,IDEA,42,-0.18450184501844769,-0.36900369003689537,90.40590405904058,90.22140221402213,90.03690036900369,2.952029520295203,baseline,degree,defb4d6ce27c8414cb95,,degree.yaml,82741ce023ece70893d0f739fb2c7a06e8e81ec4afcb015b97fbd5b504a41dc7,sel_ff46e44a_c86d7141,pred_1a31c54a_ac4afe46,pred_2bd7be24_a1465fea,0.0,-0.12300123001230216,-0.18450184501844769,-0.2460024600245932
Cora,MEGU,42,0.18450184501844769,0.0,90.03690036900369,90.22140221402213,90.03690036900369,5.350553505535055,baseline,degree,b4ca47ec5b7eec7b3557,,degree.yaml,82741ce023ece70893d0f739fb2c7a06e8e81ec4afcb015b97fbd5b504a41dc7,sel_ff46e44a_c86d7141,pred_a4d4d85a_1d37a0c3,pred_2bd7be24_a1465fea,0.12300123001229846,-3.700743415417189e-15,0.06150061500614923,3.700743415417189e-15
Cora,GraphEraser,42,1.291512915129156,4.612546125461259,85.42435424354244,86.71586715867159,90.03690036900369,12.361623616236162,baseline,degree,8df9a13a6f2ad489832b,,degree.yaml,82741ce023ece70893d0f739fb2c7a06e8e81ec4afcb015b97fbd5b504a41dc7,sel_ff46e44a_c86d7141,pred_ceb941d9_3e645c8c,pred_2bd7be24_a1465fea,0.9840098400984024,4.366543665436651,0.3075030750307536,0.24600246002460846
Cora,GraphRevoker,42,-0.3690036900369065,14.20664206642066,75.83025830258303,75.46125461254613,90.03690036900369,22.14022140221402,baseline,degree,44d9a39a8adbbf14b141,,degree.yaml,82741ce023ece70893d0f739fb2c7a06e8e81ec4afcb015b97fbd5b504a41dc7,sel_ff46e44a_c86d7141,pred_712a3f28_2ef990c1,pred_2bd7be24_a1465fea,0.676506765067649,15.313653136531363,-1.0455104551045555,-1.107011070110703
Cora,GNNDelete,212,17.89667896678967,17.712177121771223,72.32472324723247,90.22140221402213,90.03690036900369,23.43173431734317,baseline,degree,30423dbe210386f153c7,,degree.yaml,82741ce023ece70893d0f739fb2c7a06e8e81ec4afcb015b97fbd5b504a41dc7,sel_ff46e44a_c86d7141,pred_74070c7a_9ac09aef,pred_82f95456_386e0668,13.09963099630996,12.730627306273059,4.797047970479708,4.981549815498164
Cora,GIF,212,-0.18450184501844769,-0.36900369003689537,90.40590405904058,90.22140221402213,90.03690036900369,4.243542435424354,baseline,degree,e74de1bb8e52bfd175b7,,degree.yaml,82741ce023ece70893d0f739fb2c7a06e8e81ec4afcb015b97fbd5b504a41dc7,sel_ff46e44a_c86d7141,pred_dbfd6556_40bac4af,pred_82f95456_386e0668,-0.06150061500614923,-0.4305043050430483,-0.12300123001229846,0.06150061500615295
Cora,IDEA,212,-0.18450184501844769,-0.36900369003689537,90.40590405904058,90.22140221402213,90.03690036900369,4.243542435424354,baseline,degree,5beb8603e970ac87b1ea,,degree.yaml,82741ce023ece70893d0f739fb2c7a06e8e81ec4afcb015b97fbd5b504a41dc7,sel_ff46e44a_c86d7141,pred_a44f4fdf_88ae4b9e,pred_82f95456_386e0668,-0.06150061500614923,-0.4305043050430483,-0.12300123001229846,0.06150061500615295
Cora,MEGU,212,0.36900369003689537,0.18450184501844769,89.85239852398524,90.22140221402213,90.03690036900369,6.273062730627306,baseline,degree,8a926419a42ae14f715a,,degree.yaml,82741ce023ece70893d0f739fb2c7a06e8e81ec4afcb015b97fbd5b504a41dc7,sel_ff46e44a_c86d7141,pred_23286923_1195c370,pred_82f95456_386e0668,1.1685116851168538,0.7995079950799547,-0.7995079950799584,-0.615006150061507
Cora,GraphEraser,212,1.1070110701107083,4.612546125461259,85.42435424354244,86.53136531365314,90.03690036900369,12.177121771217712,baseline,degree,7ddd0124ea8a5d09f987,,degree.yaml,82741ce023ece70893d0f739fb2c7a06e8e81ec4afcb015b97fbd5b504a41dc7,sel_ff46e44a_c86d7141,pred_a60e7a7c_62fe2419,pred_82f95456_386e0668,1.4760147601476037,4.797047970479703,-0.36900369003689537,-0.1845018450184437
Cora,GraphRevoker,212,4.981549815498154,28.228782287822884,61.80811808118081,66.78966789667896,90.03690036900369,36.53136531365313,baseline,degree,521837893c0e44ae45c8,,degree.yaml,82741ce023ece70893d0f739fb2c7a06e8e81ec4afcb015b97fbd5b504a41dc7,sel_ff46e44a_c86d7141,pred_eabf6895_a1843f59,pred_82f95456_386e0668,1.2915129151291487,24.354243542435427,3.6900369003690052,3.874538745387458
Cora,GNNDelete,2024,15.867158671586722,15.867158671586722,73.98523985239852,89.85239852398524,89.85239852398524,23.062730627306273,baseline,degree,0a256a0b5aa413d07b0e,,degree.yaml,82741ce023ece70893d0f739fb2c7a06e8e81ec4afcb015b97fbd5b504a41dc7,sel_ff46e44a_c86d7141,pred_cc346bd4_4a4a8f09,pred_f9b3a0cf_ebfcd938,8.548585485854861,8.118081180811805,7.318573185731861,7.749077490774917
Cora,GIF,2024,-0.36900369003689537,-0.36900369003689537,90.22140221402213,89.85239852398524,89.85239852398524,4.059040590405904,baseline,degree,a45851c1e765e8130e68,,degree.yaml,82741ce023ece70893d0f739fb2c7a06e8e81ec4afcb015b97fbd5b504a41dc7,sel_ff46e44a_c86d7141,pred_c933f508_86f93275,pred_f9b3a0cf_ebfcd938,0.24600246002460432,-0.18450184501845138,-0.6150061500614997,-0.184501845018444
Cora,IDEA,2024,-0.36900369003689537,-0.36900369003689537,90.22140221402213,89.85239852398524,89.85239852398524,4.059040590405904,baseline,degree,1f68c252b67542099114,,degree.yaml,82741ce023ece70893d0f739fb2c7a06e8e81ec4afcb015b97fbd5b504a41dc7,sel_ff46e44a_c86d7141,pred_d0e01423_1c588af8,pred_f9b3a0cf_ebfcd938,0.24600246002460432,-0.18450184501845138,-0.6150061500614997,-0.184501845018444
Cora,MEGU,2024,0.1845018450184588,0.1845018450184588,89.66789667896678,89.85239852398524,89.85239852398524,5.166051660516605,baseline,degree,63665ffff1b02b6d2f3a,,degree.yaml,82741ce023ece70893d0f739fb2c7a06e8e81ec4afcb015b97fbd5b504a41dc7,sel_ff46e44a_c86d7141,pred_f94304fe_fd67d4ae,pred_f9b3a0cf_ebfcd938,0.7380073800738055,0.30750307503074986,-0.5535055350553467,-0.12300123001229107
Cora,GraphEraser,2024,0.18450184501844769,5.535055350553508,84.31734317343174,84.50184501845018,89.85239852398524,13.099630996309964,baseline,degree,01b00c987a7e534db9aa,,degree.yaml,82741ce023ece70893d0f739fb2c7a06e8e81ec4afcb015b97fbd5b504a41dc7,sel_ff46e44a_c86d7141,pred_90579d8b_d3fad907,pred_f9b3a0cf_ebfcd938,0.06150061500614553,4.981549815498151,0.12300123001230215,0.5535055350553568
Cora,GraphRevoker,2024,5.719557195571956,22.14022140221402,67.71217712177122,73.43173431734317,89.85239852398524,30.44280442804428,baseline,degree,7a232e3e7320b80ab70d,,degree.yaml,82741ce023ece70893d0f739fb2c7a06e8e81ec4afcb015b97fbd5b504a41dc7,sel_ff46e44a_c86d7141,pred_713419f7_539f6eb9,pred_f9b3a0cf_ebfcd938,5.289052890528911,21.27921279212792,0.43050430504304504,0.861008610086099
CiteSeer,GNNDelete,42,1.3513513513513487,1.501501501501501,73.12312312312312,74.47447447447448,74.62462462462463,10.06006006006006,baseline,degree,39d08854264537f73e6b,,degree.yaml,5aff7d08d539f2f9a7d85c02b20f85aa94f0ca8ee15ecdf429d8c35fbf12f9ac,sel_abe5882c_46b01259,pred_6814fa17_704542ca,pred_7395d9a9_6949ffe5,-0.6006006006006056,0.25025025025024644,1.9519519519519544,1.2512512512512546
CiteSeer,GIF,42,-0.15015015015015232,0.0,74.62462462462463,74.47447447447448,74.62462462462463,5.255255255255255,baseline,degree,3b5232791bcb04bf1ea5,,degree.yaml,5aff7d08d539f2f9a7d85c02b20f85aa94f0ca8ee15ecdf429d8c35fbf12f9ac,sel_abe5882c_46b01259,pred_16ede1cc_c9eed1df,pred_7395d9a9_6949ffe5,0.050050050050050775,0.9009009009009028,-0.2002002002002031,-0.9009009009009028
CiteSeer,IDEA,42,-0.15015015015015232,0.0,74.62462462462463,74.47447447447448,74.62462462462463,5.255255255255255,baseline,degree,75af625617f93c037f4c,,degree.yaml,5aff7d08d539f2f9a7d85c02b20f85aa94f0ca8ee15ecdf429d8c35fbf12f9ac,sel_abe5882c_46b01259,pred_73376b57_918c011e,pred_7395d9a9_6949ffe5,0.050050050050050775,0.9009009009009028,-0.2002002002002031,-0.9009009009009028
CiteSeer,MEGU,42,0.15015015015015232,0.30030030030030463,74.32432432432432,74.47447447447448,74.62462462462463,5.105105105105105,baseline,degree,5aabfd8cef22ef18236d,,degree.yaml,5aff7d08d539f2f9a7d85c02b20f85aa94f0ca8ee15ecdf429d8c35fbf12f9ac,sel_abe5882c_46b01259,pred_b0aa2be1_8056cc6a,pred_7395d9a9_6949ffe5,0.6006006006005945,1.4514514514514465,-0.4504504504504422,-1.1511511511511419
CiteSeer,GraphEraser,42,-0.7507507507507505,-1.0510510510510551,75.67567567567568,74.92492492492492,74.62462462462463,19.96996996996997,baseline,degree,65f952785103b2141ea8,,degree.yaml,5aff7d08d539f2f9a7d85c02b20f85aa94f0ca8ee15ecdf429d8c35fbf12f9ac,sel_abe5882c_46b01259,pred_f0583d23_7cbcd31a,pred_7395d9a9_6949ffe5,0.2502502502502539,0.650650650650649,-1.0010010010010044,-1.7017017017017042
CiteSeer,GraphRevoker,42,0.0,2.102102102102099,72.52252252252252,72.52252252252252,74.62462462462463,21.02102102102102,baseline,degree,3951d11fbc33fd5c5c94,,degree.yaml,5aff7d08d539f2f9a7d85c02b20f85aa94f0ca8ee15ecdf429d8c35fbf12f9ac,sel_abe5882c_46b01259,pred_e4ed6df2_fc68375c,pred_7395d9a9_6949ffe5,-0.10010010010009784,2.7027027027027013,0.10010010010009784,-0.6006006006006022
CiteSeer,GNNDelete,212,-0.6006006006005982,-1.051051051051044,75.82582582582582,75.22522522522522,74.77477477477478,8.708708708708707,baseline,degree,89c22ca9501595f76c94,,degree.yaml,5aff7d08d539f2f9a7d85c02b20f85aa94f0ca8ee15ecdf429d8c35fbf12f9ac,sel_abe5882c_46b01259,pred_6fd6869c_570ddf98,pred_b0b55314_c82077e4,-0.4004004004004025,-0.45045045045045323,-0.2002002002001957,-0.6006006006005908
CiteSeer,GIF,212,0.45045045045044585,0.0,74.77477477477478,75.22522522522522,74.77477477477478,4.654654654654655,baseline,degree,a2778769ac3ae603a0c1,,degree.yaml,5aff7d08d539f2f9a7d85c02b20f85aa94f0ca8ee15ecdf429d8c35fbf12f9ac,sel_abe5882c_46b01259,pred_644da867_68e63d92,pred_b0b55314_c82077e4,-0.15015015015015232,-0.2002002002002031,0.6006006006005982,0.2002002002002031
CiteSeer,IDEA,212,0.45045045045044585,0.0,74.77477477477478,75.22522522522522,74.77477477477478,4.654654654654655,baseline,degree,c0bd29b1c70368821511,,degree.yaml,5aff7d08d539f2f9a7d85c02b20f85aa94f0ca8ee15ecdf429d8c35fbf12f9ac,sel_abe5882c_46b01259,pred_d2639387_4bae1d47,pred_b0b55314_c82077e4,-0.15015015015015232,-0.2002002002002031,0.6006006006005982,0.2002002002002031
CiteSeer,MEGU,212,1.051051051051044,0.6006006006005982,74.17417417417418,75.22522522522522,74.77477477477478,6.306306306306306,baseline,degree,14477752b4c7ba293409,,degree.yaml,5aff7d08d539f2f9a7d85c02b20f85aa94f0ca8ee15ecdf429d8c35fbf12f9ac,sel_abe5882c_46b01259,pred_e996ffd0_c15fe5e0,pred_b0b55314_c82077e4,1.6516516516516495,1.6016016016015986,-0.6006006006006055,-1.0010010010010004
CiteSeer,GraphEraser,212,0.0,-0.15015015015015232,74.92492492492492,74.92492492492492,74.77477477477478,18.76876876876877,baseline,degree,966d15d1e55a3841e860,,degree.yaml,5aff7d08d539f2f9a7d85c02b20f85aa94f0ca8ee15ecdf429d8c35fbf12f9ac,sel_abe5882c_46b01259,pred_110b328f_fb6efd84,pred_b0b55314_c82077e4,0.3503503503503554,0.6006006006005982,-0.3503503503503554,-0.7507507507507505
CiteSeer,GraphRevoker,212,-0.9009009009009028,2.4024024024024038,72.37237237237237,71.47147147147147,74.77477477477478,20.87087087087087,baseline,degree,9328272ce37e0b6e5d7b,,degree.yaml,5aff7d08d539f2f9a7d85c02b20f85aa94f0ca8ee15ecdf429d8c35fbf12f9ac,sel_abe5882c_46b01259,pred_63624eea_da297e6d,pred_b0b55314_c82077e4,-0.500500500500504,3.203203203203197,-0.4004004004003988,-0.8008008008007934
CiteSeer,GNNDelete,2024,0.0,1.501501501501501,74.17417417417418,74.17417417417418,75.67567567567568,9.60960960960961,baseline,degree,b2065a5ea50cbbd65982,,degree.yaml,5aff7d08d539f2f9a7d85c02b20f85aa94f0ca8ee15ecdf429d8c35fbf12f9ac,sel_abe5882c_46b01259,pred_99194c0a_48fde53b,pred_3cee84df_dd150cee,0.45045045045045695,1.2512512512512546,-0.45045045045045695,0.2502502502502464
CiteSeer,GIF,2024,-0.15015015015014122,1.3513513513513598,74.32432432432432,74.17417417417418,75.67567567567568,4.654654654654655,baseline,degree,f9c3b7dd76c78b101773,,degree.yaml,5aff7d08d539f2f9a7d85c02b20f85aa94f0ca8ee15ecdf429d8c35fbf12f9ac,sel_abe5882c_46b01259,pred_3b4c737c_3b59ee63,pred_3cee84df_dd150cee,0.050050050050050775,0.8508508508508483,-0.200200200200192,0.5005005005005114
CiteSeer,IDEA,2024,-0.15015015015014122,1.3513513513513598,74.32432432432432,74.17417417417418,75.67567567567568,4.654654654654655,baseline,degree,b805154c39b995b56f3c,,degree.yaml,5aff7d08d539f2f9a7d85c02b20f85aa94f0ca8ee15ecdf429d8c35fbf12f9ac,sel_abe5882c_46b01259,pred_1bb8cd2e_50fe0210,pred_3cee84df_dd150cee,0.050050050050050775,0.8508508508508483,-0.200200200200192,0.5005005005005114
CiteSeer,MEGU,2024,-1.2012012012011963,0.30030030030030463,75.37537537537537,74.17417417417418,75.67567567567568,5.255255255255255,baseline,degree,51ed0bb01ec86b5a29f1,,degree.yaml,5aff7d08d539f2f9a7d85c02b20f85aa94f0ca8ee15ecdf429d8c35fbf12f9ac,sel_abe5882c_46b01259,pred_7f9c2464_8fa3e503,pred_3cee84df_dd150cee,-0.7007007007006997,0.10010010010009784,-0.5005005005004967,0.2002002002002068
CiteSeer,GraphEraser,2024,1.2012012012012074,0.45045045045045695,75.22522522522522,76.42642642642643,75.67567567567568,17.71771771771772,baseline,degree,f109199f15b5df858a1b,,degree.yaml,5aff7d08d539f2f9a7d85c02b20f85aa94f0ca8ee15ecdf429d8c35fbf12f9ac,sel_abe5882c_46b01259,pred_1d9bf8d1_4a1b5beb,pred_3cee84df_dd150cee,1.2512512512512546,-0.20020020020019938,-0.050050050050047146,0.6506506506506563
CiteSeer,GraphRevoker,2024,-0.7507507507507505,0.45045045045045695,75.22522522522522,74.47447447447448,75.67567567567568,16.966966966966968,baseline,degree,a023f31e679ddece78a1,,degree.yaml,5aff7d08d539f2f9a7d85c02b20f85aa94f0ca8ee15ecdf429d8c35fbf12f9ac,sel_abe5882c_46b01259,pred_878899d7_43e3e9a7,pred_3cee84df_dd150cee,0.7007007007006997,1.2012012012012037,-1.45145145145145,-0.7507507507507467
PubMed,GNNDelete,42,1.3438133874239422,1.4959432048681554,87.2210953346856,88.56490872210954,88.71703853955376,5.476673427991886,baseline,degree,2bfb517634b5687ab92f,,degree.yaml,af33ba4c4ab691fdb1af14f8b352676bff01bc9c4d5ff5f40ae32e8b90ef182b,sel_435257f7_0fc3e473,pred_8b3f4ce2_dd08bf4e,pred_1fef0309_5a6f432d,2.603110209601086,2.569303583502369,-1.2592968221771437,-1.0733603786342139
PubMed,GIF,42,0.2535496957403627,0.40567951318457585,88.31135902636917,88.56490872210954,88.71703853955376,2.712981744421907,baseline,degree,7d49896c7287d74609df,,degree.yaml,af33ba4c4ab691fdb1af14f8b352676bff01bc9c4d5ff5f40ae32e8b90ef182b,sel_435257f7_0fc3e473,pred_64511639_981a21f9,pred_1fef0309_5a6f432d,0.01690331304936195,-0.01690331304935455,0.23664638269100072,0.4225828262339304
PubMed,IDEA,42,0.2535496957403627,0.40567951318457585,88.31135902636917,88.56490872210954,88.71703853955376,2.712981744421907,baseline,degree,92c025a3d3cb190c71ff,,degree.yaml,af33ba4c4ab691fdb1af14f8b352676bff01bc9c4d5ff5f40ae32e8b90ef182b,sel_435257f7_0fc3e473,pred_e5524750_b5207c09,pred_1fef0309_5a6f432d,0.01690331304936195,-0.01690331304935455,0.23664638269100072,0.4225828262339304
PubMed,MEGU,42,1.8762677484787105,2.0283975659229236,86.68864097363083,88.56490872210954,88.71703853955376,5.52738336713996,baseline,degree,f29a99da2a9db3ce1524,,degree.yaml,af33ba4c4ab691fdb1af14f8b352676bff01bc9c4d5ff5f40ae32e8b90ef182b,sel_435257f7_0fc3e473,pred_1d74da98_aad6780a,pred_1fef0309_5a6f432d,1.943881000676136,1.9100743745774196,-0.06761325219742553,0.11832319134550406
PubMed,GraphEraser,42,0.32961460446246926,1.5973630831642938,87.11967545638946,87.44929006085192,88.71703853955376,6.7951318458417855,baseline,degree,95f6b2f8406ac5b90ee7,,degree.yaml,af33ba4c4ab691fdb1af14f8b352676bff01bc9c4d5ff5f40ae32e8b90ef182b,sel_435257f7_0fc3e473,pred_53cb71c8_317b15d0,pred_1fef0309_5a6f432d,0.2789046653144019,1.3607167004732965,0.05070993914806737,0.23664638269099725
PubMed,GraphRevoker,42,-0.1774847870182561,2.0537525354969555,86.6632860040568,86.48580121703854,88.71703853955376,7.733265720081135,baseline,degree,82d7f4865250f97014f9,,degree.yaml,af33ba4c4ab691fdb1af14f8b352676bff01bc9c4d5ff5f40ae32e8b90ef182b,sel_435257f7_0fc3e473,pred_20aed6fc_910cb0ad,pred_1fef0309_5a6f432d,-0.016903313049358253,2.0283975659229236,-0.16058147396889785,0.025354969574031827
PubMed,GNNDelete,212,0.9127789046653123,1.3184584178498993,87.4239350912779,88.3367139959432,88.7423935091278,5.578093306288032,baseline,degree,ffb8294823b92f89709f,,degree.yaml,af33ba4c4ab691fdb1af14f8b352676bff01bc9c4d5ff5f40ae32e8b90ef182b,sel_435257f7_0fc3e473,pred_93b77d14_3e71def1,pred_9cdf0a5c_7ab68e5c,1.6565246788370533,1.8424611223799865,-0.743745774171741,-0.5240027045300872
PubMed,GIF,212,0.3549695740365122,0.7606490872210991,87.9817444219067,88.3367139959432,88.7423935091278,2.890466531440162,baseline,degree,65f191c4348155b8ae62,,degree.yaml,af33ba4c4ab691fdb1af14f8b352676bff01bc9c4d5ff5f40ae32e8b90ef182b,sel_435257f7_0fc3e473,pred_4a436903_76c1f444,pred_9cdf0a5c_7ab68e5c,0.04225828262339378,0.22819472616632716,0.31271129141311843,0.532454361054772
PubMed,IDEA,212,0.3549695740365122,0.7606490872210991,87.9817444219067,88.3367139959432,88.7423935091278,2.890466531440162,baseline,degree,ee24290224b41758dca7,,degree.yaml,af33ba4c4ab691fdb1af14f8b352676bff01bc9c4d5ff5f40ae32e8b90ef182b,sel_435257f7_0fc3e473,pred_7f2c6889_0c1bcb1c,pred_9cdf0a5c_7ab68e5c,0.04225828262339378,0.22819472616632716,0.31271129141311843,0.532454361054772
PubMed,MEGU,212,1.8509127789046675,2.2565922920892545,86.48580121703854,88.3367139959432,88.7423935091278,5.578093306288032,baseline,degree,4373371e436d11a034f2,,degree.yaml,af33ba4c4ab691fdb1af14f8b352676bff01bc9c4d5ff5f40ae32e8b90ef182b,sel_435257f7_0fc3e473,pred_9350632b_2c564755,pred_9cdf0a5c_7ab68e5c,1.5297498309668718,1.7156862745098052,0.32116294793779576,0.5409060175794493
PubMed,GraphEraser,212,-0.20283975659229903,1.4959432048681554,87.24645030425964,87.04361054766734,88.7423935091278,7.04868154158215,baseline,degree,b701b405ec4e9e458adc,,degree.yaml,af33ba4c4ab691fdb1af14f8b352676bff01bc9c4d5ff5f40ae32e8b90ef182b,sel_435257f7_0fc3e473,pred_f12dc516_f8787c77,pred_9cdf0a5c_7ab68e5c,0.1436781609195359,1.6227180527383365,-0.3465179175118349,-0.12677484787018112
PubMed,GraphRevoker,212,0.0,2.1044624746450302,86.63793103448276,86.63793103448276,88.7423935091278,7.581135902636917,baseline,degree,4c0c3109d3c30a49f2b5,,degree.yaml,af33ba4c4ab691fdb1af14f8b352676bff01bc9c4d5ff5f40ae32e8b90ef182b,sel_435257f7_0fc3e473,pred_b10f26c3_47cded62,pred_9cdf0a5c_7ab68e5c,0.050709939148078455,1.935429344151455,-0.050709939148078455,0.16903313049357527
PubMed,GNNDelete,2024,1.8255578093306246,2.0791075050709984,86.71399594320486,88.5395537525355,88.79310344827587,5.88235294117647,baseline,degree,c258bf50f07ff14c3cfb,,degree.yaml,af33ba4c4ab691fdb1af14f8b352676bff01bc9c4d5ff5f40ae32e8b90ef182b,sel_435257f7_0fc3e473,pred_a92c67c4_45ef422c,pred_9982f0dd_b265a44c,2.045300878972274,2.1213657876943883,-0.21974306964164958,-0.04225828262338993
PubMed,GIF,2024,-0.050709939148074756,0.20283975659229903,88.59026369168357,88.5395537525355,88.79310344827587,3.4482758620689653,baseline,degree,1d5fa550e3a8ff76cc15,,degree.yaml,af33ba4c4ab691fdb1af14f8b352676bff01bc9c4d5ff5f40ae32e8b90ef182b,sel_435257f7_0fc3e473,pred_6ec89c74_70c67562,pred_9982f0dd_b265a44c,0.0,0.07606490872211398,-0.050709939148074756,0.12677484787018506
PubMed,IDEA,2024,-0.050709939148074756,0.20283975659229903,88.59026369168357,88.5395537525355,88.79310344827587,3.4482758620689653,baseline,degree,c3cbc5a73a4b34798952,,degree.yaml,af33ba4c4ab691fdb1af14f8b352676bff01bc9c4d5ff5f40ae32e8b90ef182b,sel_435257f7_0fc3e473,pred_0eeb254d_9cee5f46,pred_9982f0dd_b265a44c,0.0,0.07606490872211398,-0.050709939148074756,0.12677484787018506
PubMed,MEGU,2024,1.9776876267748489,2.2312373225152227,86.56186612576064,88.5395537525355,88.79310344827587,5.679513184584178,baseline,degree,e4a962e0370bf02dd485,,degree.yaml,af33ba4c4ab691fdb1af14f8b352676bff01bc9c4d5ff5f40ae32e8b90ef182b,sel_435257f7_0fc3e473,pred_447bb87e_d41557b1,pred_9982f0dd_b265a44c,1.3860716700473248,1.4621365787694387,0.5916159567275241,0.769100743745784
PubMed,GraphEraser,2024,0.2535496957403627,1.6734279918864114,87.11967545638946,87.37322515212982,88.79310344827587,6.845841784989857,baseline,degree,57d0fc29808d50b145d0,,degree.yaml,af33ba4c4ab691fdb1af14f8b352676bff01bc9c4d5ff5f40ae32e8b90ef182b,sel_435257f7_0fc3e473,pred_95b48a24_097809b5,pred_9982f0dd_b265a44c,0.22819472616632716,1.470588235294116,0.02535496957403552,0.20283975659229547
PubMed,GraphRevoker,2024,-0.10141987829614951,1.774847870182561,87.0182555780933,86.91683569979716,88.79310344827587,7.733265720081135,baseline,degree,d92b933a197984ae4676,,degree.yaml,af33ba4c4ab691fdb1af14f8b352676bff01bc9c4d5ff5f40ae32e8b90ef182b,sel_435257f7_0fc3e473,pred_48be26de_3e3d2285,pred_9982f0dd_b265a44c,0.15212981744421686,1.8509127789046673,-0.25354969574036634,-0.07606490872210636
