selector,dataset,method,series,mean,sd,n
gt_full,CiteSeer,GIF,Degree,0.050050050050050775,0.3467569184322031,3
gt_full,CiteSeer,GIF,GCN direct,-0.4004004004004025,0.6770645274508784,3
gt_full,CiteSeer,GIF,GIN surrogate,-0.350350350350348,0.22935814289068115,3
gt_full,CiteSeer,GIF,Random,-0.016683350016683588,0.11558563947740423,3
gt_full,CiteSeer,GNNDelete,Degree,0.25025025025025016,0.999748966738645,3
gt_full,CiteSeer,GNNDelete,GCN direct,-0.45045045045044957,0.39725995661630437,3
gt_full,CiteSeer,GNNDelete,GIN surrogate,-0.15015015015015232,0.39725995661630226,3
gt_full,CiteSeer,GNNDelete,Random,-0.18351685018351704,0.5580823718277581,3
gt_full,CiteSeer,GraphEraser,Degree,0.15015015015015232,0.9846003790243276,3
gt_full,CiteSeer,GraphEraser,GCN direct,0.5005005005005078,0.7705107266436766,3
gt_full,CiteSeer,GraphEraser,GIN surrogate,0.2002002002002068,1.1269599849046745,3
gt_full,CiteSeer,GraphEraser,Random,0.6172839506172879,0.5513083630917014,3
gt_full,CiteSeer,GraphRevoker,Degree,-0.5505505505505511,0.48266520325290124,3
gt_full,CiteSeer,GraphRevoker,GCN direct,0.3003003003003009,0.654489330861966,3
gt_full,CiteSeer,GraphRevoker,GIN surrogate,0.0,0.688074428672047,3
gt_full,CiteSeer,GraphRevoker,Random,0.03336670003336595,0.6116217143751546,3
gt_full,CiteSeer,IDEA,Degree,0.050050050050050775,0.3467569184322031,3
gt_full,CiteSeer,IDEA,GCN direct,-0.4004004004004025,0.6770645274508784,3
gt_full,CiteSeer,IDEA,GIN surrogate,-0.350350350350348,0.22935814289068115,3
gt_full,CiteSeer,IDEA,Random,-0.016683350016683588,0.11558563947740423,3
gt_full,CiteSeer,MEGU,Degree,0.0,1.1336087740646714,3
gt_full,CiteSeer,MEGU,GCN direct,0.8008008008007975,1.442796326866822,3
gt_full,CiteSeer,MEGU,GIN surrogate,0.9509509509509498,1.2502498495292038,3
gt_full,CiteSeer,MEGU,Random,0.5171838505171814,1.1783926183790643,3
gt_full,Cora,GIF,Degree,-0.24600246002459691,0.10652218988738338,3
gt_full,Cora,GIF,GCN direct,0.4920049200492012,0.5636624471040439,3
gt_full,Cora,GIF,GIN surrogate,0.12300123001230216,0.10652218988738658,3
gt_full,Cora,GIF,Random,0.0615006150061517,0.16271533278380218,3
gt_full,Cora,GNNDelete,Degree,19.00369003690037,3.8125421254191516,3
gt_full,Cora,GNNDelete,GCN direct,20.479704797047972,1.2782662786486185,3
gt_full,Cora,GNNDelete,GIN surrogate,20.23370233702337,1.1273248942080802,3
gt_full,Cora,GNNDelete,Random,11.500615006150062,2.5594897966401957,3
gt_full,Cora,GraphEraser,Degree,0.861008610086104,0.5930904527055985,3
gt_full,Cora,GraphEraser,GCN direct,0.6150061500615034,0.5636624471040426,3
gt_full,Cora,GraphEraser,GIN surrogate,0.861008610086104,1.7535765595797397,3
gt_full,Cora,GraphEraser,Random,0.8405084050840506,0.7180926563401838,3
gt_full,Cora,GraphRevoker,Degree,3.4440344403444008,3.3227411215842833,3
gt_full,Cora,GraphRevoker,GCN direct,4.735547355473553,2.5454123107718205,3
gt_full,Cora,GraphRevoker,GIN surrogate,1.906519065190652,2.5454123107718187,3
gt_full,Cora,GraphRevoker,Random,2.419024190241903,2.5044673478619597,3
gt_full,Cora,IDEA,Degree,-0.24600246002459691,0.10652218988738338,3
gt_full,Cora,IDEA,GCN direct,0.4920049200492012,0.5636624471040439,3
gt_full,Cora,IDEA,GIN surrogate,0.12300123001230216,0.10652218988738658,3
gt_full,Cora,IDEA,Random,0.0615006150061517,0.16271533278380218,3
gt_full,Cora,MEGU,Degree,0.2460024600246006,0.10652218988738019,3
gt_full,Cora,MEGU,GCN direct,0.6150061500615034,0.5326109494369266,3
gt_full,Cora,MEGU,GIN surrogate,0.8610086100861003,0.6985127116605511,3
gt_full,Cora,MEGU,Random,0.6765067650676526,0.52546148495188,3
gt_full,PubMed,GIF,Degree,0.18593644354293337,0.2111223123190814,3
gt_full,PubMed,GIF,GCN direct,0.9634888438133871,0.4837419885481442,3
gt_full,PubMed,GIF,GIN surrogate,0.36342123056118947,0.5098387806577273,3
gt_full,PubMed,GIF,Random,0.019720531890918578,0.021269535821699836,3
gt_full,PubMed,GNNDelete,Degree,1.360716700473293,0.45662416021771685,3
gt_full,PubMed,GNNDelete,GCN direct,1.411426639621368,0.2960493557832509,3
gt_full,PubMed,GNNDelete,GIN surrogate,1.4283299526707225,0.6681086603776795,3
gt_full,PubMed,GNNDelete,Random,2.101645255803471,0.4758014905013731,3
gt_full,PubMed,GraphEraser,Degree,0.12677484787017765,0.28797709664301746,3
gt_full,PubMed,GraphEraser,GCN direct,0.7521974306964108,0.17808745356411015,3
gt_full,PubMed,GraphEraser,GIN surrogate,0.2620013522650437,0.08904372678205534,3
gt_full,PubMed,GraphEraser,Random,0.2169258508000883,0.0683139263747045,3
gt_full,PubMed,GraphRevoker,Degree,-0.09296822177146853,0.08904372678205534,3
gt_full,PubMed,GraphRevoker,GCN direct,0.8705206220419185,0.09599236554766695,3
gt_full,PubMed,GraphRevoker,GIN surrogate,0.44793779580797705,0.17988333885896585,3
gt_full,PubMed,GraphRevoker,Random,0.06197881451431236,0.08507814328680006,3
gt_full,PubMed,IDEA,Degree,0.18593644354293337,0.2111223123190814,3
gt_full,PubMed,IDEA,GCN direct,0.9634888438133871,0.4837419885481442,3
gt_full,PubMed,IDEA,GIN surrogate,0.36342123056118947,0.5098387806577273,3
gt_full,PubMed,IDEA,Random,0.019720531890918578,0.021269535821699836,3
gt_full,PubMed,MEGU,Degree,1.9016227180527423,0.067082943992508,3
gt_full,PubMed,MEGU,GCN direct,1.8340094658553057,0.19198473109534417,3
gt_full,PubMed,MEGU,GIN surrogate,1.7663962136578764,0.25014618977262876,3
gt_full,PubMed,MEGU,Random,1.6199008338967775,0.28962599129064975,3
r_point,CiteSeer,GIF,Degree,0.050050050050050775,0.3467569184322031,3
r_point,CiteSeer,GIF,GCN direct,-0.40040040040039876,0.48266520325290124,3
r_point,CiteSeer,GIF,GIN surrogate,-0.050050050050050775,0.229358142890686,3
r_point,CiteSeer,GIF,Random,-0.016683350016683588,0.11558563947740423,3
r_point,CiteSeer,GNNDelete,Degree,0.25025025025025016,0.999748966738645,3
r_point,CiteSeer,GNNDelete,GCN direct,-0.6506506506506526,0.34675691843219986,3
r_point,CiteSeer,GNNDelete,GIN surrogate,-0.4004004004004025,0.6770645274508833,3
r_point,CiteSeer,GNNDelete,Random,-0.18351685018351704,0.5580823718277581,3
r_point,CiteSeer,GraphEraser,Degree,0.15015015015015232,0.9846003790243276,3
r_point,CiteSeer,GraphEraser,GCN direct,-0.10010010010009784,1.3951311175942267,3
r_point,CiteSeer,GraphEraser,GIN surrogate,0.05005005005005447,0.8537898953569514,3
r_point,CiteSeer,GraphEraser,Random,0.6172839506172879,0.5513083630917014,3
r_point,CiteSeer,GraphRevoker,Degree,-0.5505505505505511,0.48266520325290124,3
r_point,CiteSeer,GraphRevoker,GCN direct,0.20020020020019938,0.48266520325290124,3
r_point,CiteSeer,GraphRevoker,GIN surrogate,-0.45045045045044957,0.6880744286720458,3
r_point,CiteSeer,GraphRevoker,Random,0.03336670003336595,0.6116217143751546,3
r_point,CiteSeer,IDEA,Degree,0.050050050050050775,0.3467569184322031,3
r_point,CiteSeer,IDEA,GCN direct,-0.40040040040039876,0.48266520325290124,3
r_point,CiteSeer,IDEA,GIN surrogate,-0.050050050050050775,0.229358142890686,3
r_point,CiteSeer,IDEA,Random,-0.016683350016683588,0.11558563947740423,3
r_point,CiteSeer,MEGU,Degree,0.0,1.1336087740646714,3
r_point,CiteSeer,MEGU,GCN direct,0.3503503503503517,1.982512744778609,3
r_point,CiteSeer,MEGU,GIN surrogate,0.40040040040039876,1.8038860151091176,3
r_point,CiteSeer,MEGU,Random,0.5171838505171814,1.1783926183790643,3
r_point,Cora,GIF,Degree,-0.24600246002459691,0.10652218988738338,3
r_point,Cora,GIF,GCN direct,0.18450184501845138,0.3690036900369009,3
r_point,Cora,GIF,GIN surrogate,0.0,0.0,3
r_point,Cora,GIF,Random,0.0615006150061517,0.16271533278380218,3
r_point,Cora,GNNDelete,Degree,19.00369003690037,3.8125421254191516,3
r_point,Cora,GNNDelete,GCN direct,11.992619926199263,3.8392346949602896,3
r_point,Cora,GNNDelete,GIN surrogate,10.270602706027065,1.3847884685360057,3
r_point,Cora,GNNDelete,Random,11.500615006150062,2.5594897966401957,3
r_point,Cora,GraphEraser,Degree,0.861008610086104,0.5930904527055985,3
r_point,Cora,GraphEraser,GCN direct,0.861008610086104,1.6741276247006398,3
r_point,Cora,GraphEraser,GIN surrogate,0.9840098400983988,1.0491219009367727,3
r_point,Cora,GraphEraser,Random,0.8405084050840506,0.7180926563401838,3
r_point,Cora,GraphRevoker,Degree,3.4440344403444008,3.3227411215842833,3
r_point,Cora,GraphRevoker,GCN direct,5.719557195571952,5.544272768013546,3
r_point,Cora,GraphRevoker,GIN surrogate,1.8450184501845024,8.73027170798597,3
r_point,Cora,GraphRevoker,Random,2.419024190241903,2.5044673478619597,3
r_point,Cora,IDEA,Degree,-0.24600246002459691,0.10652218988738338,3
r_point,Cora,IDEA,GCN direct,0.18450184501845138,0.3690036900369009,3
r_point,Cora,IDEA,GIN surrogate,0.0,0.0,3
r_point,Cora,IDEA,Random,0.0615006150061517,0.16271533278380218,3
r_point,Cora,MEGU,Degree,0.2460024600246006,0.10652218988738019,3
r_point,Cora,MEGU,GCN direct,0.36900369003690275,0.3690036900369009,3
r_point,Cora,MEGU,GIN surrogate,0.430504305043052,0.21304437977477317,3
r_point,Cora,MEGU,Random,0.6765067650676526,0.52546148495188,3
r_point,PubMed,GIF,Degree,0.18593644354293337,0.2111223123190814,3
r_point,PubMed,GIF,GCN direct,0.7014874915483397,0.5079438539998876,3
r_point,PubMed,GIF,GIN surrogate,0.3380662609871539,0.3763597714369881,3
r_point,PubMed,GIF,Random,0.019720531890918578,0.021269535821699836,3
r_point,PubMed,GNNDelete,Degree,1.360716700473293,0.45662416021771685,3
r_point,PubMed,GNNDelete,GCN direct,1.1578769438810015,1.0650093323154497,3
r_point,PubMed,GNNDelete,GIN surrogate,2.4932386747802586,1.3692466108406294,3
r_point,PubMed,GNNDelete,Random,2.101645255803471,0.4758014905013731,3
r_point,PubMed,GraphEraser,Degree,0.12677484787017765,0.28797709664301746,3
r_point,PubMed,GraphEraser,GCN direct,1.343813387423931,0.10141987829614951,3
r_point,PubMed,GraphEraser,GIN surrogate,1.0311020960108164,0.25014618977263137,3
r_point,PubMed,GraphEraser,Random,0.2169258508000883,0.0683139263747045,3
r_point,PubMed,GraphRevoker,Degree,-0.09296822177146853,0.08904372678205534,3
r_point,PubMed,GraphRevoker,GCN direct,1.3269100743745728,0.1688217068579934,3
r_point,PubMed,GraphRevoker,GIN surrogate,1.5043948613928289,1.3330864038085841,3
r_point,PubMed,GraphRevoker,Random,0.06197881451431236,0.08507814328680006,3
r_point,PubMed,IDEA,Degree,0.18593644354293337,0.2111223123190814,3
r_point,PubMed,IDEA,GCN direct,0.7014874915483397,0.5079438539998876,3
r_point,PubMed,IDEA,GIN surrogate,0.3380662609871539,0.3763597714369881,3
r_point,PubMed,IDEA,Random,0.019720531890918578,0.021269535821699836,3
r_point,PubMed,MEGU,Degree,1.9016227180527423,0.067082943992508,3
r_point,PubMed,MEGU,GCN direct,1.8171061528059547,0.16882170685799947,3
r_point,PubMed,MEGU,GIN surrogate,1.6818796484110887,0.291674001466151,3
r_point,PubMed,MEGU,Random,1.6199008338967775,0.28962599129064975,3
