dataset,method,source,selector,n,n_seeds,pearson_drop,spearman_drop,pearson_f1,spearman_f1,bias_pp,mae_pp,rmse_pp,direct_drop_range_pp,surrogate_drop_range_pp,spearman_excess_random,pearson_within_selector,leave_one_seed_out_rho_min,leave_one_seed_out_rho_max,leave_one_seed_out_defined
CiteSeer,GIF,GAT,both,6,3,0.7712256495718605,0.819688599970537,0.22135943621180376,0.33946736991660226,-0.45045045045044957,0.45045045045044957,0.5684592938738997,1.3513513513513375,0.6006006006005982,0.898645105261295,0.7712256495718605,0.632455532033676,0.9486832980505139,3.0
CiteSeer,GIF,GAT,r_point,3,3,0.3592106040535479,0.0,0.9041944301794662,0.8660254037844387,-0.45045045045045323,0.45045045045045323,0.5815290309620773,0.9009009009009028,0.30030030030030463,0.5,,,,
CiteSeer,GIF,GAT,gt_full,3,3,0.9410425921026758,1.0,-0.27735009811260847,0.0,-0.45045045045044585,0.45045045045044585,0.5550819072276926,1.3513513513513375,0.6006006006005982,1.0,,,,
CiteSeer,GIF,GIN,both,6,3,0.3804347826086959,0.2608969660436018,-0.2773500981126079,-0.29745653826544605,0.20020020020020124,0.4004004004003969,0.4903883368935272,1.3513513513513375,0.7507507507507505,0.4928053803045812,0.4876184360034282,-0.632455532033676,0.6000000000000001,3.0
CiteSeer,GIF,GIN,r_point,3,3,0.6449020216370226,0.5,0.9449111825230699,0.8660254037844387,0.350350350350348,0.350350350350348,0.46683578844288204,0.9009009009009028,0.45045045045045695,0.5,,,,
CiteSeer,GIF,GIN,gt_full,3,3,0.3871471347966507,0.5,-0.94491118252307,-0.8660254037844387,0.05005005005005447,0.45045045045044585,0.5128603986966743,1.3513513513513375,0.45045045045044585,0.5,,,,
CiteSeer,GIF,SGC,both,6,3,-0.2781469555833119,-0.2160246899469287,-0.33323889124803413,-0.5479462546995059,0.3753753753753771,0.5755755755755765,0.6399755681954161,1.3513513513513375,0.30030030030030463,0.5797710356524485,-0.2867073193284974,-0.9486832980505139,0.316227766016838,3.0
CiteSeer,GIF,SGC,r_point,3,3,0.15554275420954475,0.5,0.5,0.5000000000000001,0.4004004004004025,0.500500500500504,0.561810418434529,0.9009009009009028,0.30030030030029353,1.0,,,,
CiteSeer,GIF,SGC,gt_full,3,3,-0.8962581595302745,-0.8660254037844387,-0.693375245281534,-0.8660254037844387,0.3503503503503517,0.650650650650649,0.709581925863752,1.3513513513513375,0.15015015015015232,0.8660254037844387,,,,
CiteSeer,GNNDelete,GAT,both,6,3,0.32077459603811354,0.40583972495671394,0.520292988176205,0.40583972495671394,0.4004004004004025,0.6506506506506526,0.6714918851350734,1.051051051051044,1.8018018018018056,0.6087595874350709,0.1883427008752174,0.19999999999999998,0.6000000000000001,3.0
CiteSeer,GNNDelete,GAT,r_point,3,3,-0.39735970711952034,0.0,-0.21677749238102495,-0.5,0.2002002002002031,0.7007007007007034,0.7252941314409149,0.6006006006005871,1.2012012012012074,0.0,,,,
CiteSeer,GNNDelete,GAT,gt_full,3,3,0.944911182523069,1.0,0.9819805060619657,1.0,0.6006006006006018,0.6006006006006018,0.6129854211169121,0.7507507507507505,0.9009009009008917,1.0,,,,
CiteSeer,GNNDelete,GIN,both,6,3,0.44055140289084677,0.4030299679679092,0.6346439928725129,0.753702346348183,0.2752752752752737,0.4754754754754731,0.5165106967104667,1.051051051051044,1.3513513513513487,0.8285714285714287,0.39032886764572744,0.39999999999999997,0.632455532033676,3.0
CiteSeer,GNNDelete,GIN,r_point,3,3,0.06401843996643959,0.0,-0.5636214801906722,-0.5,0.25025025025025016,0.650650650650649,0.6544893308619614,0.6006006006005871,1.3513513513513487,0.5,,,,
CiteSeer,GNNDelete,GIN,gt_full,3,3,0.9285714285714208,0.5,0.9897433186107863,1.0,0.30030030030029725,0.30030030030029725,0.32436139631670924,0.7507507507507505,0.7507507507507505,1.0,,,,
CiteSeer,GNNDelete,SGC,both,6,3,0.6246950475544218,0.45588235294117646,0.6476090356087698,0.5882352941176471,0.10010010010010155,0.3003003003003009,0.3677912526701469,1.051051051051044,1.3513513513513487,0.6,0.5711872077128644,-0.5000000000000001,0.7999999999999999,3.0
CiteSeer,GNNDelete,SGC,r_point,3,3,0.8219949365267855,0.8660254037844387,0.8029550685469585,0.8660254037844387,-0.05005005005004707,0.25025025025025016,0.26006768882415526,0.6006006006005871,1.051051051051044,0.5,,,,
CiteSeer,GNNDelete,SGC,gt_full,3,3,0.30037570459305185,0.5,1.0,1.0,0.25025025025025016,0.3503503503503517,0.4504504504504508,0.7507507507507505,0.7507507507507505,0.5,,,,
CiteSeer,GraphEraser,GAT,both,6,3,0.9790637627154998,0.9710083124552246,0.6592349279344009,0.5672273623252055,0.12512512512512694,0.27527527527527557,0.37286447511890336,2.552552552552545,1.6516516516516533,0.9258200997725515,0.9857674887535652,0.8944271909999159,0.9486832980505139,3.0
CiteSeer,GraphEraser,GAT,r_point,3,3,0.9979737315015371,1.0,0.2773500981126347,0.5,0.30030030030030463,0.5005005005005003,0.5201353776483126,2.552552552552545,1.6516516516516533,1.0,,,,
CiteSeer,GraphEraser,GAT,gt_full,3,3,0.9993216505720214,1.0,0.9707253433941541,0.8660254037844387,-0.050050050050050775,0.050050050050050775,0.08668922960805317,1.501501501501501,1.3513513513513487,0.8660254037844387,,,,
CiteSeer,GraphEraser,GIN,both,6,3,0.7024644473169678,0.5797710356524485,-0.08255727333548202,-0.014705882352941178,-0.07507507507507431,0.5255255255255239,0.7069292738651406,2.552552552552545,2.2522522522522515,0.17393131069573453,0.7120306865130759,-0.316227766016838,0.7378647873726218,3.0
CiteSeer,GraphEraser,GIN,r_point,3,3,0.6309054090392934,0.5,-0.6362847629757785,-0.5,0.15015015015015232,0.7507507507507468,0.8967203637221661,2.552552552552545,1.6516516516516422,-0.5,,,,
CiteSeer,GraphEraser,GIN,gt_full,3,3,0.982288282731567,1.0,0.7205766921228908,0.8660254037844387,-0.3003003003003009,0.3003003003003009,0.44203007338978223,1.501501501501501,2.2522522522522515,1.0,,,,
CiteSeer,GraphEraser,SGC,both,6,3,0.6809125322825524,0.5884898863364997,-0.17133069613002583,-0.3080205518168487,1.026026026026024,1.0760760760760748,1.2517516516916702,2.552552552552545,1.6516516516516533,0.08571428571428573,0.864841435426515,-0.316227766016838,0.9486832980505139,3.0
CiteSeer,GraphEraser,SGC,r_point,3,3,0.9941916256019203,0.8660254037844387,,,1.501501501501501,1.501501501501501,1.565214791903091,2.552552552552545,1.501501501501501,1.0,,,,
CiteSeer,GraphEraser,SGC,gt_full,3,3,0.22501758018520798,0.0,0.2250175801851957,0.0,0.5505505505505474,0.650650650650649,0.8269625446375506,1.501501501501501,0.45045045045045695,-1.0,,,,
CiteSeer,GraphRevoker,GAT,both,6,3,0.17754503945287625,0.447811075519899,0.8633727262180332,0.753702346348183,-0.425425425425426,0.6756756756756762,0.7432053255714477,1.2012012012012074,1.501501501501501,0.0,0.14548805231866055,0.19999999999999998,0.3333333333333334,3.0
CiteSeer,GraphRevoker,GAT,r_point,3,3,0.8446877845160826,0.5,0.973985372754547,1.0,-0.6006006006005982,0.6006006006005982,0.6370331362040956,0.9009009009009028,0.7507507507507505,0.5,,,,
CiteSeer,GraphRevoker,GAT,gt_full,3,3,-0.1653116306333916,0.5,0.8906373268270217,0.5,-0.2502502502502539,0.7507507507507541,0.8360006550795863,1.2012012012012074,1.2012012012012074,-0.8660254037844387,,,,
CiteSeer,GraphRevoker,GIN,both,6,3,0.3286913892792822,0.5821543981758688,0.8542214586257076,0.8406680016960503,-0.4754754754754749,0.7257257257257251,0.7921517413085284,1.2012012012012074,1.8018018018017945,0.6,0.31339158526400485,0.316227766016838,0.888888888888889,3.0
CiteSeer,GraphRevoker,GIN,r_point,3,3,0.3394221166510614,0.5,0.9831711530324334,1.0,-0.650650650650649,0.7507507507507505,0.8625469439246278,0.9009009009009028,1.3513513513513487,1.0,,,,
CiteSeer,GraphRevoker,GIN,gt_full,3,3,0.30037570459305923,0.5,0.9919874783824153,0.5,-0.3003003003003009,0.7007007007006997,0.7148577005548393,1.2012012012012074,1.3513513513513487,0.5,,,,
CiteSeer,GraphRevoker,SGC,both,6,3,-0.23411733802606158,-0.058848988633649964,0.6448560089481742,0.5147058823529411,-0.15015015015014863,0.8008008008008013,0.9456678492337929,1.2012012012012074,2.102102102102099,-0.05797710356524484,-0.3329748276855708,-0.316227766016838,0.19999999999999998,3.0
CiteSeer,GraphRevoker,SGC,r_point,3,3,0.9683006310306399,1.0,0.9999897744412155,1.0,-0.45045045045044957,0.45045045045044957,0.46683578844288204,0.9009009009009028,0.7507507507507505,0.5,,,,
CiteSeer,GraphRevoker,SGC,gt_full,3,3,-0.7172042142548523,-0.5,0.46108396762070303,0.0,0.15015015015015232,1.151151151151153,1.253251654209101,1.2012012012012074,1.9519519519519468,-0.8660254037844387,,,,
CiteSeer,IDEA,GAT,both,6,3,0.7712256495718605,0.819688599970537,0.22135943621180376,0.33946736991660226,-0.45045045045044957,0.45045045045044957,0.5684592938738997,1.3513513513513375,0.6006006006005982,0.898645105261295,0.7712256495718605,0.632455532033676,0.9486832980505139,3.0
CiteSeer,IDEA,GAT,r_point,3,3,0.3592106040535479,0.0,0.9041944301794662,0.8660254037844387,-0.45045045045045323,0.45045045045045323,0.5815290309620773,0.9009009009009028,0.30030030030030463,0.5,,,,
CiteSeer,IDEA,GAT,gt_full,3,3,0.9410425921026758,1.0,-0.27735009811260847,0.0,-0.45045045045044585,0.45045045045044585,0.5550819072276926,1.3513513513513375,0.6006006006005982,1.0,,,,
CiteSeer,IDEA,GIN,both,6,3,0.3804347826086959,0.2608969660436018,-0.2773500981126079,-0.29745653826544605,0.20020020020020124,0.4004004004003969,0.4903883368935272,1.3513513513513375,0.7507507507507505,0.4928053803045812,0.4876184360034282,-0.632455532033676,0.6000000000000001,3.0
CiteSeer,IDEA,GIN,r_point,3,3,0.6449020216370226,0.5,0.9449111825230699,0.8660254037844387,0.350350350350348,0.350350350350348,0.46683578844288204,0.9009009009009028,0.45045045045045695,0.5,,,,
CiteSeer,IDEA,GIN,gt_full,3,3,0.3871471347966507,0.5,-0.94491118252307,-0.8660254037844387,0.05005005005005447,0.45045045045044585,0.5128603986966743,1.3513513513513375,0.45045045045044585,0.5,,,,
CiteSeer,IDEA,SGC,both,6,3,-0.2781469555833119,-0.2160246899469287,-0.33323889124803413,-0.5479462546995059,0.3753753753753771,0.5755755755755765,0.6399755681954161,1.3513513513513375,0.30030030030030463,0.5797710356524485,-0.2867073193284974,-0.9486832980505139,0.316227766016838,3.0
CiteSeer,IDEA,SGC,r_point,3,3,0.15554275420954475,0.5,0.5,0.5000000000000001,0.4004004004004025,0.500500500500504,0.561810418434529,0.9009009009009028,0.30030030030029353,1.0,,,,
CiteSeer,IDEA,SGC,gt_full,3,3,-0.8962581595302745,-0.8660254037844387,-0.693375245281534,-0.8660254037844387,0.3503503503503517,0.650650650650649,0.709581925863752,1.3513513513513375,0.15015015015015232,0.8660254037844387,,,,
CiteSeer,MEGU,GAT,both,6,3,0.9641575935846828,0.9276336570439175,0.929877729946939,0.7826908981308054,-0.3003003003003009,0.45045045045044957,0.5201353776483104,3.9039039039038936,3.153153153153143,0.6565706694547585,0.9731609597189599,0.7378647873726218,0.9486832980505139,3.0
CiteSeer,MEGU,GAT,r_point,3,3,0.9909589585568213,1.0,0.9621032142443138,0.5,-0.10010010010010155,0.40040040040039876,0.5054807276457481,3.9039039039038936,2.7027027027026973,0.5,,,,
CiteSeer,MEGU,GAT,gt_full,3,3,0.9886540462187434,1.0,0.9725219533447222,1.0,-0.5005005005005003,0.5005005005005003,0.5343883009024675,2.8528528528528496,3.003003003002991,0.8660254037844387,,,,
CiteSeer,MEGU,GIN,both,6,3,0.9794218117950311,0.9856107606091623,0.9604987089044881,0.8986451052612952,0.10010010010009969,0.3003003003003028,0.32436139631671185,3.9039039039038936,3.6036036036036,0.8804062740424288,0.980309257453794,0.9486832980505139,1.0,3.0
CiteSeer,MEGU,GIN,r_point,3,3,0.9750416959639577,1.0,0.9586343124133576,1.0,0.05005005005004707,0.3503503503503517,0.37786959135489345,3.9039039039038936,3.6036036036036,1.0,,,,
CiteSeer,MEGU,GIN,gt_full,3,3,0.991528963872603,1.0,0.9696292007540706,0.5,0.15015015015015232,0.2502502502502539,0.26006768882415954,2.8528528528528496,2.4024024024023927,0.8660254037844387,,,,
CiteSeer,MEGU,SGC,both,6,3,0.973818165599108,0.9276336570439175,0.9406759537552489,0.7205882352941176,-0.37537537537537524,0.5755755755755746,0.6340770500160119,3.9039039039038936,2.552552552552545,0.40042671736190333,0.9860660300967289,0.7378647873726218,0.9486832980505139,3.0
CiteSeer,MEGU,SGC,r_point,3,3,0.9944691880719158,1.0,0.9576908158341912,0.5,-0.15015015015015232,0.5505505505505511,0.6311071177636886,3.9039039039038936,2.4024024024023927,0.5,,,,
CiteSeer,MEGU,SGC,gt_full,3,3,0.9969018241732223,1.0,0.9983737378186146,1.0,-0.6006006006005982,0.6006006006005982,0.6370331362040956,2.8528528528528496,2.4024024024023927,1.0,,,,
Cora,GIF,GAT,both,6,3,0.8738825134945629,0.753702346348183,0.9073973964942693,0.5852390484520126,-0.24600246002460247,0.24600246002460247,0.31956656966215763,1.291512915129156,1.1070110701107083,0.8285714285714287,0.8660254037844374,0.316227766016838,0.7999999999999999,3.0
Cora,GIF,GAT,r_point,3,3,0.4999999999999924,0.5,-1.0,-1.0,-0.18450184501845138,0.18450184501845138,0.3195665696621566,0.7380073800738018,0.36900369003689537,0.5,,,,
Cora,GIF,GAT,gt_full,3,3,0.9819805060619644,1.0,0.9905360646879081,1.0,-0.3075030750307535,0.3075030750307535,0.3195665696621587,1.1070110701107083,1.1070110701107083,1.0,,,,
Cora,GIF,GIN,both,6,3,0.36391267143705625,0.20701966780270628,0.6037034299433085,0.1232082207267395,-0.27675276752767525,0.3997539975399737,0.48229972759403733,1.291512915129156,0.1845018450184588,0.05797710356524484,0.1581138830084682,-0.7745966692414834,0.7745966692414834,3.0
Cora,GIF,GIN,r_point,3,3,,,-0.5,-0.5000000000000001,-0.18450184501845138,0.30750307503074986,0.3532941357034468,0.7380073800738018,0.0,1.0,,,,
Cora,GIF,GIN,gt_full,3,3,0.1889822365046721,0.0,0.8386278693775424,0.5,-0.3690036900368991,0.49200492004919755,0.5834460627616915,1.1070110701107083,0.1845018450184588,-1.0,,,,
Cora,GIF,SGC,both,6,3,-0.1248210165337404,-0.1543033499620919,0.40135869199883845,0.31346775286392936,-0.5535055350553523,0.6150061500615015,0.7145725731010012,1.291512915129156,0.3690036900369065,-0.14285714285714288,0.22360679775001166,-0.316227766016838,0.4472135954999579,3.0
Cora,GIF,SGC,r_point,3,3,-0.8660254037844344,-0.8660254037844387,-0.4999999999999999,-0.5000000000000001,-0.30750307503074986,0.4305043050430483,0.48814599835139943,0.7380073800738018,0.18450184501844769,1.0,,,,
Cora,GIF,SGC,gt_full,3,3,0.9449111825230705,0.8660254037844387,0.9707253433941522,0.8660254037844387,-0.7995079950799547,0.7995079950799547,0.8848397644488447,1.1070110701107083,0.1845018450184588,-0.5,,,,
Cora,GNNDelete,GAT,both,6,3,0.9554240696958124,0.9276336570439175,0.9545631935482637,0.8857142857142858,-4.76629766297663,4.76629766297663,5.076874837494504,14.391143911439109,16.97416974169742,0.7714285714285715,0.7995073847138993,0.7999999999999999,1.0,3.0
Cora,GNNDelete,GAT,r_point,3,3,0.8943407026069644,0.5,0.8786977501169672,0.5,-5.535055350553509,5.535055350553509,5.7225322580335165,6.826568265682642,5.904059040590403,-0.5,,,,
Cora,GNNDelete,GAT,gt_full,3,3,0.9938143736381274,0.8660254037844387,0.9772215484599234,0.5,-3.997539975399752,3.997539975399752,4.336120476524553,2.214022140221406,6.088560885608851,0.5,,,,
Cora,GNNDelete,GIN,both,6,3,0.8136364096738821,0.8116794499134279,0.8130033085483586,0.8285714285714287,-0.9840098400983992,2.5830258302583013,3.1956656966215418,14.391143911439109,12.36162361623616,0.8285714285714287,-0.45227872818917536,0.7378647873726218,1.0,3.0
Cora,GNNDelete,GIN,r_point,3,3,-0.8195647984509983,-0.5,-0.8574264383929979,-0.5,-1.7220172201721973,4.4280442804427995,4.458688551141904,6.826568265682642,2.7675276752767584,-0.5,,,,
Cora,GNNDelete,GIN,gt_full,3,3,0.7559289460184538,0.8660254037844387,0.7419354838709663,1.0,-0.24600246002460105,0.7380073800738032,0.7380073800738032,2.214022140221406,2.214022140221406,1.0,,,,
Cora,GNNDelete,SGC,both,6,3,0.9465815753063486,0.9276336570439175,0.9442923659211865,0.8857142857142858,-3.4440344403444016,3.690036900369003,3.978571707167494,14.391143911439109,9.5940959409594,0.8285714285714287,0.7444911583400324,0.7999999999999999,1.0,3.0
Cora,GNNDelete,SGC,r_point,3,3,0.9924155415949975,0.5,0.9899620882827731,0.5,-2.275522755227548,2.767527675276749,3.1256594734497027,6.826568265682642,2.2140221402213935,-0.5,,,,
Cora,GNNDelete,SGC,gt_full,3,3,0.9041944301794651,0.8660254037844387,0.8633149378767324,0.5,-4.6125461254612565,4.6125461254612565,4.678495325869362,2.214022140221406,3.874538745387456,1.0,,,,
Cora,GraphEraser,GAT,both,6,3,0.6415737860311324,0.49280538030458115,0.04163275356115713,-0.1323529411764706,-0.2767527675276771,0.5842558425584269,0.8421318534827277,3.3210332103321027,1.4760147601476148,-0.14285714285714288,0.6404898693400808,-0.632455532033676,0.7999999999999999,3.0
Cora,GraphEraser,GAT,r_point,3,3,0.6694692522947023,0.5,-0.6362847629757808,-0.5,-0.3690036900368991,0.8610086100861003,1.147279096320886,3.3210332103321027,1.291512915129156,-0.5,,,,
Cora,GraphEraser,GAT,gt_full,3,3,0.8934051474415635,0.5,0.928571428571429,0.8660254037844387,-0.1845018450184551,0.3075030750307535,0.3195665696621587,1.1070110701107083,1.291512915129156,0.5,,,,
Cora,GraphEraser,GIN,both,6,3,-0.018699757115102376,0.17393131069573456,-0.49017413678386323,-0.23190841426097938,0.18450184501844769,1.353013530135298,1.5907155173896113,3.3210332103321027,3.5055350553505615,-0.8285714285714287,-0.02514778453847217,-0.316227766016838,0.39999999999999997,3.0
Cora,GraphEraser,GIN,r_point,3,3,-0.6072863363791813,-0.5,-0.8206880287609688,-0.5,0.12300123001229475,1.8450184501844955,2.009856659085874,3.3210332103321027,2.0295202952029467,-1.0,,,,
Cora,GraphEraser,GIN,gt_full,3,3,0.9872673851728525,1.0,0.046760976479141424,0.5,0.2460024600246006,0.8610086100861003,1.0105582241792739,1.1070110701107083,3.5055350553505615,-1.0,,,,
Cora,GraphEraser,SGC,both,6,3,0.5085105203520963,0.46381682852195877,-0.18165902124584446,-0.16176470588235295,1.4145141451414507,1.5375153751537496,1.680891804270164,3.3210332103321027,2.2140221402214055,-0.05797710356524484,0.6213653206126691,-0.9486832980505139,0.7999999999999999,3.0
Cora,GraphEraser,SGC,r_point,3,3,0.779436348580588,0.5,-0.5352593265785307,-0.5,0.9840098400983988,1.2300123001229957,1.405124189273779,3.3210332103321027,1.291512915129156,-0.5,,,,
Cora,GraphEraser,SGC,gt_full,3,3,0.7370434740955031,0.5,0.5243788202755739,0.5,1.8450184501845028,1.8450184501845028,1.9173994179729272,1.1070110701107083,1.845018450184499,0.5,,,,
Cora,GraphRevoker,GAT,both,6,3,-0.5100903865692255,-0.3714285714285715,0.3485462515544744,0.48571428571428577,-7.072570725707254,7.072570725707254,9.499008401627462,10.51660516605165,10.701107011070121,-0.4285714285714286,-0.5010222046698599,-0.7999999999999999,0.39999999999999997,3.0
Cora,GraphRevoker,GAT,r_point,3,3,-0.987938891590968,-1.0,0.28791313732007046,-0.5,-8.056580565805653,8.056580565805653,11.222303553163526,10.51660516605165,7.195571955719571,-0.5,,,,
Cora,GraphRevoker,GAT,gt_full,3,3,0.20219328405251386,0.5,0.5801231234094397,0.5,-6.088560885608854,6.088560885608854,7.383916588710324,4.797047970479717,9.96309963099632,-0.5,,,,
Cora,GraphRevoker,GIN,both,6,3,-0.6238870218127935,-0.48571428571428577,0.12845241251188172,0.14285714285714288,-3.3517835178351754,6.734317343173433,8.645704747545848,10.51660516605165,16.789667896678985,-0.6,-0.6291370002662475,-0.7999999999999999,-0.39999999999999997,3.0
Cora,GraphRevoker,GIN,r_point,3,3,-0.8249489805194087,-1.0,-0.2300765514364778,-0.5,-3.8745387453874494,10.63960639606396,11.813402108005622,10.51660516605165,16.789667896678985,-1.0,,,,
Cora,GraphRevoker,GIN,gt_full,3,3,0.7758318739054313,1.0,0.982253843710254,1.0,-2.8290282902829014,2.8290282902829014,3.1527689097112623,4.797047970479717,4.797047970479706,1.0,,,,
Cora,GraphRevoker,SGC,both,6,3,-0.47636551042311615,-0.4285714285714286,0.8106026410845517,0.7714285714285715,-5.25830258302583,5.25830258302583,7.177019005958202,10.51660516605165,6.088560885608862,-0.3714285714285715,-0.4606173659858038,-1.0,0.19999999999999998,3.0
Cora,GraphRevoker,SGC,r_point,3,3,-0.9861868837668936,-1.0,0.8137528540805945,0.5,-6.273062730627303,6.273062730627303,8.811130246033175,10.51660516605165,4.059040590405916,-0.5,,,,
Cora,GraphRevoker,SGC,gt_full,3,3,0.21890087939747166,0.5,0.9549822005106134,1.0,-4.243542435424356,4.243542435424356,5.038173023151337,4.797047970479717,5.535055350553508,-1.0,,,,
Cora,IDEA,GAT,both,6,3,0.8738825134945629,0.753702346348183,0.9073973964942693,0.5852390484520126,-0.24600246002460247,0.24600246002460247,0.31956656966215763,1.291512915129156,1.1070110701107083,0.8285714285714287,0.8660254037844374,0.316227766016838,0.7999999999999999,3.0
Cora,IDEA,GAT,r_point,3,3,0.4999999999999924,0.5,-1.0,-1.0,-0.18450184501845138,0.18450184501845138,0.3195665696621566,0.7380073800738018,0.36900369003689537,0.5,,,,
Cora,IDEA,GAT,gt_full,3,3,0.9819805060619644,1.0,0.9905360646879081,1.0,-0.3075030750307535,0.3075030750307535,0.3195665696621587,1.1070110701107083,1.1070110701107083,1.0,,,,
Cora,IDEA,GIN,both,6,3,0.36391267143705625,0.20701966780270628,0.6037034299433085,0.1232082207267395,-0.27675276752767525,0.3997539975399737,0.48229972759403733,1.291512915129156,0.1845018450184588,0.05797710356524484,0.1581138830084682,-0.7745966692414834,0.7745966692414834,3.0
Cora,IDEA,GIN,r_point,3,3,,,-0.5,-0.5000000000000001,-0.18450184501845138,0.30750307503074986,0.3532941357034468,0.7380073800738018,0.0,1.0,,,,
Cora,IDEA,GIN,gt_full,3,3,0.1889822365046721,0.0,0.8386278693775424,0.5,-0.3690036900368991,0.49200492004919755,0.5834460627616915,1.1070110701107083,0.1845018450184588,-1.0,,,,
Cora,IDEA,SGC,both,6,3,-0.1248210165337404,-0.1543033499620919,0.40135869199883845,0.31346775286392936,-0.5535055350553523,0.6150061500615015,0.7145725731010012,1.291512915129156,0.3690036900369065,-0.14285714285714288,0.22360679775001166,-0.316227766016838,0.4472135954999579,3.0
Cora,IDEA,SGC,r_point,3,3,-0.8660254037844344,-0.8660254037844387,-0.4999999999999999,-0.5000000000000001,-0.30750307503074986,0.4305043050430483,0.48814599835139943,0.7380073800738018,0.18450184501844769,1.0,,,,
Cora,IDEA,SGC,gt_full,3,3,0.9449111825230705,0.8660254037844387,0.9707253433941522,0.8660254037844387,-0.7995079950799547,0.7995079950799547,0.8848397644488447,1.1070110701107083,0.1845018450184588,-0.5,,,,
Cora,MEGU,GAT,both,6,3,0.7872266714833952,0.8508410434878082,0.8592468124734397,0.8209869717864815,0.030750307503072765,0.21525215252152416,0.24981667910934485,0.9225092250922606,1.1070110701106972,0.5,0.8599229085127699,0.5000000000000001,0.9486832980505139,3.0
Cora,MEGU,GAT,r_point,3,3,0.5000000000000225,0.5,0.6933752452815474,0.8660254037844387,0.18450184501844769,0.30750307503074614,0.31956656966215014,0.7380073800738018,0.3690036900369065,1.0,,,,
Cora,MEGU,GAT,gt_full,3,3,0.9878291611472606,0.8660254037844387,0.9889822382736453,1.0,-0.12300123001230216,0.12300123001230216,0.15064512563242427,0.9225092250922606,1.1070110701106972,0.5,,,,
Cora,MEGU,GIN,both,6,3,0.669542013753832,0.8754275592730113,0.715301940537197,0.8508410434878082,0.15375153751537307,0.3382533825338245,0.3913875172619266,0.9225092250922606,1.4760147601476037,0.35294117647058826,0.6234814790245183,0.5443310539518174,0.9486832980505139,3.0
Cora,MEGU,GIN,r_point,3,3,0.8660254037844428,0.8660254037844387,0.8660254037844443,0.8660254037844387,0.06150061500614923,0.18450184501844769,0.18450184501844769,0.7380073800738018,0.3690036900369065,1.0,,,,
Cora,MEGU,GIN,gt_full,3,3,0.6099942813304151,0.8660254037844387,0.6317977517911808,0.5,0.24600246002459691,0.4920049200492012,0.521850023015903,0.9225092250922606,1.291512915129156,-1.0,,,,
Cora,MEGU,SGC,both,6,3,0.8555771123177338,0.8060599359358183,0.8894529892802534,0.7314247566825017,-0.06150061500615293,0.2460024600246006,0.30129025126484404,0.9225092250922606,1.6605166051660514,0.11595420713048969,0.8693275642462176,0.3333333333333334,0.9486832980505139,3.0
Cora,MEGU,SGC,r_point,3,3,0.9819805060619663,1.0,0.99484975116711,0.8660254037844387,-3.700743415417189e-15,0.3690036900368991,0.39856953864746963,0.7380073800738018,1.6605166051660514,-1.0,,,,
Cora,MEGU,SGC,gt_full,3,3,1.0,1.0,0.9986254289035245,1.0,-0.12300123001230216,0.12300123001230216,0.15064512563242427,0.9225092250922606,0.7380073800738018,1.0,,,,
PubMed,GIF,GAT,both,6,3,0.8882728558974509,0.8285714285714287,0.9298444441270263,0.8285714285714287,-0.3211629479377938,0.3211629479377938,0.3769287207737931,1.1409736308316432,1.140973630831632,0.8285714285714287,0.87615657377146,0.39999999999999997,1.0,3.0
PubMed,GIF,GAT,r_point,3,3,0.9244734516419045,0.5,0.959010159577475,1.0,-0.321162947937792,0.321162947937792,0.3621414010417235,0.9634888438133871,0.760649087221088,0.5,,,,
PubMed,GIF,GAT,gt_full,3,3,0.824884333334659,1.0,0.8865349318063384,0.5,-0.3211629479377957,0.3211629479377957,0.39115741938492454,0.8620689655172376,0.7860040567951199,1.0,,,,
PubMed,GIF,GIN,both,6,3,0.9164857612479446,0.7714285714285715,0.9379885930222412,0.942857142857143,-0.4817444219066917,0.4817444219066917,0.5115172667807295,1.1409736308316432,0.9888438133874189,0.7714285714285715,0.9526123446369396,0.39999999999999997,0.7999999999999999,3.0
PubMed,GIF,GIN,r_point,3,3,0.9942821588837906,1.0,0.9926257926801146,1.0,-0.36342123056118575,0.36342123056118575,0.38088757063027817,0.9634888438133871,0.7352941176470562,1.0,,,,
PubMed,GIF,GIN,gt_full,3,3,0.9462070076717108,0.5,0.9643038823931273,1.0,-0.6000676132521976,0.6000676132521976,0.6149995829015015,0.8620689655172376,0.9888438133874189,0.5,,,,
PubMed,GIF,SGC,both,6,3,0.6736944792514575,0.7247137945655605,0.7700752725655114,0.942857142857143,-0.8409398242055426,0.8409398242055426,0.925658975483252,1.1409736308316432,0.1774847870182672,0.8857142857142858,0.6347240065255683,0.39999999999999997,1.0,3.0
PubMed,GIF,SGC,r_point,3,3,0.6628489803598048,0.8660254037844387,0.804095343784459,1.0,-0.7437457741717372,0.7437457741717372,0.8373540281609769,0.9634888438133871,0.10141987829614951,1.0,,,,
PubMed,GIF,SGC,gt_full,3,3,0.6141323601064735,0.5,0.7117254027131851,1.0,-0.9381338742393478,0.9381338742393478,1.0062441598876455,0.8620689655172376,0.12677484787018134,0.5,,,,
PubMed,GNNDelete,GAT,both,6,3,-0.16862223876316837,0.2571428571428572,-0.1397020245011029,0.2571428571428572,0.9761663286004048,1.238167680865452,2.0603415617453846,1.9269776876267852,4.665314401622721,-0.028571428571428574,-0.1331216064638342,-0.39999999999999997,0.39999999999999997,3.0
PubMed,GNNDelete,GAT,r_point,3,3,-0.20199628074704612,0.5,-0.11272992168726548,0.5,1.436781609195403,1.8255578093306317,2.7315199503676117,1.9269776876267852,4.665314401622721,0.5,,,,
PubMed,GNNDelete,GAT,gt_full,3,3,0.3763032611871288,0.5,0.017492785713529618,0.5,0.5155510480054063,0.6507775524002724,1.014304423166211,0.583164300202843,2.180527383367148,-0.5,,,,
PubMed,GNNDelete,GIN,both,6,3,-0.07340230696081287,0.028571428571428574,-0.2531112349265634,0.028571428571428574,0.6761325219743061,0.8282623394185267,1.426878931378451,1.9269776876267852,3.169371196754567,-0.028571428571428574,0.03276493428271748,-0.39999999999999997,0.7999999999999999,3.0
PubMed,GNNDelete,GIN,r_point,3,3,-0.07266681755493215,-0.5,-0.23408841198804334,-0.5,1.3353617308992576,1.3353617308992576,1.9825575864426612,1.9269776876267852,2.738336713995937,-0.5,,,,
PubMed,GNNDelete,GIN,gt_full,3,3,0.8147259542815749,0.5,0.5852057359806441,0.5,0.01690331304935455,0.3211629479377957,0.37607497399065115,0.583164300202843,1.2931034482758674,0.5,,,,
PubMed,GNNDelete,SGC,both,6,3,0.24778489122048789,0.08571428571428573,0.19523030562293187,0.08571428571428573,6.2922582826233935,6.2922582826233935,6.991285168788937,1.9269776876267852,7.327586206896543,-0.14285714285714288,0.16186585307638698,-0.19999999999999998,0.7999999999999999,3.0
PubMed,GNNDelete,SGC,r_point,3,3,-0.5951067475282256,-1.0,-0.8660254037844409,-1.0,3.6849222447599725,3.6849222447599725,3.8475557164020424,1.9269776876267852,0.7352941176470456,-1.0,,,,
PubMed,GNNDelete,SGC,gt_full,3,3,0.9489333099100196,1.0,0.8233934196988597,1.0,8.899594320486814,8.899594320486814,9.107823649579425,0.583164300202843,4.665314401622712,0.5,,,,
PubMed,GraphEraser,GAT,both,6,3,0.9079313076397437,0.8857142857142858,0.8601881764248738,0.6,0.5324543610547683,0.5324543610547683,0.5694058574273664,0.8620689655172487,1.369168356997974,0.7714285714285715,0.5674991340906209,0.6000000000000001,1.0,3.0
PubMed,GraphEraser,GAT,r_point,3,3,0.32732683535401047,0.5,-0.5371800024909192,-0.5,0.6169709263015558,0.6169709263015558,0.6515454317852615,0.20283975659229903,0.5324543610547683,-0.5,,,,
PubMed,GraphEraser,GAT,gt_full,3,3,0.7348063487542956,0.5,-0.9889822382736443,-1.0,0.4479377958079807,0.4479377958079807,0.47321729814636504,0.3549695740365122,0.5070993914807365,0.5,,,,
PubMed,GraphEraser,GIN,both,6,3,0.8944247069022565,0.8857142857142858,0.8990062468193868,0.8285714285714287,-0.4014536849222409,0.4014536849222409,0.4450982882846344,0.8620689655172487,1.1409736308316432,0.6,0.23234109241984646,0.7999999999999999,1.0,3.0
PubMed,GraphEraser,GIN,r_point,3,3,0.1013606067599255,0.5,-0.2370005415468776,-0.5,-0.3127112914131147,0.3127112914131147,0.3780640508171908,0.20283975659229903,0.4563894523326617,-1.0,,,,
PubMed,GraphEraser,GIN,gt_full,3,3,0.6351351351351391,0.5,0.8660254037844466,1.0,-0.4901960784313671,0.4901960784313671,0.5032817758944979,0.3549695740365122,0.1774847870182561,-0.5,,,,
PubMed,GraphEraser,SGC,both,6,3,0.5138141753286414,0.2571428571428572,0.6626453208476232,0.6,-0.5620351588911388,0.5620351588911388,0.6398467780264918,0.8620689655172487,0.9888438133874189,0.2,-0.25374980175806494,0.0,0.7999999999999999,3.0
PubMed,GraphEraser,SGC,r_point,3,3,-0.9996850889545598,-1.0,0.6508503747432623,0.5,-0.6676808654496269,0.6676808654496269,0.74081071551351,0.20283975659229903,0.583164300202843,-0.5,,,,
PubMed,GraphEraser,SGC,gt_full,3,3,0.1723369655646342,0.5,0.9826129694268927,1.0,-0.4563894523326506,0.4563894523326506,0.5196222497951054,0.3549695740365122,0.5070993914807254,-0.5,,,,
PubMed,GraphRevoker,GAT,both,6,3,0.33894277962161634,0.6,0.3703740054556857,0.8406680016960503,0.15635564570656105,0.3930020283975655,0.6456811145155598,0.7099391480730133,2.0537525354969555,0.5428571428571429,-0.888121261824617,0.6000000000000001,0.7999999999999999,3.0
PubMed,GraphRevoker,GAT,r_point,3,3,-0.9912952942717805,-1.0,-0.3394221166510661,0.5,0.3887762001352287,0.6254225828262369,0.8877860750512989,0.32961460446246926,1.5212981744421983,-1.0,,,,
PubMed,GraphRevoker,GAT,gt_full,3,3,-0.4359782606975274,-0.5,0.12871230867171035,0.5,-0.07606490872210658,0.16058147396889413,0.213644771125156,0.177484787018245,0.3549695740365011,-1.0,,,,
PubMed,GraphRevoker,GIN,both,6,3,0.554110082520817,0.6571428571428573,0.23026684921766913,0.6667366910003157,-0.1225490196078427,0.6803583502366465,0.8349834584216589,0.7099391480730133,2.7890466531440117,0.6571428571428573,0.1353485158709058,0.6000000000000001,1.0,3.0
PubMed,GraphRevoker,GIN,r_point,3,3,0.1794856372727982,-0.5,-0.5542781103225608,-0.5,0.1774847870182561,0.9381338742393516,1.0869172031973509,0.32961460446246926,2.358012170385393,-0.5,,,,
PubMed,GraphRevoker,GIN,gt_full,3,3,-0.2916387048120606,-0.5,0.2690610012502674,0.5,-0.4225828262339415,0.4225828262339415,0.46152545441095344,0.177484787018245,0.3549695740365122,-0.5,,,,
PubMed,GraphRevoker,SGC,both,6,3,0.955432432383431,0.8857142857142858,0.9814082590924367,0.8823529411764706,-0.659229208924946,0.659229208924946,0.6650546170691649,0.7099391480730133,0.5831643002028319,1.0,0.8779945933369097,0.6000000000000001,1.0,3.0
PubMed,GraphRevoker,SGC,r_point,3,3,0.9184622874836581,0.5,0.9995917933978029,1.0,-0.7268424611223753,0.7268424611223753,0.7292951996215173,0.32961460446246926,0.22819472616631975,1.0,,,,
PubMed,GraphRevoker,SGC,gt_full,3,3,0.9770303522611186,0.5,0.9631231373018592,0.8660254037844387,-0.5916159567275167,0.5916159567275167,0.5939055473549969,0.177484787018245,0.2789046653143945,1.0,,,,
PubMed,IDEA,GAT,both,6,3,0.8882728558974509,0.8285714285714287,0.9298444441270263,0.8285714285714287,-0.3211629479377938,0.3211629479377938,0.3769287207737931,1.1409736308316432,1.140973630831632,0.8285714285714287,0.87615657377146,0.39999999999999997,1.0,3.0
PubMed,IDEA,GAT,r_point,3,3,0.9244734516419045,0.5,0.959010159577475,1.0,-0.321162947937792,0.321162947937792,0.3621414010417235,0.9634888438133871,0.760649087221088,0.5,,,,
PubMed,IDEA,GAT,gt_full,3,3,0.824884333334659,1.0,0.8865349318063384,0.5,-0.3211629479377957,0.3211629479377957,0.39115741938492454,0.8620689655172376,0.7860040567951199,1.0,,,,
PubMed,IDEA,GIN,both,6,3,0.9164857612479446,0.7714285714285715,0.9379885930222412,0.942857142857143,-0.4817444219066917,0.4817444219066917,0.5115172667807295,1.1409736308316432,0.9888438133874189,0.7714285714285715,0.9526123446369396,0.39999999999999997,0.7999999999999999,3.0
PubMed,IDEA,GIN,r_point,3,3,0.9942821588837906,1.0,0.9926257926801146,1.0,-0.36342123056118575,0.36342123056118575,0.38088757063027817,0.9634888438133871,0.7352941176470562,1.0,,,,
PubMed,IDEA,GIN,gt_full,3,3,0.9462070076717108,0.5,0.9643038823931273,1.0,-0.6000676132521976,0.6000676132521976,0.6149995829015015,0.8620689655172376,0.9888438133874189,0.5,,,,
PubMed,IDEA,SGC,both,6,3,0.6736944792514575,0.7247137945655605,0.7700752725655114,0.942857142857143,-0.8409398242055426,0.8409398242055426,0.925658975483252,1.1409736308316432,0.1774847870182672,0.8857142857142858,0.6347240065255683,0.39999999999999997,1.0,3.0
PubMed,IDEA,SGC,r_point,3,3,0.6628489803598048,0.8660254037844387,0.804095343784459,1.0,-0.7437457741717372,0.7437457741717372,0.8373540281609769,0.9634888438133871,0.10141987829614951,1.0,,,,
PubMed,IDEA,SGC,gt_full,3,3,0.6141323601064735,0.5,0.7117254027131851,1.0,-0.9381338742393478,0.9381338742393478,1.0062441598876455,0.8620689655172376,0.12677484787018134,0.5,,,,
PubMed,MEGU,GAT,both,6,3,0.9401504280297236,0.8285714285714287,0.9060053433624538,0.9856107606091623,0.059161595672753885,0.09296822177147039,0.10556115615954381,0.380324543610544,0.608519269776886,0.550782483869826,0.9560645072465674,0.39999999999999997,1.0,3.0
PubMed,MEGU,GAT,r_point,3,3,0.9935178447787006,1.0,0.9837827088491469,0.8660254037844387,0.01690331304935455,0.08451656524678756,0.09486960919812253,0.32961460446248037,0.5578093306288112,0.0,,,,
PubMed,MEGU,GAT,gt_full,3,3,0.9524095305253956,0.5,0.9220940346580067,1.0,0.10141987829615322,0.10141987829615322,0.11526522732409238,0.3549695740365122,0.40567951318458695,1.0,,,,
PubMed,MEGU,GIN,both,6,3,0.9723532461986111,1.0,0.9667006728052095,0.9856107606091623,-0.10141987829614767,0.10141987829614767,0.13496213169938714,0.380324543610544,0.6592292089249496,0.4285714285714286,0.9805509514834587,1.0,1.0,3.0
PubMed,MEGU,GIN,r_point,3,3,0.9813534923740548,1.0,0.992064532916444,0.8660254037844387,-0.13522650439486603,0.13522650439486603,0.1719657703632199,0.32961460446248037,0.583164300202843,-0.5,,,,
PubMed,MEGU,GIN,gt_full,3,3,0.9995220265798804,1.0,0.9800915679772931,1.0,-0.06761325219742931,0.06761325219742931,0.08280898386690763,0.3549695740365122,0.4563894523326617,1.0,,,,
PubMed,MEGU,SGC,both,6,3,0.9529748172874215,0.9276336570439174,0.9033436383025963,0.8986451052612952,-0.1352265043948623,0.1774847870182561,0.19585243790156467,0.380324543610544,0.7860040567951421,-0.2571428571428572,0.9598626414545817,0.7999999999999999,0.9486832980505139,3.0
PubMed,MEGU,SGC,r_point,3,3,0.9960533058748927,1.0,0.9449111825230703,0.8660254037844387,-0.10987153482082679,0.19438810006761434,0.21663295500298244,0.32961460446248037,0.7860040567951421,-1.0,,,,
PubMed,MEGU,SGC,gt_full,3,3,0.9912407071619299,0.8660254037844387,0.9442925884088736,1.0,-0.16058147396889785,0.16058147396889785,0.17258771007997148,0.3549695740365122,0.4563894523326617,0.5,,,,
