dataset,selector,source,comparison,seed_a,seed_b,jaccard,overlap_fraction
Cora,r_point,GCN,within_model,42,212,0.5815899581589958,0.7354497354497355
Cora,r_point,GCN,within_model,42,2024,0.42105263157894735,0.5925925925925926
Cora,r_point,GCN,within_model,212,2024,0.3263157894736842,0.49206349206349204
Cora,r_point,SGC,within_model,42,212,1.0,1.0
Cora,r_point,SGC,within_model,42,2024,1.0,1.0
Cora,r_point,SGC,within_model,212,2024,1.0,1.0
Cora,r_point,GAT,within_model,42,212,0.672566371681416,0.8042328042328042
Cora,r_point,GAT,within_model,42,2024,0.695067264573991,0.8201058201058201
Cora,r_point,GAT,within_model,212,2024,0.672566371681416,0.8042328042328042
Cora,r_point,GIN,within_model,42,212,0.5684647302904564,0.7248677248677249
Cora,r_point,GIN,within_model,42,2024,0.3263157894736842,0.49206349206349204
Cora,r_point,GIN,within_model,212,2024,0.2945205479452055,0.455026455026455
Cora,r_point,SGC,cross_model,42,42,0.0708215297450425,0.13227513227513227
Cora,r_point,SGC,cross_model,42,212,0.0708215297450425,0.13227513227513227
Cora,r_point,SGC,cross_model,42,2024,0.0708215297450425,0.13227513227513227
Cora,r_point,SGC,cross_model,212,42,0.03561643835616438,0.06878306878306878
Cora,r_point,SGC,cross_model,212,212,0.03561643835616438,0.06878306878306878
Cora,r_point,SGC,cross_model,212,2024,0.03561643835616438,0.06878306878306878
Cora,r_point,SGC,cross_model,2024,42,0.13855421686746988,0.24338624338624337
Cora,r_point,SGC,cross_model,2024,212,0.13855421686746988,0.24338624338624337
Cora,r_point,SGC,cross_model,2024,2024,0.13855421686746988,0.24338624338624337
Cora,r_point,GAT,cross_model,42,42,0.33098591549295775,0.4973544973544973
Cora,r_point,GAT,cross_model,42,212,0.24752475247524752,0.3968253968253968
Cora,r_point,GAT,cross_model,42,2024,0.2558139534883721,0.4074074074074074
Cora,r_point,GAT,cross_model,212,42,0.22727272727272727,0.37037037037037035
Cora,r_point,GAT,cross_model,212,212,0.17391304347826086,0.2962962962962963
Cora,r_point,GAT,cross_model,212,2024,0.16666666666666666,0.2857142857142857
Cora,r_point,GAT,cross_model,2024,42,0.5241935483870968,0.6878306878306878
Cora,r_point,GAT,cross_model,2024,212,0.5882352941176471,0.7407407407407407
Cora,r_point,GAT,cross_model,2024,2024,0.5059760956175299,0.671957671957672
Cora,r_point,GIN,cross_model,42,42,0.32167832167832167,0.48677248677248675
Cora,r_point,GIN,cross_model,42,212,0.28135593220338984,0.43915343915343913
Cora,r_point,GIN,cross_model,42,2024,0.4052044609665427,0.5767195767195767
Cora,r_point,GIN,cross_model,212,42,0.26421404682274247,0.41798941798941797
Cora,r_point,GIN,cross_model,212,212,0.22727272727272727,0.37037037037037035
Cora,r_point,GIN,cross_model,212,2024,0.44274809160305345,0.6137566137566137
Cora,r_point,GIN,cross_model,2024,42,0.4765625,0.6455026455026455
Cora,r_point,GIN,cross_model,2024,212,0.4765625,0.6455026455026455
Cora,r_point,GIN,cross_model,2024,2024,0.3263157894736842,0.49206349206349204
Cora,gt_full,GCN,within_model,42,212,0.5815899581589958,0.7354497354497355
Cora,gt_full,GCN,within_model,42,2024,0.512,0.6772486772486772
Cora,gt_full,GCN,within_model,212,2024,0.4157303370786517,0.5873015873015873
Cora,gt_full,SGC,within_model,42,212,1.0,1.0
Cora,gt_full,SGC,within_model,42,2024,1.0,1.0
Cora,gt_full,SGC,within_model,212,2024,1.0,1.0
Cora,gt_full,GAT,within_model,42,212,0.5180722891566265,0.6825396825396826
Cora,gt_full,GAT,within_model,42,2024,0.5180722891566265,0.6825396825396826
Cora,gt_full,GAT,within_model,212,2024,0.4765625,0.6455026455026455
Cora,gt_full,GIN,within_model,42,212,0.3597122302158273,0.5291005291005291
Cora,gt_full,GIN,within_model,42,2024,0.27702702702702703,0.43386243386243384
Cora,gt_full,GIN,within_model,212,2024,0.21543408360128619,0.3544973544973545
Cora,gt_full,SGC,cross_model,42,42,0.02997275204359673,0.0582010582010582
Cora,gt_full,SGC,cross_model,42,212,0.02997275204359673,0.0582010582010582
Cora,gt_full,SGC,cross_model,42,2024,0.02997275204359673,0.0582010582010582
Cora,gt_full,SGC,cross_model,212,42,0.02997275204359673,0.0582010582010582
Cora,gt_full,SGC,cross_model,212,212,0.02997275204359673,0.0582010582010582
Cora,gt_full,SGC,cross_model,212,2024,0.02997275204359673,0.0582010582010582
Cora,gt_full,SGC,cross_model,2024,42,0.03561643835616438,0.06878306878306878
Cora,gt_full,SGC,cross_model,2024,212,0.03561643835616438,0.06878306878306878
Cora,gt_full,SGC,cross_model,2024,2024,0.03561643835616438,0.06878306878306878
Cora,gt_full,GAT,cross_model,42,42,0.2558139534883721,0.4074074074074074
Cora,gt_full,GAT,cross_model,42,212,0.21153846153846154,0.3492063492063492
Cora,gt_full,GAT,cross_model,42,2024,0.20766773162939298,0.3439153439153439
Cora,gt_full,GAT,cross_model,212,42,0.18867924528301888,0.31746031746031744
Cora,gt_full,GAT,cross_model,212,212,0.18125,0.30687830687830686
Cora,gt_full,GAT,cross_model,212,2024,0.1524390243902439,0.26455026455026454
Cora,gt_full,GAT,cross_model,2024,42,0.3263157894736842,0.49206349206349204
Cora,gt_full,GAT,cross_model,2024,212,0.3263157894736842,0.49206349206349204
Cora,gt_full,GAT,cross_model,2024,2024,0.3079584775086505,0.4708994708994709
Cora,gt_full,GIN,cross_model,42,42,0.23934426229508196,0.3862433862433862
Cora,gt_full,GIN,cross_model,42,212,0.19242902208201892,0.32275132275132273
Cora,gt_full,GIN,cross_model,42,2024,0.3170731707317073,0.48148148148148145
Cora,gt_full,GIN,cross_model,212,42,0.20382165605095542,0.3386243386243386
Cora,gt_full,GIN,cross_model,212,212,0.16666666666666666,0.2857142857142857
Cora,gt_full,GIN,cross_model,212,2024,0.27702702702702703,0.43386243386243384
Cora,gt_full,GIN,cross_model,2024,42,0.2945205479452055,0.455026455026455
Cora,gt_full,GIN,cross_model,2024,212,0.23529411764705882,0.38095238095238093
Cora,gt_full,GIN,cross_model,2024,2024,0.2857142857142857,0.4444444444444444
CiteSeer,r_point,GCN,within_model,42,212,0.47770700636942676,0.646551724137931
CiteSeer,r_point,GCN,within_model,42,2024,0.34104046242774566,0.5086206896551724
CiteSeer,r_point,GCN,within_model,212,2024,0.27472527472527475,0.43103448275862066
CiteSeer,r_point,SGC,within_model,42,212,1.0,1.0
CiteSeer,r_point,SGC,within_model,42,2024,1.0,1.0
CiteSeer,r_point,SGC,within_model,212,2024,1.0,1.0
CiteSeer,r_point,GAT,within_model,42,212,0.5016181229773463,0.6681034482758621
CiteSeer,r_point,GAT,within_model,42,2024,0.5064935064935064,0.6724137931034483
CiteSeer,r_point,GAT,within_model,212,2024,0.5570469798657718,0.7155172413793104
CiteSeer,r_point,GIN,within_model,42,212,0.5415282392026578,0.7025862068965517
CiteSeer,r_point,GIN,within_model,42,2024,0.4409937888198758,0.6120689655172413
CiteSeer,r_point,GIN,within_model,212,2024,0.5163398692810458,0.6810344827586207
CiteSeer,r_point,SGC,cross_model,42,42,0.0593607305936073,0.11206896551724138
CiteSeer,r_point,SGC,cross_model,42,212,0.0593607305936073,0.11206896551724138
CiteSeer,r_point,SGC,cross_model,42,2024,0.0593607305936073,0.11206896551724138
CiteSeer,r_point,SGC,cross_model,212,42,0.0334075723830735,0.06465517241379311
CiteSeer,r_point,SGC,cross_model,212,212,0.0334075723830735,0.06465517241379311
CiteSeer,r_point,SGC,cross_model,212,2024,0.0334075723830735,0.06465517241379311
CiteSeer,r_point,SGC,cross_model,2024,42,0.028824833702882482,0.05603448275862069
CiteSeer,r_point,SGC,cross_model,2024,212,0.028824833702882482,0.05603448275862069
CiteSeer,r_point,SGC,cross_model,2024,2024,0.028824833702882482,0.05603448275862069
CiteSeer,r_point,GAT,cross_model,42,42,0.16290726817042606,0.2801724137931034
CiteSeer,r_point,GAT,cross_model,42,212,0.32571428571428573,0.49137931034482757
CiteSeer,r_point,GAT,cross_model,42,2024,0.34104046242774566,0.5086206896551724
CiteSeer,r_point,GAT,cross_model,212,42,0.38095238095238093,0.5517241379310345
CiteSeer,r_point,GAT,cross_model,212,212,0.511400651465798,0.6767241379310345
CiteSeer,r_point,GAT,cross_model,212,2024,0.521311475409836,0.6853448275862069
CiteSeer,r_point,GAT,cross_model,2024,42,0.23404255319148937,0.3793103448275862
CiteSeer,r_point,GAT,cross_model,2024,212,0.3107344632768362,0.47413793103448276
CiteSeer,r_point,GAT,cross_model,2024,2024,0.4146341463414634,0.5862068965517241
CiteSeer,r_point,GIN,cross_model,42,42,0.30704225352112674,0.4698275862068966
CiteSeer,r_point,GIN,cross_model,42,212,0.3333333333333333,0.5
CiteSeer,r_point,GIN,cross_model,42,2024,0.43653250773993807,0.6077586206896551
CiteSeer,r_point,GIN,cross_model,212,42,0.5064935064935064,0.6724137931034483
CiteSeer,r_point,GIN,cross_model,212,212,0.5163398692810458,0.6810344827586207
CiteSeer,r_point,GIN,cross_model,212,2024,0.4276923076923077,0.5991379310344828
CiteSeer,r_point,GIN,cross_model,2024,42,0.1717171717171717,0.29310344827586204
CiteSeer,r_point,GIN,cross_model,2024,212,0.2051948051948052,0.34051724137931033
CiteSeer,r_point,GIN,cross_model,2024,2024,0.22105263157894736,0.3620689655172414
CiteSeer,gt_full,GCN,within_model,42,212,0.39759036144578314,0.5689655172413793
CiteSeer,gt_full,GCN,within_model,42,2024,0.40606060606060607,0.5775862068965517
CiteSeer,gt_full,GCN,within_model,212,2024,0.27123287671232876,0.4267241379310345
CiteSeer,gt_full,SGC,within_model,42,212,0.9914163090128756,0.9956896551724138
CiteSeer,gt_full,SGC,within_model,42,2024,1.0,1.0
CiteSeer,gt_full,SGC,within_model,212,2024,0.9914163090128756,0.9956896551724138
CiteSeer,gt_full,GAT,within_model,42,212,0.4637223974763407,0.6336206896551724
CiteSeer,gt_full,GAT,within_model,42,2024,0.43209876543209874,0.603448275862069
CiteSeer,gt_full,GAT,within_model,212,2024,0.4637223974763407,0.6336206896551724
CiteSeer,gt_full,GIN,within_model,42,212,0.40606060606060607,0.5775862068965517
CiteSeer,gt_full,GIN,within_model,42,2024,0.30704225352112674,0.4698275862068966
CiteSeer,gt_full,GIN,within_model,212,2024,0.3687315634218289,0.5387931034482759
CiteSeer,gt_full,SGC,cross_model,42,42,0.03111111111111111,0.0603448275862069
CiteSeer,gt_full,SGC,cross_model,42,212,0.03111111111111111,0.0603448275862069
CiteSeer,gt_full,SGC,cross_model,42,2024,0.03111111111111111,0.0603448275862069
CiteSeer,gt_full,SGC,cross_model,212,42,0.017543859649122806,0.034482758620689655
CiteSeer,gt_full,SGC,cross_model,212,212,0.017543859649122806,0.034482758620689655
CiteSeer,gt_full,SGC,cross_model,212,2024,0.017543859649122806,0.034482758620689655
CiteSeer,gt_full,SGC,cross_model,2024,42,0.03111111111111111,0.0603448275862069
CiteSeer,gt_full,SGC,cross_model,2024,212,0.03111111111111111,0.0603448275862069
CiteSeer,gt_full,SGC,cross_model,2024,2024,0.03111111111111111,0.0603448275862069
CiteSeer,gt_full,GAT,cross_model,42,42,0.13725490196078433,0.2413793103448276
CiteSeer,gt_full,GAT,cross_model,42,212,0.24731182795698925,0.39655172413793105
CiteSeer,gt_full,GAT,cross_model,42,2024,0.2608695652173913,0.41379310344827586
CiteSeer,gt_full,GAT,cross_model,212,42,0.36070381231671556,0.5301724137931034
CiteSeer,gt_full,GAT,cross_model,212,212,0.39759036144578314,0.5689655172413793
CiteSeer,gt_full,GAT,cross_model,212,2024,0.38922155688622756,0.5603448275862069
CiteSeer,gt_full,GAT,cross_model,2024,42,0.17468354430379746,0.2974137931034483
CiteSeer,gt_full,GAT,cross_model,2024,212,0.22427440633245382,0.36637931034482757
CiteSeer,gt_full,GAT,cross_model,2024,2024,0.28888888888888886,0.4482758620689655
CiteSeer,gt_full,GIN,cross_model,42,42,0.1867007672634271,0.3146551724137931
CiteSeer,gt_full,GIN,cross_model,42,212,0.1958762886597938,0.3275862068965517
CiteSeer,gt_full,GIN,cross_model,42,2024,0.23076923076923078,0.375
CiteSeer,gt_full,GIN,cross_model,212,42,0.32951289398280803,0.4956896551724138
CiteSeer,gt_full,GIN,cross_model,212,212,0.30704225352112674,0.4698275862068966
CiteSeer,gt_full,GIN,cross_model,212,2024,0.23733333333333334,0.38362068965517243
CiteSeer,gt_full,GIN,cross_model,2024,42,0.1513647642679901,0.2629310344827586
CiteSeer,gt_full,GIN,cross_model,2024,212,0.1485148514851485,0.25862068965517243
CiteSeer,gt_full,GIN,cross_model,2024,2024,0.16876574307304787,0.28879310344827586
PubMed,r_point,GCN,within_model,42,212,0.18201284796573874,0.3079710144927536
PubMed,r_point,GCN,within_model,42,2024,0.1524008350730689,0.2644927536231884
PubMed,r_point,GCN,within_model,212,2024,0.8956043956043956,0.9449275362318841
PubMed,r_point,SGC,within_model,42,212,1.0,1.0
PubMed,r_point,SGC,within_model,42,2024,1.0,1.0
PubMed,r_point,SGC,within_model,212,2024,1.0,1.0
PubMed,r_point,GAT,within_model,42,212,0.0,0.0
PubMed,r_point,GAT,within_model,42,2024,0.0,0.0
PubMed,r_point,GAT,within_model,212,2024,0.39888494678155095,0.5702898550724638
PubMed,r_point,GIN,within_model,42,212,0.22448979591836735,0.36666666666666664
PubMed,r_point,GIN,within_model,42,2024,0.2837209302325581,0.4420289855072464
PubMed,r_point,GIN,within_model,212,2024,0.43227815256875973,0.6036231884057971
PubMed,r_point,SGC,cross_model,42,42,0.059094397544128936,0.11159420289855072
PubMed,r_point,SGC,cross_model,42,212,0.059094397544128936,0.11159420289855072
PubMed,r_point,SGC,cross_model,42,2024,0.059094397544128936,0.11159420289855072
PubMed,r_point,SGC,cross_model,212,42,0.02526002971768202,0.04927536231884058
PubMed,r_point,SGC,cross_model,212,212,0.02526002971768202,0.04927536231884058
PubMed,r_point,SGC,cross_model,212,2024,0.02526002971768202,0.04927536231884058
PubMed,r_point,SGC,cross_model,2024,42,0.019578869597340228,0.03840579710144928
PubMed,r_point,SGC,cross_model,2024,212,0.019578869597340228,0.03840579710144928
PubMed,r_point,SGC,cross_model,2024,2024,0.019578869597340228,0.03840579710144928
PubMed,r_point,GAT,cross_model,42,42,0.12883435582822086,0.22826086956521738
PubMed,r_point,GAT,cross_model,42,212,0.4003044140030441,0.5717391304347826
PubMed,r_point,GAT,cross_model,42,2024,0.1344019728729963,0.23695652173913043
PubMed,r_point,GAT,cross_model,212,42,0.0,0.0
PubMed,r_point,GAT,cross_model,212,212,0.43525741029641185,0.6065217391304348
PubMed,r_point,GAT,cross_model,212,2024,0.7314930991217063,0.8449275362318841
PubMed,r_point,GAT,cross_model,2024,42,0.0,0.0
PubMed,r_point,GAT,cross_model,2024,212,0.38972809667673713,0.5608695652173913
PubMed,r_point,GAT,cross_model,2024,2024,0.7435249526216046,0.8528985507246377
PubMed,r_point,GIN,cross_model,42,42,0.4503415659485024,0.6210144927536232
PubMed,r_point,GIN,cross_model,42,212,0.34110787172011664,0.508695652173913
PubMed,r_point,GIN,cross_model,42,2024,0.49512459371614304,0.6623188405797101
PubMed,r_point,GIN,cross_model,212,42,0.04426787741203178,0.08478260869565217
PubMed,r_point,GIN,cross_model,212,212,0.4241486068111455,0.5956521739130435
PubMed,r_point,GIN,cross_model,212,2024,0.2185430463576159,0.358695652173913
PubMed,r_point,GIN,cross_model,2024,42,0.030235162374020158,0.058695652173913045
PubMed,r_point,GIN,cross_model,2024,212,0.4017267648552565,0.5731884057971014
PubMed,r_point,GIN,cross_model,2024,2024,0.18556701030927836,0.3130434782608696
PubMed,gt_full,GCN,within_model,42,212,0.1353352529823118,0.23840579710144927
PubMed,gt_full,GCN,within_model,42,2024,0.12012987012987013,0.2144927536231884
PubMed,gt_full,GCN,within_model,212,2024,0.903448275862069,0.9492753623188406
PubMed,gt_full,SGC,within_model,42,212,1.0,1.0
PubMed,gt_full,SGC,within_model,42,2024,1.0,1.0
PubMed,gt_full,SGC,within_model,212,2024,1.0,1.0
PubMed,gt_full,GAT,within_model,42,212,0.013215859030837005,0.02608695652173913
PubMed,gt_full,GAT,within_model,42,2024,0.008771929824561403,0.017391304347826087
PubMed,gt_full,GAT,within_model,212,2024,0.4503415659485024,0.6210144927536232
PubMed,gt_full,GIN,within_model,42,212,0.12883435582822086,0.22826086956521738
PubMed,gt_full,GIN,within_model,42,2024,0.1504793664026678,0.26159420289855073
PubMed,gt_full,GIN,within_model,212,2024,0.2545454545454545,0.4057971014492754
PubMed,gt_full,SGC,cross_model,42,42,0.06153846153846154,0.11594202898550725
PubMed,gt_full,SGC,cross_model,42,212,0.06153846153846154,0.11594202898550725
PubMed,gt_full,SGC,cross_model,42,2024,0.06153846153846154,0.11594202898550725
PubMed,gt_full,SGC,cross_model,212,42,0.04624715693707354,0.08840579710144927
PubMed,gt_full,SGC,cross_model,212,212,0.04624715693707354,0.08840579710144927
PubMed,gt_full,SGC,cross_model,212,2024,0.04624715693707354,0.08840579710144927
PubMed,gt_full,SGC,cross_model,2024,42,0.045058689890193106,0.08623188405797101
PubMed,gt_full,SGC,cross_model,2024,212,0.045058689890193106,0.08623188405797101
PubMed,gt_full,SGC,cross_model,2024,2024,0.045058689890193106,0.08623188405797101
PubMed,gt_full,GAT,cross_model,42,42,0.1665257819103973,0.2855072463768116
PubMed,gt_full,GAT,cross_model,42,212,0.2897196261682243,0.4492753623188406
PubMed,gt_full,GAT,cross_model,42,2024,0.11380145278450363,0.20434782608695654
PubMed,gt_full,GAT,cross_model,212,42,0.009879253567508232,0.01956521739130435
PubMed,gt_full,GAT,cross_model,212,212,0.43600416233090533,0.6072463768115942
PubMed,gt_full,GAT,cross_model,212,2024,0.5935334872979214,0.744927536231884
PubMed,gt_full,GAT,cross_model,2024,42,0.008403361344537815,0.016666666666666666
PubMed,gt_full,GAT,cross_model,2024,212,0.4153846153846154,0.5869565217391305
PubMed,gt_full,GAT,cross_model,2024,2024,0.5862068965517241,0.7391304347826086
PubMed,gt_full,GIN,cross_model,42,42,0.2867132867132867,0.44565217391304346
PubMed,gt_full,GIN,cross_model,42,212,0.16701902748414377,0.286231884057971
PubMed,gt_full,GIN,cross_model,42,2024,0.2631578947368421,0.4166666666666667
PubMed,gt_full,GIN,cross_model,212,42,0.026785714285714284,0.05217391304347826
PubMed,gt_full,GIN,cross_model,212,212,0.26373626373626374,0.41739130434782606
PubMed,gt_full,GIN,cross_model,212,2024,0.1650485436893204,0.2833333333333333
PubMed,gt_full,GIN,cross_model,2024,42,0.02335928809788654,0.04565217391304348
PubMed,gt_full,GIN,cross_model,2024,212,0.2585499316005472,0.4108695652173913
PubMed,gt_full,GIN,cross_model,2024,2024,0.15481171548117154,0.26811594202898553
