dataset,method,selector,n,n_seeds,rho_jaccard_vs_absolute_drop_difference
CiteSeer,GIF,both,18,3,-0.22194303913845015
CiteSeer,GIF,r_point,9,3,-0.21849510977216466
CiteSeer,GIF,gt_full,9,3,-0.11112734830411189
CiteSeer,GNNDelete,both,18,3,0.45541367710936276
CiteSeer,GNNDelete,r_point,9,3,0.7004780622328693
CiteSeer,GNNDelete,gt_full,9,3,0.06868534446519091
CiteSeer,GraphEraser,both,18,3,-0.2365887806459662
CiteSeer,GraphEraser,r_point,9,3,-0.4518868007280905
CiteSeer,GraphEraser,gt_full,9,3,-0.41577535720514225
CiteSeer,GraphRevoker,both,18,3,-0.15252821937160843
CiteSeer,GraphRevoker,r_point,9,3,0.11815292615976108
CiteSeer,GraphRevoker,gt_full,9,3,-0.4557002590600451
CiteSeer,IDEA,both,18,3,-0.22194303913845015
CiteSeer,IDEA,r_point,9,3,-0.21849510977216466
CiteSeer,IDEA,gt_full,9,3,-0.11112734830411189
CiteSeer,MEGU,both,18,3,-0.3181312533737247
CiteSeer,MEGU,r_point,9,3,-0.20430156738209965
CiteSeer,MEGU,gt_full,9,3,-0.6455228104005493
Cora,GIF,both,18,3,-0.6076438605863389
Cora,GIF,r_point,9,3,-0.8036830424667041
Cora,GIF,gt_full,9,3,-0.17999777279565057
Cora,GNNDelete,both,18,3,0.1784983743334586
Cora,GNNDelete,r_point,9,3,0.5763539780776888
Cora,GNNDelete,gt_full,9,3,-0.17951340879894997
Cora,GraphEraser,both,18,3,-0.41506947152112267
Cora,GraphEraser,r_point,9,3,-0.108787563138244
Cora,GraphEraser,gt_full,9,3,-0.7469531210589512
Cora,GraphRevoker,both,18,3,-0.13088465279633654
Cora,GraphRevoker,r_point,9,3,-0.23431167445160245
Cora,GraphRevoker,gt_full,9,3,-0.21097234215742824
Cora,IDEA,both,18,3,-0.6076438605863389
Cora,IDEA,r_point,9,3,-0.8036830424667041
Cora,IDEA,gt_full,9,3,-0.17999777279565057
Cora,MEGU,both,18,3,0.17713356408907877
Cora,MEGU,r_point,9,3,-0.11180339887498948
Cora,MEGU,gt_full,9,3,0.3175536744149779
PubMed,GIF,both,18,3,-0.5214621042851454
PubMed,GIF,r_point,9,3,-0.5222329678670935
PubMed,GIF,gt_full,9,3,-0.5774109120414489
PubMed,GNNDelete,both,18,3,-0.7083119167978152
PubMed,GNNDelete,r_point,9,3,-0.6833333333333333
PubMed,GNNDelete,gt_full,9,3,-0.7029350233548074
PubMed,GraphEraser,both,18,3,-0.2614990222933471
PubMed,GraphEraser,r_point,9,3,-0.5333333333333333
PubMed,GraphEraser,gt_full,9,3,0.0
PubMed,GraphRevoker,both,18,3,-0.3649599079818557
PubMed,GraphRevoker,r_point,9,3,-0.12605487102240268
PubMed,GraphRevoker,gt_full,9,3,-0.5833333333333334
PubMed,IDEA,both,18,3,-0.5214621042851454
PubMed,IDEA,r_point,9,3,-0.5222329678670935
PubMed,IDEA,gt_full,9,3,-0.5774109120414489
PubMed,MEGU,both,18,3,-0.5705777734262313
PubMed,MEGU,r_point,9,3,-0.8036830424667041
PubMed,MEGU,gt_full,9,3,-0.48535989707831934
