dataset,seed,source,selector,jaccard
Cora,42,SGC,r_point,0.0708215297450425
Cora,42,SGC,gt_full,0.02997275204359673
Cora,42,GAT,r_point,0.33098591549295775
Cora,42,GAT,gt_full,0.2558139534883721
Cora,42,GIN,r_point,0.32167832167832167
Cora,42,GIN,gt_full,0.23934426229508196
Cora,212,SGC,r_point,0.03561643835616438
Cora,212,SGC,gt_full,0.02997275204359673
Cora,212,GAT,r_point,0.17391304347826086
Cora,212,GAT,gt_full,0.18125
Cora,212,GIN,r_point,0.22727272727272727
Cora,212,GIN,gt_full,0.16666666666666666
Cora,2024,SGC,r_point,0.13855421686746988
Cora,2024,SGC,gt_full,0.03561643835616438
Cora,2024,GAT,r_point,0.5059760956175299
Cora,2024,GAT,gt_full,0.3079584775086505
Cora,2024,GIN,r_point,0.3263157894736842
Cora,2024,GIN,gt_full,0.2857142857142857
CiteSeer,42,SGC,r_point,0.0593607305936073
CiteSeer,42,SGC,gt_full,0.03111111111111111
CiteSeer,42,GAT,r_point,0.16290726817042606
CiteSeer,42,GAT,gt_full,0.13725490196078433
CiteSeer,42,GIN,r_point,0.30704225352112674
CiteSeer,42,GIN,gt_full,0.1867007672634271
CiteSeer,212,SGC,r_point,0.0334075723830735
CiteSeer,212,SGC,gt_full,0.017543859649122806
CiteSeer,212,GAT,r_point,0.511400651465798
CiteSeer,212,GAT,gt_full,0.39759036144578314
CiteSeer,212,GIN,r_point,0.5163398692810458
CiteSeer,212,GIN,gt_full,0.30704225352112674
CiteSeer,2024,SGC,r_point,0.028824833702882482
CiteSeer,2024,SGC,gt_full,0.03111111111111111
CiteSeer,2024,GAT,r_point,0.4146341463414634
CiteSeer,2024,GAT,gt_full,0.28888888888888886
CiteSeer,2024,GIN,r_point,0.22105263157894736
CiteSeer,2024,GIN,gt_full,0.16876574307304787
PubMed,42,SGC,r_point,0.059094397544128936
PubMed,42,SGC,gt_full,0.06153846153846154
PubMed,42,GAT,r_point,0.12883435582822086
PubMed,42,GAT,gt_full,0.1665257819103973
PubMed,42,GIN,r_point,0.4503415659485024
PubMed,42,GIN,gt_full,0.2867132867132867
PubMed,212,SGC,r_point,0.02526002971768202
PubMed,212,SGC,gt_full,0.04624715693707354
PubMed,212,GAT,r_point,0.43525741029641185
PubMed,212,GAT,gt_full,0.43600416233090533
PubMed,212,GIN,r_point,0.4241486068111455
PubMed,212,GIN,gt_full,0.26373626373626374
PubMed,2024,SGC,r_point,0.019578869597340228
PubMed,2024,SGC,gt_full,0.045058689890193106
PubMed,2024,GAT,r_point,0.7435249526216046
PubMed,2024,GAT,gt_full,0.5862068965517241
PubMed,2024,GIN,r_point,0.18556701030927836
PubMed,2024,GIN,gt_full,0.15481171548117154
