dataset,method,source,selector,U_mean,U_std,U_min,U_max,G_mean,G_std,G_min,G_max,U_vs_direct_mean,U_vs_direct_std,U_vs_direct_min,U_vs_direct_max,G_vs_direct_mean,G_vs_direct_std,G_vs_direct_min,G_vs_direct_max,U_vs_random_mean,U_vs_random_std,U_vs_random_min,U_vs_random_max,G_vs_random_mean,G_vs_random_std,G_vs_random_min,G_vs_random_max,after_mean,after_std,after_min,after_max,flip_mean,flip_std,flip_min,flip_max
CiteSeer,GIF,GAT,gt_full,-0.8508508508508483,0.3125624623823005,-1.2012012012011963,-0.6006006006005982,0.5505505505505511,1.3624281870686914,-0.9009009009009028,1.8018018018018056,-0.45045045045044585,0.39725995661630015,-0.9009009009008917,-0.15015015015015232,0.7507507507507505,2.702702702702709,-1.951951951951958,3.453453453453459,-0.8341675008341647,0.40144175560613826,-1.251251251251247,-0.45045045045044585,0.03336670003336847,1.5461604596726952,-1.7517517517517511,0.9509509509509536,75.47547547547548,0.31256246238229984,75.22522522522522,75.82582582582582,5.955955955955955,0.37786959135489223,5.555555555555555,6.306306306306306
CiteSeer,GIF,GAT,r_point,-0.850850850850852,0.17337845921610634,-1.0510510510510551,-0.7507507507507505,0.15015015015014863,0.9133277072519816,-0.45045045045044585,1.2012012012011963,-0.45045045045045323,0.4504504504504514,-0.9009009009009028,0.0,0.25025025025024644,1.5114783654195634,-1.3513513513513487,1.6516516516516422,-0.8341675008341684,0.2519130609032652,-1.1011011011011058,-0.6006006006005982,-0.36703370036703403,0.7327391143142377,-1.151151151151153,0.30030030030029353,75.47547547547548,0.5273099976402713,74.92492492492492,75.97597597597597,8.158158158158157,1.0220509437768848,7.3573573573573565,9.30930930930931
CiteSeer,GIF,GCN,gt_full,-0.4004004004004025,0.6770645274508784,-1.051051051051044,0.30030030030029353,-0.20020020020019938,1.3624281870686914,-1.6516516516516533,1.0510510510510551,0.0,0.0,0.0,0.0,0.0,0.0,0.0,0.0,-0.38371705038371884,0.7823406131260116,-1.1011011011010947,0.45045045045044585,-0.717384050717382,1.58930254281429,-2.552552552552556,0.2002002002002068,75.02502502502502,0.17337845921610173,74.92492492492492,75.22522522522522,5.5555555555555545,0.6880744286720478,4.804804804804805,6.156156156156156
CiteSeer,GIF,GCN,r_point,-0.40040040040039876,0.48266520325290124,-0.7507507507507505,0.15015015015015232,-0.10010010010009784,1.0220509437768754,-0.9009009009008917,1.051051051051044,0.0,0.0,0.0,0.0,0.0,0.0,0.0,0.0,-0.38371705038371523,0.5971147870595045,-0.8008008008008013,0.30030030030030463,-0.6172839506172805,0.7791320940163866,-1.3513513513513487,0.2002002002001957,75.02502502502502,0.08668922960805599,74.92492492492492,75.07507507507508,7.407407407407407,0.37786959135489184,7.057057057057057,7.807807807807808
CiteSeer,GIF,GIN,gt_full,-0.350350350350348,0.22935814289068115,-0.6006006006005982,-0.15015015015015232,-0.25025025025025016,0.9050621281293818,-1.2012012012011963,0.6006006006005982,0.05005005005005447,0.625124924764601,-0.45045045045044585,0.7507507507507505,-0.050050050050050775,0.45871628578137197,-0.45045045045045695,0.45045045045045695,-0.3336670003336644,0.32564600093331797,-0.650650650650649,0.0,-0.7674341007674328,1.1655681331136833,-2.102102102102099,0.05005005005005078,74.97497497497498,0.4587162857813594,74.47447447447448,75.37537537537537,4.954954954954955,0.26006768882415565,4.654654654654655,5.105105105105105
CiteSeer,GIF,GIN,r_point,-0.050050050050050775,0.229358142890686,-0.30030030030030463,0.15015015015015232,0.20020020020019938,0.6068246072563561,-0.15015015015015232,0.9009009009008917,0.350350350350348,0.3778695913548927,0.0,0.7507507507507505,0.30030030030029725,0.4504504504504514,-0.15015015015015232,0.7507507507507505,-0.033366700033367176,0.3256460009333236,-0.3503503503503554,0.30030030030030463,-0.3169836503169833,0.6357210171257179,-1.0510510510510551,0.050050050050061884,74.67467467467468,0.45871628578136675,74.17417417417418,75.07507507507508,5.9559559559559565,1.277012094311619,4.654654654654655,7.207207207207207
CiteSeer,GIF,SGC,gt_full,-0.050050050050050775,0.08668922960805317,-0.15015015015015232,0.0,-0.15015015015015232,0.2600676888241499,-0.30030030030030463,0.15015015015014122,0.3503503503503517,0.7557391827097795,-0.45045045045044585,1.051051051051044,0.05005005005004707,1.1662843040771922,-0.9009009009009139,1.3513513513513598,-0.03336670003336718,0.028896409869351058,-0.050050050050050775,0.0,-0.667334000667335,0.5513083630916991,-1.2012012012011963,-0.10010010010010154,74.67467467467468,0.6251249247645974,74.17417417417418,75.37537537537537,4.304304304304304,0.37786959135489256,3.903903903903904,4.654654654654655
CiteSeer,GIF,SGC,r_point,3.700743415417189e-15,0.15015015015014677,-0.15015015015014122,0.15015015015015232,0.2502502502502539,0.22935814289068598,0.0,0.45045045045045695,0.4004004004004025,0.4826652032529036,-0.15015015015015232,0.7507507507507505,0.3503503503503517,0.826962544637542,-0.6006006006005871,0.9009009009008917,0.016683350016687287,0.1894864312912968,-0.200200200200192,0.15015015015015232,-0.2669336002669288,0.4167499498430688,-0.6006006006005982,0.2002002002002031,74.62462462462462,0.5201353776483062,74.32432432432432,75.22522522522522,4.0040040040040035,1.0862129336441797,3.303303303303303,5.255255255255255
CiteSeer,GNNDelete,GAT,gt_full,0.15015015015015232,0.45045045045044585,-0.30030030030029353,0.6006006006005982,1.5515515515515517,1.5771722979568301,0.0,3.1531531531531543,0.6006006006006018,0.15015015015014674,0.45045045045045695,0.7507507507507505,1.8018018018017983,2.8998810684426335,-1.3513513513513487,4.354354354354351,0.3336670003336694,0.9938852858596264,-0.7507507507507505,1.2012012012012039,1.2012012012012023,2.1764579484643582,-1.2512512512512546,2.9029029029029076,74.47447447447448,0.6006006006006004,73.87387387387388,75.07507507507508,9.40940940940941,0.5273099976402771,8.85885885885886,9.90990990990991
CiteSeer,GNNDelete,GAT,r_point,-0.45045045045044957,0.6544893308619686,-1.2012012012012074,0.0,0.5505505505505511,0.43344614804025305,0.30030030030030463,1.051051051051044,0.2002002002002031,0.8537898953569576,-0.7507507507507505,0.9009009009009028,0.9009009009009028,1.191779869848913,-0.45045045045044585,1.8018018018018056,-0.2669336002669325,0.5779281973870136,-0.6006006006006018,0.4004004004004025,0.20020020020020182,0.9972401824410051,-0.95095095095095,0.8008008008007976,75.07507507507508,0.6880744286720505,74.32432432432432,75.67567567567568,8.608608608608607,2.2589157350143667,6.006006006006006,10.06006006006006
CiteSeer,GNNDelete,GCN,gt_full,-0.45045045045044957,0.39725995661630437,-0.7507507507507505,0.0,-0.25025025025024644,1.3951311175942243,-1.2012012012011963,1.3513513513513487,0.0,0.0,0.0,0.0,0.0,0.0,0.0,0.0,-0.2669336002669325,0.9027527032678525,-1.2012012012012074,0.6006006006006056,-0.6006006006005957,0.786598280555635,-1.4514514514514427,0.10010010010009407,75.07507507507508,0.6880744286720397,74.47447447447448,75.82582582582582,10.610610610610612,3.3484942309665118,8.108108108108109,14.414414414414415
CiteSeer,GNNDelete,GCN,r_point,-0.6506506506506526,0.34675691843219986,-1.051051051051044,-0.45045045045045695,-0.3503503503503517,1.1269599849046745,-1.501501501501501,0.7507507507507505,0.0,0.0,0.0,0.0,0.0,0.0,0.0,0.0,-0.46713380046713554,0.9013642081574956,-1.501501501501501,0.15015015015014865,-0.700700700700701,0.3044425690839918,-1.0510510510510478,-0.5005005005005041,75.27527527527526,0.37786959135489157,74.92492492492492,75.67567567567568,9.95995995995996,2.2984909916326393,8.558558558558559,12.612612612612612
CiteSeer,GNNDelete,GIN,gt_full,-0.15015015015015232,0.39725995661630226,-0.45045045045045695,0.30030030030029353,-0.05005005005005447,0.5684592938739031,-0.45045045045045695,0.6006006006005982,0.30030030030029725,0.15015015015015787,0.15015015015014122,0.45045045045045695,0.200200200200192,0.8537898953569497,-0.7507507507507505,0.9009009009008917,0.03336670003336473,0.8289795294497719,-0.7507507507507505,0.9009009009008991,-0.40040040040040376,0.3503503503503504,-0.6506506506506564,-3.7192471324942744e-15,74.77477477477477,0.7945199132326048,74.17417417417418,75.67567567567568,9.80980980980981,0.8269625446375526,9.00900900900901,10.66066066066066
CiteSeer,GNNDelete,GIN,r_point,-0.4004004004004025,0.6770645274508833,-1.0510510510510551,0.30030030030029353,-0.15015015015015232,0.688074428672047,-0.9009009009009028,0.45045045045044585,0.25025025025025016,0.7406731024498849,-0.6006006006005982,0.7507507507507505,0.20020020020019938,1.1369185877478023,-0.6006006006005982,1.501501501501501,-0.21688355021688543,0.8259522051709398,-0.9009009009009028,0.700700700700696,-0.5005005005005015,0.8419721642272655,-1.1511511511511492,0.45045045045045323,75.02502502502502,0.45871628578135515,74.62462462462463,75.52552552552552,9.95995995995996,1.504001922053725,8.408408408408409,11.411411411411411
CiteSeer,GNNDelete,SGC,gt_full,-0.20020020020019938,0.37786959135489195,-0.6006006006005982,0.15015015015015232,-0.3003003003003009,0.2600676888241563,-0.45045045045045695,0.0,0.25025025025025016,0.4587162857813659,-0.15015015015015232,0.7507507507507505,-0.05005005005005447,1.518918008557909,-1.8018018018018056,0.9009009009008917,-0.016683350016682308,0.8971858298130677,-1.0510510510510551,0.5505505505505548,-0.6506506506506502,1.0769486882557624,-1.7017017017017115,0.45045045045045323,74.82482482482483,0.2293581428906834,74.62462462462463,75.07507507507508,8.70870870870871,0.5201353776483113,8.108108108108109,9.00900900900901
CiteSeer,GNNDelete,SGC,r_point,-0.7007007007006997,0.5273099976402738,-1.2012012012011963,-0.15015015015015232,-0.45045045045044957,0.2600676888241531,-0.6006006006005982,-0.15015015015015232,-0.05005005005004707,0.3125624623823023,-0.30030030030029353,0.30030030030030463,-0.10010010010009784,1.3624281870686854,-1.3513513513513487,1.3513513513513487,-0.5171838505171826,1.002667948035819,-1.6516516516516533,0.25025025025025016,-0.8008008008007987,1.0769486882557568,-1.8518518518518527,0.3003003003003009,75.32532532532532,0.0866892296080529,75.22522522522522,75.37537537537537,8.70870870870871,0.5201353776483113,8.108108108108109,9.00900900900901
CiteSeer,GraphEraser,GAT,gt_full,0.45045045045045695,0.688074428672047,-0.15015015015014122,1.2012012012012074,1.0510510510510513,1.5604061329449346,-0.7507507507507505,1.951951951951958,-0.050050050050050775,0.08668922960805317,-0.15015015015015232,0.0,1.1511511511511456,2.8855926537336503,-1.951951951951958,3.7537537537537524,-0.166833500166831,0.20227486908545203,-0.4004004004003951,-0.050050050050047146,0.7007007007007021,1.0839042956810683,-0.5505505505505511,1.3513513513513487,74.97497497497498,0.3125624623822961,74.62462462462463,75.22522522522522,17.36736736736737,1.0652550877774143,16.216216216216218,18.31831831831832
CiteSeer,GraphEraser,GAT,r_point,0.2002002002002068,0.8797995911535008,-0.45045045045044585,1.2012012012012074,0.4004004004004025,1.1467907144534129,-0.6006006006005982,1.6516516516516533,0.30030030030030463,0.5201353776483094,-0.30030030030029353,0.6006006006006093,1.0010010010010044,2.327730921768461,-1.6516516516516422,2.7027027027027084,-0.4170837504170812,0.37565332830156,-0.8008008008008012,-0.050050050050047146,0.050050050050053176,0.8239278094671836,-0.45045045045044585,1.0010010010010042,75.22522522522523,0.1501501501501501,75.07507507507508,75.37537537537537,16.616616616616614,0.7406731024498882,15.765765765765765,17.117117117117118
CiteSeer,GraphEraser,GCN,gt_full,0.5005005005005078,0.7705107266436766,-0.15015015015014122,1.3513513513513598,-0.10010010010009414,1.5410214532873519,-1.8018018018017945,1.2012012012012074,0.0,0.0,0.0,0.0,0.0,0.0,0.0,0.0,-0.11678345011678022,0.25683690888122457,-0.4004004004003951,0.10010010010010517,-0.4504504504504434,1.9313094476050772,-2.4524524524524436,1.401401401401407,74.92492492492492,0.2600676888241526,74.62462462462463,75.07507507507508,20.17017017017017,2.522939571797512,17.417417417417415,22.372372372372375
CiteSeer,GraphEraser,GCN,r_point,-0.10010010010009784,1.3951311175942267,-1.051051051051044,1.501501501501501,-0.6006006006006018,1.4788074777471565,-1.8018018018017945,1.051051051051044,0.0,0.0,0.0,0.0,0.0,0.0,0.0,0.0,-0.7173840507173859,0.861578333912267,-1.4014014014013993,0.2502502502502464,-0.9509509509509512,1.9390761389199642,-2.4024024024023927,1.2512512512512435,75.52552552552552,0.5413740653849832,74.92492492492492,75.97597597597597,18.31831831831832,2.416437978893557,15.765765765765765,20.57057057057057
CiteSeer,GraphEraser,GIN,gt_full,0.2002002002002068,1.1269599849046745,-0.9009009009008917,1.3513513513513598,-0.5005005005005003,1.2770120943116143,-1.9519519519519468,0.45045045045044585,-0.3003003003003009,0.39725995661630437,-0.7507507507507505,0.0,-0.4004004004004062,0.7095819258637547,-1.2012012012012074,0.15015015015014122,-0.4170837504170812,0.6532122772923539,-1.1511511511511456,0.10010010010010517,-0.8508508508508497,1.5271417720112423,-2.602602602602596,0.20020020020019938,75.22522522522523,0.5413740653849788,74.77477477477478,75.82582582582582,19.91991991991992,0.693513836864415,19.51951951951952,20.72072072072072
CiteSeer,GraphEraser,GIN,r_point,0.05005005005005447,0.8537898953569514,-0.9009009009008917,0.7507507507507505,-0.5005005005005003,0.7557391827097854,-1.2012012012011963,0.30030030030030463,0.15015015015015232,1.082748130769964,-0.7507507507507505,1.3513513513513487,0.10010010010010155,1.8893479567744604,-1.6516516516516533,2.102102102102099,-0.5672339005672334,0.5535755763442428,-1.1511511511511456,-0.050050050050050754,-0.8508508508508497,0.868335914559429,-1.8518518518518454,-0.30030030030029353,75.37537537537537,0.6544893308619555,74.62462462462463,75.82582582582582,19.46946946946947,0.853789895356955,18.76876876876877,20.42042042042042
CiteSeer,GraphEraser,SGC,gt_full,1.0510510510510551,0.2600676888241595,0.7507507507507505,1.2012012012012074,0.15015015015014863,0.9376873871469051,-0.9009009009009028,0.9009009009008917,0.5505505505505474,0.7557391827097847,-0.15015015015015232,1.3513513513513487,0.2502502502502428,2.1982173429427205,-2.1021021021021102,2.2522522522522515,0.43376710043376715,0.5013339740179087,-0.050050050050047146,0.9509509509509535,-0.20020020020020066,0.5005005005004984,-0.7007007007007034,0.30030030030029353,74.37437437437437,0.7705107266436727,73.72372372372372,75.22522522522522,19.01901901901902,1.3624281870686872,17.56756756756757,20.27027027027027
CiteSeer,GraphEraser,SGC,r_point,1.4014014014014033,0.8668922960805189,0.9009009009009028,2.4024024024024038,0.8508508508508483,0.3125624623823005,0.6006006006005982,1.2012012012011963,1.501501501501501,0.5413740653849803,0.9009009009009028,1.9519519519519468,1.4514514514514503,1.6607267290327292,-0.30030030030029353,3.003003003002991,0.7841174507841151,0.3217768021686008,0.5505505505505475,1.1511511511511492,0.5005005005004991,0.507952530785396,-0.05005005005005081,0.9509509509509498,74.02402402402403,0.0,74.02402402402403,74.02402402402403,19.31931931931932,0.4587162857813652,18.91891891891892,19.81981981981982
CiteSeer,GraphRevoker,GAT,gt_full,0.05005005005004707,0.6251249247646072,-0.45045045045045695,0.7507507507507505,3.2532532532532485,2.1724258672883545,0.7507507507507505,4.654654654654644,-0.2502502502502539,0.9769380027999597,-1.2012012012012074,0.7507507507507505,0.9509509509509426,1.834865143125459,-1.0510510510510551,2.5525525525525454,0.016683350016681125,0.057792819738703184,-0.05005005005005447,0.05005005005005081,0.8842175508842146,1.1601827594737208,-0.4504504504504532,1.6516516516516497,72.77277277277277,0.9050621281293874,71.92192192192192,73.72372372372372,20.37037037037037,1.8653298452036253,19.21921921921922,22.52252252252252
CiteSeer,GraphRevoker,GAT,r_point,-0.40040040040039876,0.37786959135489195,-0.7507507507507505,0.0,2.4024024024024038,1.963467992585888,0.15015015015015232,3.7537537537537524,-0.6006006006005982,0.2600676888241595,-0.7507507507507505,-0.30030030030029353,0.10010010010010155,1.9994979334772949,-2.102102102102099,1.8018018018018056,-0.4337671004337647,0.23652730862125296,-0.7007007007006997,-0.2502502502502465,0.03336670003336972,1.052638742365523,-1.0510510510510513,1.0510510510510511,73.22322322322321,1.1467907144534137,72.22222222222221,74.47447447447448,19.46946946946947,1.6055070002347782,18.46846846846847,21.32132132132132
CiteSeer,GraphRevoker,GCN,gt_full,0.3003003003003009,0.654489330861966,-0.15015015015015232,1.0510510510510551,2.302302302302306,0.8668922960805189,1.8018018018018056,3.3033033033033066,0.0,0.0,0.0,0.0,0.0,0.0,0.0,0.0,0.26693360026693497,0.9287397837648839,-0.7007007007006997,1.151151151151153,-0.06673340006672812,0.764527142968941,-0.9009009009008957,0.6006006006006019,72.52252252252252,1.6921062566943916,71.47147147147147,74.47447447447448,21.67167167167167,3.4447380996135646,17.71771771771772,24.024024024024023
CiteSeer,GraphRevoker,GCN,r_point,0.20020020020019938,0.48266520325290124,-0.15015015015015232,0.7507507507507505,2.302302302302302,0.3778695913548979,1.9519519519519468,2.7027027027027084,0.0,0.0,0.0,0.0,0.0,0.0,0.0,0.0,0.16683350016683343,0.29326653038450373,-0.05005005005005447,0.500500500500504,-0.06673340006673183,0.9760829146686704,-0.7507507507507545,1.0510510510510478,72.62262262262261,1.126959984904671,71.47147147147147,73.72372372372372,20.47047047047047,3.8613216260232064,16.066066066066064,23.273273273273272
CiteSeer,GraphRevoker,GIN,gt_full,0.0,0.688074428672047,-0.7507507507507505,0.6006006006005982,1.9019019019018997,0.9653304065058025,1.2012012012011963,3.003003003003002,-0.3003003003003009,0.7945199132326086,-0.9009009009009028,0.6006006006005982,-0.4004004004004062,0.17337845921610634,-0.6006006006006093,-0.30030030030030463,-0.03336670003336595,0.25683690888122396,-0.2502502502502465,0.25025025025025016,-0.4671338004671343,0.6435536043371987,-1.2012012012012003,-7.327471962526033e-15,72.82282282282283,0.9133277072519919,72.22222222222221,73.87387387387388,20.87087087087087,1.8018018018018012,19.06906906906907,22.67267267267267
CiteSeer,GraphRevoker,GIN,r_point,-0.45045045045044957,0.6880744286720458,-1.2012012012011963,0.15015015015015232,1.6016016016016026,1.759599182307008,0.30030030030029353,3.603603603603611,-0.650650650650649,0.6935138368644157,-1.0510510510510551,0.15015015015015232,-0.7007007007006997,1.4583385670003497,-1.951951951951958,0.9009009009009028,-0.4838171504838155,0.9837519511381793,-1.1011011011010985,0.6506506506506563,-0.7674341007674315,1.1071511526884985,-1.8018018018017985,0.400400400400414,73.27327327327328,1.7702441625452885,71.32132132132132,74.77477477477478,21.621621621621625,0.5201353776483113,21.32132132132132,22.22222222222222
CiteSeer,GraphRevoker,SGC,gt_full,0.45045045045045323,0.9846003790243216,-0.45045045045044585,1.501501501501501,2.1521521521521536,1.518918008557909,1.2012012012012074,3.9039039039039047,0.15015015015015232,1.5238575923561892,-1.501501501501501,1.501501501501501,-0.15015015015015232,0.6544893308619623,-0.6006006006005982,0.6006006006005982,0.4170837504170873,0.6646174269950658,-0.350350350350348,0.8008008008008086,-0.21688355021688044,1.1460623620684391,-1.5015015015014939,0.7007007007007076,72.37237237237237,1.0402707552966248,71.17117117117117,72.97297297297297,21.07107107107107,1.7913443611785058,19.06906906906907,22.52252252252252
CiteSeer,GraphRevoker,SGC,r_point,-0.25025025025025016,0.3778695913548927,-0.6006006006005982,0.15015015015015232,1.8018018018018018,1.5238575923561832,0.45045045045045695,3.453453453453448,-0.45045045045044957,0.15015015015014677,-0.6006006006005982,-0.30030030030030463,-0.5005005005005003,1.2770120943116097,-1.8018018018017945,0.7507507507507394,-0.2836169502836161,0.4197445987790817,-0.5505505505505474,0.20020020020019935,-0.5672339005672321,0.7429243936674107,-1.2012012012012003,0.2502502502502506,73.07307307307308,1.277012094311613,71.77177177177178,74.32432432432432,20.22022022022022,1.065255087777416,19.06906906906907,21.17117117117117
CiteSeer,IDEA,GAT,gt_full,-0.8508508508508483,0.3125624623823005,-1.2012012012011963,-0.6006006006005982,0.5505505505505511,1.3624281870686914,-0.9009009009009028,1.8018018018018056,-0.45045045045044585,0.39725995661630015,-0.9009009009008917,-0.15015015015015232,0.7507507507507505,2.702702702702709,-1.951951951951958,3.453453453453459,-0.8341675008341647,0.40144175560613826,-1.251251251251247,-0.45045045045044585,0.03336670003336847,1.5461604596726952,-1.7517517517517511,0.9509509509509536,75.47547547547548,0.31256246238229984,75.22522522522522,75.82582582582582,5.955955955955955,0.37786959135489223,5.555555555555555,6.306306306306306
CiteSeer,IDEA,GAT,r_point,-0.850850850850852,0.17337845921610634,-1.0510510510510551,-0.7507507507507505,0.15015015015014863,0.9133277072519816,-0.45045045045044585,1.2012012012011963,-0.45045045045045323,0.4504504504504514,-0.9009009009009028,0.0,0.25025025025024644,1.5114783654195634,-1.3513513513513487,1.6516516516516422,-0.8341675008341684,0.2519130609032652,-1.1011011011011058,-0.6006006006005982,-0.36703370036703403,0.7327391143142377,-1.151151151151153,0.30030030030029353,75.47547547547548,0.5273099976402713,74.92492492492492,75.97597597597597,8.158158158158157,1.0220509437768848,7.3573573573573565,9.30930930930931
CiteSeer,IDEA,GCN,gt_full,-0.4004004004004025,0.6770645274508784,-1.051051051051044,0.30030030030029353,-0.20020020020019938,1.3624281870686914,-1.6516516516516533,1.0510510510510551,0.0,0.0,0.0,0.0,0.0,0.0,0.0,0.0,-0.38371705038371884,0.7823406131260116,-1.1011011011010947,0.45045045045044585,-0.717384050717382,1.58930254281429,-2.552552552552556,0.2002002002002068,75.02502502502502,0.17337845921610173,74.92492492492492,75.22522522522522,5.5555555555555545,0.6880744286720478,4.804804804804805,6.156156156156156
CiteSeer,IDEA,GCN,r_point,-0.40040040040039876,0.48266520325290124,-0.7507507507507505,0.15015015015015232,-0.10010010010009784,1.0220509437768754,-0.9009009009008917,1.051051051051044,0.0,0.0,0.0,0.0,0.0,0.0,0.0,0.0,-0.38371705038371523,0.5971147870595045,-0.8008008008008013,0.30030030030030463,-0.6172839506172805,0.7791320940163866,-1.3513513513513487,0.2002002002001957,75.02502502502502,0.08668922960805599,74.92492492492492,75.07507507507508,7.407407407407407,0.37786959135489184,7.057057057057057,7.807807807807808
CiteSeer,IDEA,GIN,gt_full,-0.350350350350348,0.22935814289068115,-0.6006006006005982,-0.15015015015015232,-0.25025025025025016,0.9050621281293818,-1.2012012012011963,0.6006006006005982,0.05005005005005447,0.625124924764601,-0.45045045045044585,0.7507507507507505,-0.050050050050050775,0.45871628578137197,-0.45045045045045695,0.45045045045045695,-0.3336670003336644,0.32564600093331797,-0.650650650650649,0.0,-0.7674341007674328,1.1655681331136833,-2.102102102102099,0.05005005005005078,74.97497497497498,0.4587162857813594,74.47447447447448,75.37537537537537,4.954954954954955,0.26006768882415565,4.654654654654655,5.105105105105105
CiteSeer,IDEA,GIN,r_point,-0.050050050050050775,0.229358142890686,-0.30030030030030463,0.15015015015015232,0.20020020020019938,0.6068246072563561,-0.15015015015015232,0.9009009009008917,0.350350350350348,0.3778695913548927,0.0,0.7507507507507505,0.30030030030029725,0.4504504504504514,-0.15015015015015232,0.7507507507507505,-0.033366700033367176,0.3256460009333236,-0.3503503503503554,0.30030030030030463,-0.3169836503169833,0.6357210171257179,-1.0510510510510551,0.050050050050061884,74.67467467467468,0.45871628578136675,74.17417417417418,75.07507507507508,5.9559559559559565,1.277012094311619,4.654654654654655,7.207207207207207
CiteSeer,IDEA,SGC,gt_full,-0.050050050050050775,0.08668922960805317,-0.15015015015015232,0.0,-0.15015015015015232,0.2600676888241499,-0.30030030030030463,0.15015015015014122,0.3503503503503517,0.7557391827097795,-0.45045045045044585,1.051051051051044,0.05005005005004707,1.1662843040771922,-0.9009009009009139,1.3513513513513598,-0.03336670003336718,0.028896409869351058,-0.050050050050050775,0.0,-0.667334000667335,0.5513083630916991,-1.2012012012011963,-0.10010010010010154,74.67467467467468,0.6251249247645974,74.17417417417418,75.37537537537537,4.304304304304304,0.37786959135489256,3.903903903903904,4.654654654654655
CiteSeer,IDEA,SGC,r_point,3.700743415417189e-15,0.15015015015014677,-0.15015015015014122,0.15015015015015232,0.2502502502502539,0.22935814289068598,0.0,0.45045045045045695,0.4004004004004025,0.4826652032529036,-0.15015015015015232,0.7507507507507505,0.3503503503503517,0.826962544637542,-0.6006006006005871,0.9009009009008917,0.016683350016687287,0.1894864312912968,-0.200200200200192,0.15015015015015232,-0.2669336002669288,0.4167499498430688,-0.6006006006005982,0.2002002002002031,74.62462462462462,0.5201353776483062,74.32432432432432,75.22522522522522,4.0040040040040035,1.0862129336441797,3.303303303303303,5.255255255255255
CiteSeer,MEGU,GAT,gt_full,0.30030030030029725,1.5015015015014954,-1.2012012012011963,1.8018018018017945,1.7017017017016967,2.258915735014363,-0.9009009009009028,3.153153153153143,-0.5005005005005003,0.22935814289068115,-0.7507507507507505,-0.30030030030030463,0.700700700700696,2.687366117849607,-2.2522522522522515,3.003003003003002,-0.2168835502168842,0.33324965557954483,-0.5005005005004967,0.150150150150145,0.650650650650649,1.4323411432686852,-1.0010010010010006,1.5515515515515446,74.32432432432432,0.9846003790243206,73.42342342342343,75.37537537537537,7.307307307307307,1.345778744719595,6.456456456456457,8.85885885885886
CiteSeer,MEGU,GAT,r_point,0.25025025025025016,1.4191638517275074,-1.3513513513513487,1.3513513513513487,1.2512512512512508,1.982512744778615,-0.9009009009009028,3.003003003003002,-0.10010010010010155,0.6068246072563612,-0.7507507507507505,0.45045045045044585,0.6006006006005982,1.501501501501501,-0.9009009009009028,2.102102102102099,-0.2669336002669313,0.40144175560614054,-0.650650650650649,0.15015015015015598,0.20020020020020315,1.2828834452428741,-1.0010010010010006,1.5515515515515554,74.37437437437437,0.9997489667386483,73.72372372372372,75.52552552552552,8.85885885885886,0.5201353776483113,8.558558558558559,9.45945945945946
CiteSeer,MEGU,GCN,gt_full,0.8008008008007975,1.442796326866822,-0.7507507507507505,2.102102102102099,1.0010010010010006,1.022050943776886,-0.15015015015015232,1.8018018018018056,0.0,0.0,0.0,0.0,0.0,0.0,0.0,0.0,0.2836169502836161,0.2889640986935063,-0.05005005005005081,0.4504504504504496,-0.050050050050047,1.4427963268668231,-1.6016016016015988,1.2512512512512508,73.82382382382383,0.9653304065057974,73.12312312312312,74.92492492492492,8.258258258258259,1.3761488573440963,6.756756756756757,9.45945945945946
CiteSeer,MEGU,GCN,r_point,0.3503503503503517,1.982512744778609,-1.8018018018017945,2.102102102102099,0.6506506506506526,0.5684592938739031,0.0,1.0510510510510551,0.0,0.0,0.0,0.0,0.0,0.0,0.0,0.0,-0.16683350016682977,0.8229137440866523,-1.101101101101095,0.4504504504504496,-0.400400400400395,0.26006768882415304,-0.5505505505505437,-0.10010010010009784,74.27427427427428,1.5040019220537197,73.12312312312312,75.97597597597597,9.20920920920921,1.8893479567744618,7.207207207207207,10.96096096096096
CiteSeer,MEGU,GIN,gt_full,0.9509509509509498,1.2502498495292038,-0.45045045045044585,1.9519519519519468,1.0510510510510478,0.7945199132326087,0.45045045045044585,1.9519519519519468,0.15015015015015232,0.2600676888241595,-0.15015015015015232,0.30030030030030463,0.05005005005004707,0.905062128129387,-0.9009009009009028,0.9009009009009028,0.4337671004337684,0.2756541815458525,0.2502502502502538,0.7507507507507541,7.401486830834377e-17,0.6068246072563593,-0.700700700700696,0.3503503503503482,73.67367367367368,0.8269625446375558,73.12312312312312,74.62462462462463,6.406406406406407,1.3870276737288307,4.804804804804805,7.207207207207207
CiteSeer,MEGU,GIN,r_point,0.40040040040039876,1.8038860151091176,-1.3513513513513487,2.2522522522522515,0.650650650650649,1.2136492145127333,-0.45045045045045695,1.951951951951958,0.05005005005004707,0.45871628578136714,-0.45045045045045695,0.45045045045044585,-3.700743415417189e-15,0.7802030664724722,-0.45045045045045695,0.9009009009009028,-0.11678345011678266,0.645496900972743,-0.650650650650649,0.6006006006006019,-0.4004004004003987,0.6880744286720533,-1.0010010010010006,0.35035035035035933,74.22422422422422,1.277012094311618,72.97297297297297,75.52552552552552,7.157157157157157,0.3125624623823021,6.906906906906906,7.5075075075075075
CiteSeer,MEGU,SGC,gt_full,0.20020020020019938,1.2043252668184097,-1.051051051051044,1.3513513513513487,0.10010010010009784,1.0546199952805528,-0.9009009009009028,1.2012012012011963,-0.6006006006005982,0.2600676888241595,-0.7507507507507505,-0.30030030030029353,-0.9009009009009028,1.2290319477285954,-2.2522522522522515,0.15015015015015232,-0.31698365031698206,0.028896409869346815,-0.35035035035034434,-0.30030030030030086,-0.9509509509509497,0.5273099976402739,-1.4514514514514465,-0.40040040040040226,74.42442442442443,0.7095819258637455,73.87387387387388,75.22522522522522,6.806806806806807,0.9997489667386478,6.156156156156156,7.957957957957958
CiteSeer,MEGU,SGC,r_point,0.20020020020019938,1.2502498495292038,-1.2012012012011963,1.2012012012011963,0.45045045045044957,0.9376873871469033,-0.6006006006005982,1.2012012012011963,-0.15015015015015232,0.7507507507507505,-0.9009009009009028,0.6006006006005982,-0.2002002002002031,0.3778695913548868,-0.6006006006005982,0.15015015015014122,-0.31698365031698206,0.2756541815458525,-0.5005005005004967,3.6637359812630166e-15,-0.6006006006005981,0.17337845921610007,-0.700700700700696,-0.40040040040040226,74.42442442442443,0.8269625446375456,73.87387387387388,75.37537537537537,6.556556556556555,0.8269625446375526,5.7057057057057055,7.3573573573573565
Cora,GIF,GAT,gt_full,0.18450184501844769,0.5535055350553542,-0.3690036900369065,0.7380073800738018,-0.6150061500615034,0.5326109494369266,-0.9225092250922606,0.0,-0.3075030750307535,0.1065221898873898,-0.3690036900369065,-0.18450184501844769,-0.7995079950799547,0.8319648990448139,-1.6605166051660514,0.0,0.12300123001229597,0.4434872417544899,-0.3690036900369065,0.4920049200491975,-0.36900369003690275,0.6930767324467806,-0.7995079950799585,0.4305043050430483,89.91389913899138,0.7456553292116939,89.11439114391145,90.59040590405904,4.366543665436654,0.3840712176136776,4.059040590405904,4.797047970479705
Cora,GIF,GAT,r_point,0.0,0.18450184501844769,-0.18450184501844769,0.18450184501844769,-1.5375153751537531,0.92863892192752,-2.398523985239853,-0.5535055350553542,-0.18450184501845138,0.3195665696621566,-0.5535055350553542,0.0,-0.3690036900368991,0.48814599835139805,-0.7380073800738018,0.18450184501844769,-0.061500615006151706,0.32543066556760014,-0.43050430504305204,0.18450184501844769,-1.2915129151291522,1.0880569503661792,-2.275522755227551,-0.12300123001230584,90.09840098400984,0.10652218988738313,90.03690036900369,90.22140221402213,6.088560885608857,0.3690036900368999,5.719557195571956,6.4575645756457565
Cora,GIF,GCN,gt_full,0.4920049200492012,0.5636624471040439,0.0,1.1070110701107083,0.18450184501845138,0.48814599835140016,-0.18450184501844769,0.7380073800738018,0.0,0.0,0.0,0.0,0.0,0.0,0.0,0.0,0.4305043050430495,0.43050430504305204,0.0,0.861008610086104,0.430504305043052,0.4920049200491994,-0.06150061500614552,0.9225092250922532,89.60639606396064,0.7681424352273535,88.74538745387454,90.22140221402213,4.120541205412054,1.049121900936776,2.952029520295203,4.981549815498155
Cora,GIF,GCN,r_point,0.18450184501845138,0.3690036900369009,-0.18450184501844769,0.5535055350553542,-1.1685116851168538,0.4643194609637596,-1.6605166051660514,-0.7380073800738018,0.0,0.0,0.0,0.0,0.0,0.0,0.0,0.0,0.12300123001229968,0.5254614849518796,-0.43050430504305204,0.6150061500615034,-0.9225092250922532,0.6150061500614978,-1.5375153751537491,-0.3075030750307535,89.91389913899138,0.2130443797747724,89.66789667896678,90.03690036900369,6.396063960639606,0.8521775190990785,5.904059040590406,7.380073800738007
Cora,GIF,GIN,gt_full,0.12300123001230216,0.10652218988738658,0.0,0.1845018450184588,-0.7380073800738018,0.18450184501844769,-0.9225092250922495,-0.5535055350553542,-0.3690036900368991,0.5535055350553486,-0.9225092250922495,0.18450184501844769,-0.9225092250922532,0.5535055350553486,-1.4760147601476037,-0.3690036900369065,0.06150061500615046,0.12300123001229661,-0.06150061500614554,0.18450184501844769,-0.4920049200492012,0.06150061500614926,-0.5535055350553505,-0.430504305043052,89.97539975399754,0.2818312235520202,89.66789667896678,90.22140221402213,4.428044280442804,1.1070110701107005,3.3210332103321036,5.535055350553505
Cora,GIF,GIN,r_point,0.0,0.0,0.0,0.0,-0.9840098400984024,0.46431946096376037,-1.4760147601476037,-0.5535055350553542,-0.18450184501845138,0.3690036900369009,-0.5535055350553542,0.18450184501844769,0.18450184501845138,0.5535055350553486,-0.36900369003689537,0.7380073800738018,-0.0615006150061517,0.16271533278380218,-0.24600246002460432,0.06150061500614923,-0.7380073800738018,0.5866784756561754,-1.2915129151291522,-0.12300123001230584,90.09840098400984,0.21304437977476626,89.85239852398524,90.22140221402213,5.719557195571955,0.8042248973322278,4.797047970479705,6.273062730627306
Cora,GIF,SGC,gt_full,-0.3075030750307535,0.10652218988738978,-0.3690036900369065,-0.18450184501844769,-0.9840098400984024,0.4260887595495399,-1.4760147601476037,-0.7380073800738018,-0.7995079950799547,0.46431946096376037,-1.291512915129156,-0.3690036900369065,-1.1685116851168538,0.5326109494369233,-1.4760147601476037,-0.5535055350553542,-0.3690036900369053,0.0615006150061474,-0.43050430504305204,-0.30750307503075724,-0.7380073800738018,0.26807496577741186,-1.0455104551045553,-0.5535055350553505,90.4059040590406,0.3195665696621566,90.03690036900369,90.59040590405904,3.2595325953259535,0.7456553292116938,2.5830258302583027,4.059040590405904
Cora,GIF,SGC,r_point,-0.12300123001229846,0.10652218988738338,-0.18450184501844769,0.0,-1.906519065190652,0.42608875954954006,-2.398523985239853,-1.6605166051660514,-0.30750307503074986,0.4643194609637596,-0.7380073800738018,0.18450184501844769,-0.7380073800737982,0.18450184501845326,-0.9225092250922495,-0.5535055350553431,-0.18450184501845016,0.061500615006152934,-0.24600246002460432,-0.12300123001229846,-1.6605166051660512,0.5466294229591373,-2.275522755227551,-1.230012300123003,90.22140221402213,0.3195665696621463,89.85239852398524,90.40590405904058,4.920049200492005,1.3089665838740938,3.505535055350553,6.088560885608856
Cora,GNNDelete,GAT,gt_full,16.48216482164822,3.3227411215842797,14.206642066420672,20.295202952029523,15.682656826568268,3.685421467793019,12.54612546125462,19.74169741697417,-3.997539975399752,2.0572852009443676,-5.535055350553497,-1.6605166051660518,-4.489544895448954,2.40088822828328,-6.826568265682644,-2.029520295202957,4.981549815498158,2.8589518571142594,1.8450184501845026,7.44157441574416,4.489544895448959,2.4913442928080047,2.029520295202955,7.011070110701107,73.61623616236163,3.2009873750733333,69.92619926199262,75.64575645756457,24.784747847478474,3.3634708275216014,21.771217712177123,28.413284132841326
Cora,GNNDelete,GAT,r_point,6.457564575645754,2.9692761880869143,3.3210332103321027,9.225092250922506,4.920049200492001,3.4632000554246196,1.845018450184499,8.671586715867152,-5.535055350553509,1.7792713581167765,-7.564575645756456,-4.243542435424364,-5.719557195571956,2.267196628679797,-8.302583025830257,-4.059040590405905,-5.043050430504308,1.088056950366185,-6.0270602706027105,-3.8745387453874542,-6.273062730627307,2.2140221402214015,-8.48708487084871,-4.059040590405907,83.64083640836408,2.7757156448700533,80.99630996309963,86.53136531365314,14.944649446494465,2.9692761880869156,12.177121771217712,18.081180811808117
Cora,GNNDelete,GCN,gt_full,20.479704797047972,1.2782662786486185,19.74169741697417,21.955719557195575,20.17220172201722,1.3847884685360068,19.372693726937264,21.771217712177126,0.0,0.0,0.0,0.0,0.0,0.0,0.0,0.0,8.979089790897909,2.2780146589731998,6.642066420664209,11.193111931119308,8.979089790897914,2.306887986901723,6.642066420664216,11.25461254612546,69.61869618696187,1.1861809054111905,68.26568265682657,70.47970479704797,28.29028290282903,1.0810821544432287,27.490774907749078,29.520295202952028
Cora,GNNDelete,GCN,r_point,11.992619926199263,3.8392346949602896,7.564575645756467,14.391143911439109,10.639606396063957,3.46320005542462,6.6420664206642055,12.730627306273057,0.0,0.0,0.0,0.0,0.0,0.0,0.0,0.0,0.49200492004920093,1.3147329844054032,-0.9840098400983948,1.5375153751537454,-0.5535055350553512,0.8042248973322251,-1.4760147601475992,-1.7763568394002505e-15,78.10578105781057,3.6264509195093644,75.83025830258303,82.28782287822878,20.541205412054122,2.769576937072004,17.343173431734318,22.14022140221402
Cora,GNNDelete,GIN,gt_full,20.23370233702337,1.1273248942080802,19.003690036900366,21.217712177121772,19.372693726937268,1.209859506328783,18.081180811808117,20.479704797047972,-0.24600246002460105,0.8521775190990815,-0.7380073800738032,0.7380073800738032,-0.7995079950799552,0.8521775190990784,-1.2915129151291573,0.18450184501844547,8.733087330873309,3.0304268129778396,5.904059040590406,11.931119311193111,8.179581795817958,3.067025249641245,5.350553505535059,11.439114391143905,69.86469864698647,1.1861809054111867,69.00369003690037,71.21771217712177,26.691266912669125,1.590715517389613,25.276752767527675,28.413284132841326
Cora,GNNDelete,GIN,r_point,10.270602706027065,1.3847884685360057,8.856088560885611,11.62361623616237,9.286592865928663,0.9286389219275258,8.302583025830257,10.147601476014767,-1.7220172201721973,5.037046796911009,-5.166051660516601,4.059040590405903,-1.353013530135294,4.256891139156757,-4.4280442804427995,3.5055350553505615,-1.2300123001229963,3.8264059607139687,-4.243542435424349,3.0750307503075085,-1.9065190651906452,3.453356738343535,-4.428044280442801,2.0295202952029623,79.82779827798277,1.5691698428257168,78.22878228782287,81.36531365313652,18.019680196801968,0.46431946096375953,17.52767527675277,18.45018450184502
Cora,GNNDelete,SGC,gt_full,15.867158671586715,1.9438475558768906,14.022140221402212,17.89667896678967,15.190651906519065,2.0982438018735583,13.468634686346858,17.527675276752774,-4.6125461254612565,0.9586997089864628,-5.719557195571957,-4.059040590405905,-4.9815498154981555,0.8454936706560595,-5.904059040590406,-4.243542435424352,4.366543665436653,1.559498441956451,2.583025830258304,5.473554735547351,3.9975399753997576,1.8845699195626742,1.845018450184508,5.3505535055350535,74.23124231242313,1.7728825713898675,72.32472324723247,75.83025830258303,22.939729397293974,2.436076546167078,20.29520295202952,25.092250922509223
Cora,GNNDelete,SGC,r_point,9.717097170971714,1.2284738225976704,8.302583025830268,10.516605166051662,7.933579335793361,1.2098595063287774,6.642066420664216,9.040590405904059,-2.275522755227548,2.6244266043483195,-4.059040590405894,0.7380073800738014,-2.706027060270596,2.3723618108223783,-4.4280442804427995,1.0658141036401503e-14,-1.783517835178347,1.3318824002280287,-2.5830258302582987,-0.24600246002459336,-3.259532595325947,1.6119732376483644,-4.612546125461252,-1.4760147601475886,80.38130381303812,1.0161569275435618,79.70479704797047,81.54981549815497,16.974169741697416,1.6084497946644538,15.129151291512915,18.081180811808117
Cora,GraphEraser,GAT,gt_full,0.4305043050430483,0.6985127116605535,-0.3690036900369065,0.9225092250922495,3.8130381303812997,0.46431946096375953,3.3210332103321027,4.243542435424352,-0.1845018450184551,0.3195665696621566,-0.3690036900369065,0.18450184501844769,-0.6765067650676563,0.852177519099073,-1.660516605166051,-0.1845018450184588,-0.41000410004100224,0.3387189758478529,-0.7380073800738018,-0.06150061500615289,-0.9020090200902012,0.6576061882880425,-1.6605166051660483,-0.49200492004920493,85.48585485854859,0.5326109494369269,84.87084870848709,85.79335793357934,13.407134071340714,0.7456553292116931,12.730627306273062,14.206642066420663
Cora,GraphEraser,GAT,r_point,0.49200492004920493,0.6479491852922987,-0.18450184501844769,1.1070110701107083,3.136531365313655,0.9586997089864601,2.029520295202958,3.690036900369009,-0.3690036900368991,1.3304617252634636,-1.845018450184499,0.7380073800738018,-0.5535055350553469,0.6652308626317358,-1.1070110701106977,0.1845018450184588,-0.34850348503484563,0.5302385057965405,-0.9225092250922495,0.1230012300123059,-1.5785157851578464,0.6633329105110013,-2.337023370233693,-1.1070110701107048,85.42435424354244,0.6652308626317321,84.68634686346863,85.97785977859779,14.268142681426815,0.8319648990448144,13.468634686346864,15.129151291512915
Cora,GraphEraser,GCN,gt_full,0.6150061500615034,0.5636624471040426,0.0,1.1070110701107083,4.489544895448957,0.4643194609637595,4.059040590405905,4.981549815498154,0.0,0.0,0.0,0.0,0.0,0.0,0.0,0.0,-0.22550225502254717,0.15477315365458702,-0.36900369003689537,-0.06150061500614553,-0.22550225502254495,0.19769681756852872,-0.3690036900368918,2.6645352591003757e-15,85.30135301353015,0.7456553292117034,84.50184501845018,85.97785977859779,12.915129151291515,0.7380073800738014,12.177121771217712,13.653136531365314
Cora,GraphEraser,GCN,r_point,0.861008610086104,1.6741276247006398,-0.9225092250922495,2.398523985239853,3.690036900369002,1.027262797570107,2.7675276752767597,4.797047970479696,0.0,0.0,0.0,0.0,0.0,0.0,0.0,0.0,0.020500205002053445,0.9573837170016871,-0.9840098400983951,0.9225092250922495,-1.0250102501024996,0.8898128091107222,-1.599015990159891,-7.105427357601002e-15,85.05535055350553,0.8042248973322241,84.13284132841329,85.60885608856088,12.607626076260763,1.5362848704547114,10.885608856088561,13.837638376383765
Cora,GraphEraser,GIN,gt_full,0.861008610086104,1.7535765595797397,-0.9225092250922495,2.583025830258312,4.1820418204182035,1.0161569275435665,3.5055350553505504,5.350553505535061,0.2460024600246006,1.2004441141416446,-0.9225092250922495,1.4760147601476037,-0.3075030750307535,1.2004441141416444,-1.4760147601476032,0.9225092250922495,0.02050020500205348,1.0479194685635154,-0.9840098400983951,1.1070110701107083,-0.5330053300532985,1.0223417498804204,-1.4760147601476006,0.5535055350553577,85.05535055350553,0.9762919967028062,83.94833948339483,85.79335793357934,13.284132841328415,0.553505535055351,12.730627306273062,13.837638376383765
Cora,GraphEraser,GIN,r_point,0.9840098400983988,1.0491219009367727,-0.18450184501844769,1.845018450184499,4.182041820418199,1.1273248942080805,2.9520295202951963,5.166051660516602,0.12300123001229475,2.4569476451953425,-2.583025830258301,2.2140221402213944,0.4920049200491972,2.023921607860307,-1.8450184501844995,1.6605166051660514,0.14350143501434823,1.5731820453423249,-1.6605166051660514,1.2300123001229994,-0.5330053300533023,1.1378998840818326,-1.8450184501845066,0.1845018450184508,84.93234932349323,1.7535765595797301,83.21033210332104,86.71586715867159,13.960639606396063,1.3089665838740945,12.546125461254611,15.129151291512915
Cora,GraphEraser,SGC,gt_full,2.460024600246006,0.9286389219275206,1.4760147601476037,3.3210332103321027,5.965559655596561,0.6985127116605471,5.166051660516613,6.457564575645758,1.8450184501845026,0.6391331393243068,1.4760147601476037,2.583025830258301,1.476014760147604,0.8454936706560583,0.7380073800738023,2.398523985239853,1.6195161951619557,0.640118696022791,1.1070110701107083,2.3370233702337004,1.250512505125059,0.8617404492408219,0.36900369003691047,2.0910209102091075,83.45633456334564,0.46431946096376414,83.02583025830258,83.94833948339483,15.744157441574416,0.5930904527055932,15.313653136531366,16.420664206642066
Cora,GraphEraser,SGC,r_point,1.8450184501845026,0.6652308626317357,1.1070110701106972,2.398523985239853,4.243542435424352,0.5535055350553542,3.690036900368998,4.797047970479706,0.9840098400983988,1.2284738225976681,-0.36900369003689537,2.0295202952029467,0.5535055350553503,0.9762919967027963,-0.5535055350553435,1.291512915129156,1.0045100451004523,0.4319661235281955,0.5535055350553542,1.414514145141451,-0.47150471504714925,0.25604747840912234,-0.6765067650676526,-0.18450184501844458,84.07134071340714,0.5930904527055968,83.39483394833948,84.50184501845018,15.744157441574416,0.9286389219275227,14.760147601476014,16.605166051660518
Cora,GraphRevoker,GAT,gt_full,-1.3530135301353017,4.982688585616018,-6.27306273062731,3.690036900369009,16.051660516605168,2.9692761880869205,12.730627306273057,18.450184501845023,-6.088560885608854,5.1163928501335905,-11.992619926199254,-2.952029520295207,-6.580565805658057,4.535644297046072,-11.808118081180808,-3.6900369003690088,-3.772037720377204,3.2960734262018816,-7.564575645756459,-1.5990159901599017,-4.264042640426404,2.7013639048838263,-7.380073800738007,-2.583025830258306,73.24723247232471,3.601332342424942,69.74169741697416,76.93726937269373,26.322263222632227,4.573016345638698,21.40221402214022,30.44280442804428
Cora,GraphRevoker,GAT,r_point,-2.3370233702337004,4.052045857325746,-7.011070110701112,0.1845018450184588,14.329643296432968,2.057285200944368,11.992619926199266,15.867158671586711,-8.056580565805653,9.568041071141161,-19.003690036900366,-1.291512915129145,-8.2410824108241,8.791146678759842,-18.265682656826566,-1.8450184501844884,-4.756047560475603,3.7330079635028373,-8.30258302583026,-0.8610086100860966,-5.986059860598604,2.5869276841898152,-8.487084870848715,-3.3210332103320965,74.23124231242313,1.255878096965683,73.24723247232473,75.64575645756457,25.953259532595325,2.518523398455507,23.247232472324722,28.228782287822877
Cora,GraphRevoker,GCN,gt_full,4.735547355473553,2.5454123107718205,1.845018450184499,6.642066420664216,22.63222632226322,6.181041283764938,16.420664206642066,28.782287822878228,0.0,0.0,0.0,0.0,0.0,0.0,0.0,0.0,2.3165231652316502,1.830956388800862,1.16851168511685,4.428044280442796,2.3165231652316525,1.8350832679405156,1.107011070110703,4.428044280442801,67.15867158671587,6.281197243745095,61.07011070110702,73.61623616236163,31.242312423124233,6.555227049136913,24.538745387453876,37.63837638376384
Cora,GraphRevoker,GCN,r_point,5.719557195571952,5.544272768013546,1.4760147601476037,11.992619926199255,22.57072570725707,10.014785527336747,16.605166051660515,34.13284132841328,0.0,0.0,0.0,0.0,0.0,0.0,0.0,0.0,3.300533005330049,7.261327721727822,-3.8130381303813072,10.701107011070107,2.255022550225497,7.091085806484783,-4.305043050430513,9.778597785977851,66.17466174661747,9.853734401835869,54.79704797047971,71.95571955719558,32.34932349323493,9.084413204660652,26.383763837638373,42.80442804428044
Cora,GraphRevoker,GIN,gt_full,1.906519065190652,2.5454123107718187,0.0,4.797047970479706,19.24969249692497,4.791130800384337,14.022140221402212,23.431734317343178,-2.8290282902829014,1.70435503819815,-4.797047970479695,-1.845018450184499,-3.382533825338255,1.7043550381981512,-5.35055350553505,-2.398523985239853,-0.5125051250512508,0.15477315365458627,-0.676506765067649,-0.36900369003689915,-1.0660106601066026,0.19769681756852983,-1.2915129151291502,-0.9225092250922486,69.98769987699878,4.938081959691474,65.86715867158671,75.46125461254613,28.105781057810578,5.173733525965097,22.14022140221402,31.365313653136536
Cora,GraphRevoker,GIN,r_point,1.8450184501845024,8.73027170798597,-5.166051660516613,11.62361623616237,19.06519065190652,6.926400110849246,12.915129151291517,26.568265682656833,-3.8745387453874494,13.668087953839217,-17.15867158671587,10.147601476014767,-3.505535055350547,13.008361429573675,-16.420664206642066,9.594095940959424,-0.5740057400574005,6.457369332646557,-6.457564575645762,6.334563345633459,-1.2505125051250499,6.047838438098187,-6.642066420664214,5.289052890528911,70.04920049200491,7.47251453754936,61.80811808118081,76.38376383763837,28.659286592865925,5.367492379743814,23.062730627306273,33.76383763837638
Cora,GraphRevoker,SGC,gt_full,0.49200492004919755,2.769576937072007,-2.2140221402214055,3.3210332103321027,18.019680196801968,2.8602745274867134,14.760147601476014,20.110701107011074,-4.243542435424356,3.3261543131586553,-7.93357933579335,-1.4760147601476037,-4.612546125461255,3.634264871511474,-8.671586715867154,-1.6605166051660518,-1.9270192701927054,1.599410176284503,-3.5055350553505544,-0.3075030750307536,-2.2960229602296027,1.8535405207077817,-4.243542435424352,-0.5535055350553488,71.40221402214023,3.2432464633296867,69.00369003690037,75.09225092250922,27.060270602706026,4.009821233137279,22.509225092250922,30.073800738007378
Cora,GraphRevoker,SGC,r_point,-0.5535055350553505,2.0545255951402357,-2.7675276752767597,1.291512915129156,15.867158671586717,3.4170219884598017,12.361623616236162,19.188191881918815,-6.273062730627303,7.578063755687402,-14.760147601476016,-0.18450184501844769,-6.703567035670351,7.327611812352516,-14.944649446494463,-0.922509225092238,-2.972529725297253,1.828889457129233,-4.059040590405909,-0.8610086100860966,-4.448544485444854,1.2963847276557934,-5.227552275522751,-2.9520295202952003,72.44772447724478,3.0559060882668785,69.55719557195572,75.64575645756457,27.244772447724475,3.6076283827951956,23.800738007380073,30.996309963099634
Cora,IDEA,GAT,gt_full,0.18450184501844769,0.5535055350553542,-0.3690036900369065,0.7380073800738018,-0.6150061500615034,0.5326109494369266,-0.9225092250922606,0.0,-0.3075030750307535,0.1065221898873898,-0.3690036900369065,-0.18450184501844769,-0.7995079950799547,0.8319648990448139,-1.6605166051660514,0.0,0.12300123001229597,0.4434872417544899,-0.3690036900369065,0.4920049200491975,-0.36900369003690275,0.6930767324467806,-0.7995079950799585,0.4305043050430483,89.91389913899138,0.7456553292116939,89.11439114391145,90.59040590405904,4.366543665436654,0.3840712176136776,4.059040590405904,4.797047970479705
Cora,IDEA,GAT,r_point,0.0,0.18450184501844769,-0.18450184501844769,0.18450184501844769,-1.5375153751537531,0.92863892192752,-2.398523985239853,-0.5535055350553542,-0.18450184501845138,0.3195665696621566,-0.5535055350553542,0.0,-0.3690036900368991,0.48814599835139805,-0.7380073800738018,0.18450184501844769,-0.061500615006151706,0.32543066556760014,-0.43050430504305204,0.18450184501844769,-1.2915129151291522,1.0880569503661792,-2.275522755227551,-0.12300123001230584,90.09840098400984,0.10652218988738313,90.03690036900369,90.22140221402213,6.088560885608857,0.3690036900368999,5.719557195571956,6.4575645756457565
Cora,IDEA,GCN,gt_full,0.4920049200492012,0.5636624471040439,0.0,1.1070110701107083,0.18450184501845138,0.48814599835140016,-0.18450184501844769,0.7380073800738018,0.0,0.0,0.0,0.0,0.0,0.0,0.0,0.0,0.4305043050430495,0.43050430504305204,0.0,0.861008610086104,0.430504305043052,0.4920049200491994,-0.06150061500614552,0.9225092250922532,89.60639606396064,0.7681424352273535,88.74538745387454,90.22140221402213,4.120541205412054,1.049121900936776,2.952029520295203,4.981549815498155
Cora,IDEA,GCN,r_point,0.18450184501845138,0.3690036900369009,-0.18450184501844769,0.5535055350553542,-1.1685116851168538,0.4643194609637596,-1.6605166051660514,-0.7380073800738018,0.0,0.0,0.0,0.0,0.0,0.0,0.0,0.0,0.12300123001229968,0.5254614849518796,-0.43050430504305204,0.6150061500615034,-0.9225092250922532,0.6150061500614978,-1.5375153751537491,-0.3075030750307535,89.91389913899138,0.2130443797747724,89.66789667896678,90.03690036900369,6.396063960639606,0.8521775190990785,5.904059040590406,7.380073800738007
Cora,IDEA,GIN,gt_full,0.12300123001230216,0.10652218988738658,0.0,0.1845018450184588,-0.7380073800738018,0.18450184501844769,-0.9225092250922495,-0.5535055350553542,-0.3690036900368991,0.5535055350553486,-0.9225092250922495,0.18450184501844769,-0.9225092250922532,0.5535055350553486,-1.4760147601476037,-0.3690036900369065,0.06150061500615046,0.12300123001229661,-0.06150061500614554,0.18450184501844769,-0.4920049200492012,0.06150061500614926,-0.5535055350553505,-0.430504305043052,89.97539975399754,0.2818312235520202,89.66789667896678,90.22140221402213,4.428044280442804,1.1070110701107005,3.3210332103321036,5.535055350553505
Cora,IDEA,GIN,r_point,0.0,0.0,0.0,0.0,-0.9840098400984024,0.46431946096376037,-1.4760147601476037,-0.5535055350553542,-0.18450184501845138,0.3690036900369009,-0.5535055350553542,0.18450184501844769,0.18450184501845138,0.5535055350553486,-0.36900369003689537,0.7380073800738018,-0.0615006150061517,0.16271533278380218,-0.24600246002460432,0.06150061500614923,-0.7380073800738018,0.5866784756561754,-1.2915129151291522,-0.12300123001230584,90.09840098400984,0.21304437977476626,89.85239852398524,90.22140221402213,5.719557195571955,0.8042248973322278,4.797047970479705,6.273062730627306
Cora,IDEA,SGC,gt_full,-0.3075030750307535,0.10652218988738978,-0.3690036900369065,-0.18450184501844769,-0.9840098400984024,0.4260887595495399,-1.4760147601476037,-0.7380073800738018,-0.7995079950799547,0.46431946096376037,-1.291512915129156,-0.3690036900369065,-1.1685116851168538,0.5326109494369233,-1.4760147601476037,-0.5535055350553542,-0.3690036900369053,0.0615006150061474,-0.43050430504305204,-0.30750307503075724,-0.7380073800738018,0.26807496577741186,-1.0455104551045553,-0.5535055350553505,90.4059040590406,0.3195665696621566,90.03690036900369,90.59040590405904,3.2595325953259535,0.7456553292116938,2.5830258302583027,4.059040590405904
Cora,IDEA,SGC,r_point,-0.12300123001229846,0.10652218988738338,-0.18450184501844769,0.0,-1.906519065190652,0.42608875954954006,-2.398523985239853,-1.6605166051660514,-0.30750307503074986,0.4643194609637596,-0.7380073800738018,0.18450184501844769,-0.7380073800737982,0.18450184501845326,-0.9225092250922495,-0.5535055350553431,-0.18450184501845016,0.061500615006152934,-0.24600246002460432,-0.12300123001229846,-1.6605166051660512,0.5466294229591373,-2.275522755227551,-1.230012300123003,90.22140221402213,0.3195665696621463,89.85239852398524,90.40590405904058,4.920049200492005,1.3089665838740938,3.505535055350553,6.088560885608856
Cora,MEGU,GAT,gt_full,0.4920049200492012,0.593090452705592,-0.18450184501844769,0.9225092250922495,-0.30750307503074986,0.9101259893572415,-0.9225092250922495,0.7380073800738018,-0.12300123001230216,0.10652218988738658,-0.1845018450184588,0.0,-0.6150061500615034,0.8319648990448142,-1.4760147601476037,0.18450184501844769,-0.18450184501845135,0.16271533278379727,-0.30750307503074614,-3.6637359812630166e-15,-0.6765067650676503,0.5866784756561757,-1.2300123001229994,-0.06150061500615289,89.60639606396064,0.6985127116605458,89.11439114391145,90.40590405904058,5.227552275522755,0.2818312235520196,4.981549815498155,5.535055350553505
Cora,MEGU,GAT,r_point,0.5535055350553505,0.1845018450184532,0.36900369003689537,0.7380073800738018,-0.9840098400984024,1.1273248942080802,-2.2140221402214055,0.0,0.18450184501844769,0.31956656966215014,-0.18450184501844769,0.36900369003689537,0.0,0.4881459983514044,-0.3690036900369065,0.5535055350553542,-0.12300123001230212,0.4434872417544858,-0.6150061500614996,0.24600246002459691,-1.3530135301353028,0.7557322095599311,-2.214022140221402,-0.7995079950799547,89.54489544895449,0.38407121761367063,89.11439114391145,89.85239852398524,5.965559655596556,0.7456553292116941,5.166051660516605,6.642066420664207
Cora,MEGU,GCN,gt_full,0.6150061500615034,0.5326109494369266,0.0,0.9225092250922606,0.3075030750307535,0.42608875954953995,-0.18450184501844769,0.5535055350553542,0.0,0.0,0.0,0.0,0.0,0.0,0.0,0.0,-0.061500615006149194,0.22174362087724828,-0.24600246002460424,0.18450184501845512,-0.06150061500614676,0.26807496577741025,-0.24600246002460058,0.2460024600246043,89.48339483394834,0.6652308626317252,88.92988929889299,90.22140221402213,5.596555965559655,0.6479491852922965,4.981549815498155,6.273062730627306
Cora,MEGU,GCN,r_point,0.36900369003690275,0.3690036900369009,0.0,0.7380073800738018,-0.9840098400984024,0.7456553292116901,-1.845018450184499,-0.5535055350553542,0.0,0.0,0.0,0.0,0.0,0.0,0.0,0.0,-0.3075030750307498,0.16271533278380143,-0.4305043050430519,-0.12300123001229846,-1.3530135301353028,0.4920049200491957,-1.8450184501844953,-0.8610086100861041,89.72939729397292,0.42608875954954073,89.48339483394834,90.22140221402213,5.842558425584255,0.7456553292116938,4.981549815498155,6.273062730627306
Cora,MEGU,GIN,gt_full,0.8610086100861003,0.6985127116605511,0.36900369003689537,1.6605166051660514,-3.700743415417189e-15,0.6391331393243131,-0.3690036900369065,0.7380073800738018,0.24600246002459691,0.5636624471040426,-0.3690036900369065,0.7380073800738018,-0.30750307503075724,0.5636624471040426,-0.9225092250922606,0.18450184501844769,0.1845018450184477,0.3424209325233706,-0.18450184501845135,0.4920049200491976,-0.36900369003690403,0.30750307503075175,-0.6765067650676564,-0.06150061500615289,89.23739237392374,0.6479491852923047,88.56088560885608,89.85239852398524,5.535055350553506,0.9762919967028014,4.797047970479705,6.642066420664207
Cora,MEGU,GIN,r_point,0.430504305043052,0.21304437977477317,0.18450184501844769,0.5535055350553542,-0.5535055350553505,0.48814599835140016,-0.9225092250922495,0.0,0.06150061500614923,0.21304437977476676,-0.18450184501844769,0.18450184501844769,0.430504305043052,0.7456553292116896,-0.36900369003689537,1.1070110701106972,-0.24600246002460058,0.3424209325233706,-0.6150061500614996,0.06150061500614923,-0.9225092250922508,0.2680749657774082,-1.2300123001229994,-0.7380073800737982,89.66789667896678,0.36900369003690514,89.2988929889299,90.03690036900369,6.027060270602706,0.5930904527055937,5.350553505535055,6.4575645756457565
Cora,MEGU,SGC,gt_full,0.4920049200492012,0.42608875954953995,0.0,0.7380073800738018,-0.18450184501844769,0.31956656966215014,-0.36900369003689537,0.18450184501844769,-0.12300123001230216,0.10652218988738658,-0.1845018450184588,0.0,-0.4920049200492012,0.38407121761367685,-0.9225092250922495,-0.18450184501844769,-0.18450184501845135,0.22174362087724364,-0.4305043050430519,-3.6637359812630166e-15,-0.5535055350553479,0.5466294229591383,-1.16851168511685,-0.12300123001230218,89.60639606396064,0.5636624471040381,89.11439114391145,90.22140221402213,5.289052890528905,0.8319648990448145,4.428044280442804,6.088560885608856
Cora,MEGU,SGC,r_point,0.3690036900368991,0.8454936706560597,-0.5535055350553542,1.1070110701106972,-1.4145141451414542,1.2284738225976757,-2.7675276752767597,-0.3690036900369065,-3.700743415417189e-15,0.48814599835140016,-0.5535055350553542,0.36900369003689537,-0.430504305043052,0.5636624471040415,-0.9225092250922606,0.18450184501844769,-0.3075030750307535,0.32543066556759875,-0.6765067650676526,-0.061500615006156556,-1.7835178351783547,0.8610086100861001,-2.767527675276756,-1.168511685116861,89.72939729397295,0.9101259893572474,89.11439114391145,90.7749077490775,6.211562115621156,0.3840712176136782,5.904059040590406,6.642066420664207
PubMed,GIF,GAT,gt_full,0.6423258958755914,0.39632772439801106,0.2789046653144056,1.0649087221095255,-1.4283299526707225,1.0297156464177137,-2.6115618661257556,-0.7352941176470562,-0.3211629479377957,0.27347345651391425,-0.6338742393509067,-0.12677484787018134,-0.39722785665990595,1.00218971883308,-1.2423935091277816,0.7099391480730244,0.6226053639846728,0.40764095542514667,0.2620013522650437,1.0649087221095255,-1.5241153932837512,0.927464213442343,-2.594658553076401,-0.9634888438133834,87.83806626098715,0.4122294928416885,87.47464503042596,88.28600405679514,3.963826910074374,1.688978498552643,2.611561866125761,5.856997971602434
PubMed,GIF,GAT,r_point,0.38032454361054774,0.40249766395505643,-0.07606490872210658,0.6845841784989815,-2.1129141311697075,1.0405839319108172,-3.0425963488843855,-0.9888438133874189,-0.321162947937792,0.2049417791241071,-0.5578093306288001,-0.20283975659228792,-0.4479377958079733,0.7906252513647304,-1.343813387423931,0.15212981744422427,0.3606040117196292,0.40465109861157006,-0.09296822177146853,0.6845841784989815,-2.2086995717827365,0.9168911283566864,-3.025693035835031,-1.217038539553746,88.1000676132522,0.4691240394312969,87.80425963488844,88.64097363083164,5.020283975659229,2.2836369673829013,2.789046653144016,7.352941176470589
PubMed,GIF,GCN,gt_full,0.9634888438133871,0.4837419885481442,0.40567951318458695,1.2677484787018245,-1.0311020960108164,0.6525313775171654,-1.4452332657200806,-0.2789046653143945,0.0,0.0,0.0,0.0,0.0,0.0,0.0,0.0,0.9437683119224686,0.48287985635599395,0.388776200135225,1.2677484787018245,-1.126887536623845,0.6875168474341274,-1.6734279918864077,-0.3549695740365085,87.51690331304935,0.5614470480136114,87.11967545638946,88.15922920892496,3.363759296822177,0.9768520988004803,2.3073022312373226,4.234279918864097
PubMed,GIF,GCN,r_point,0.7014874915483397,0.5079438539998876,0.12677484787018134,1.0902636916835684,-1.6649763353617342,0.50794385399989,-2.155172413793105,-1.1409736308316432,0.0,0.0,0.0,0.0,0.0,0.0,0.0,0.0,0.6817669596574212,0.5017418511119881,0.10987153482081939,1.0480054090601747,-1.7607617759747631,0.43641438778266967,-2.231237322515219,-1.3691683569979702,87.77890466531441,0.605872370453779,87.24645030425964,88.43813387423936,4.048343475321163,0.6738573111993794,3.27079107505071,4.462474645030426
PubMed,GIF,GIN,gt_full,0.36342123056118947,0.5098387806577273,-0.20283975659228792,0.786004056795131,-0.36342123056118947,0.0959923655476733,-0.4310344827586188,-0.2535496957403627,-0.6000676132521976,0.1649697540225107,-0.7606490872210991,-0.4310344827586188,0.6676808654496269,0.699601152352099,-0.12677484787019244,1.191683569979718,0.34370069867027087,0.5020976375639884,-0.21974306964164989,0.7437457741717372,-0.4592066711742184,0.039036529356972945,-0.4817444219067009,-0.4141311697092642,88.11697092630156,0.6129053671168296,87.55070993914808,88.76774847870182,3.084854631507776,0.5344628720000806,2.76369168356998,3.701825557809331
PubMed,GIF,GIN,r_point,0.3380662609871539,0.3763597714369881,-0.07606490872210658,0.6592292089249496,-0.9465855307640288,0.3309123047743747,-1.3184584178498993,-0.6845841784989815,-0.36342123056118575,0.13964428365329848,-0.4563894523326506,-0.20283975659228792,0.7183908045977053,0.36946404655839626,0.30425963488843744,1.014198782961473,0.3183457290962353,0.3681405504602134,-0.09296822177146853,0.6169709263015558,-1.0423709713770577,0.36394498688492916,-1.3945233265720132,-0.6676808654496269,88.1423258958756,0.482633250009102,87.67748478701826,88.64097363083164,3.5074374577417173,0.5510454128702847,3.0933062880324544,4.132860040567951
PubMed,GIF,SGC,gt_full,0.025354969574039227,0.0670829439925101,-0.025354969574031827,0.10141987829614951,0.1352265043948623,0.1688217068579995,-0.050709939148074756,0.2789046653144056,-0.9381338742393478,0.445699691461636,-1.2677484787018245,-0.4310344827586188,1.1663286004056788,0.6277595539117679,0.4563894523326506,1.6480730223123796,0.005634437683120652,0.050944166441361786,-0.042258282623393775,0.05916159567275573,0.039441063781833444,0.2923263344061476,-0.27890466531440194,0.29580797836376016,88.45503718728871,0.191984731095346,88.23529411764706,88.59026369168357,2.129817444219067,0.16626365426729214,1.9776876267748478,2.3073022312373226
PubMed,GIF,SGC,r_point,-0.04225828262339748,0.0585547940354578,-0.07606490872211769,0.025354969574031827,-0.04225828262339748,0.4184210207737179,-0.4563894523326617,0.380324543610544,-0.7437457741717372,0.4711751137514014,-1.0649087221095366,-0.20283975659228792,1.6227180527383365,0.09141864288701956,1.5212981744421872,1.6987829614604433,-0.061978814514316055,0.0399409704720466,-0.09296822177146853,-0.016903313049361955,-0.13804372323642636,0.35399562663620127,-0.5324543610547757,0.15212981744421686,88.52265043948614,0.18342236658392977,88.31135902636917,88.64097363083164,2.188979039891819,0.4786205251780855,1.7748478701825559,2.712981744421907
PubMed,GNNDelete,GAT,gt_full,1.9269776876267741,1.1454723121781505,1.0395537525354936,3.2200811359026416,-0.14367816091953958,0.4222446246381646,-0.48174442190669353,0.32961460446248037,0.5155510480054063,1.0698274952685602,-0.15212981744422427,1.749492900608518,0.43948613928329605,0.965599446219549,-0.608519269776886,1.2931034482758563,-0.174667568176697,0.6871531139561862,-0.6169709263015597,0.6169709263015557,-2.321388325445121,0.2510488187819936,-2.603110209601082,-2.1213657876943923,86.55341446923597,1.0559160210243972,85.34482758620689,87.29716024340772,10.83502366463827,2.9442713543650667,8.21501014198783,14.02129817444219
PubMed,GNNDelete,GAT,r_point,2.5946585530764046,2.4320073040221244,0.6592292089249496,5.324543610547671,0.10141987829614951,3.2584835347702548,-2.33265720081135,3.8032454361054846,1.436781609195403,2.845222270772746,-0.583164300202843,4.690669371196753,1.310006761325222,3.6779857454657043,-1.7241379310344862,5.400608519269778,0.49301329727293347,2.765052573513033,-1.3860716700473246,3.668018931710618,-2.076290286229432,3.5146123301487417,-4.454022988505738,1.960784313725498,85.88573360378633,2.550328493920524,83.01217038539554,87.88032454361054,9.136240703177824,0.5654404558376508,8.493914807302232,9.558823529411764
PubMed,GNNDelete,GCN,gt_full,1.411426639621368,0.2960493557832509,1.0902636916835684,1.6734279918864114,-0.5831643002028356,0.8830666717681572,-1.572008113590262,0.12677484787019244,0.0,0.0,0.0,0.0,0.0,0.0,0.0,0.0,-0.6902186161821033,0.3951846135901175,-1.1325219743069623,-0.37187288708586275,-2.760874464728417,0.7166154201300312,-3.414469235970248,-1.9945909398241959,87.06896551724138,0.19142582239530667,86.86612576064908,87.24645030425964,9.702501690331305,1.1522803899360563,8.468559837728193,10.75050709939148
PubMed,GNNDelete,GCN,r_point,1.1578769438810015,1.0650093323154497,0.4563894523326506,2.383367139959436,-1.2085868830290725,1.6076596995438122,-2.5862068965517238,0.5578093306288001,0.0,0.0,0.0,0.0,0.0,0.0,0.0,0.0,-0.9437683119224697,0.6879842221939835,-1.5889114266396236,-0.21974306964165002,-3.386297047554654,1.3488360146844733,-4.707572684246112,-2.011494252873569,87.32251521298174,1.0062441598876413,86.1815415821501,88.08316430020284,7.885395537525355,1.593736828581918,6.135902636916836,9.254563894523326
PubMed,GNNDelete,GIN,gt_full,1.4283299526707225,0.6681086603776795,0.6845841784989815,1.9776876267748489,0.7014874915483434,1.0522566938113436,-0.3549695740365122,1.749492900608518,0.01690331304935455,0.4601304120627507,-0.40567951318458695,0.5070993914807254,1.284651791751179,0.7376219243968457,0.5831643002028319,2.0537525354969555,-0.6733153031327488,0.2777926349240462,-0.9719405003380719,-0.4225828262339375,-1.4762226729772376,0.6910919764174132,-2.1974306964164985,-0.8198106828938512,87.05206220419201,0.5451809811653221,86.58722109533468,87.65212981744422,5.73867478025693,0.6618246095487454,5.045638945233265,6.364097363083164
PubMed,GNNDelete,GIN,r_point,2.4932386747802586,1.3692466108406294,1.1156186612576113,3.8539553752535483,1.2085868830290762,1.3797701377378297,-0.380324543610544,2.1044624746450302,1.3353617308992576,1.794718765382653,0.12677484787018134,3.3975659229208977,2.4171737660581485,1.9699250405666564,1.2170385395537497,4.690669371196754,0.3915934189767878,1.2474809176243298,-0.540906017579442,1.808654496281274,-0.9691232814965051,1.1334151430073867,-2.2227856659905303,-0.016903313049358104,85.98715348208249,1.2691000233060155,84.68559837728195,87.2210953346856,6.61764705882353,1.586054175764038,5.425963488843814,8.417849898580123
PubMed,GNNDelete,SGC,gt_full,10.311020960108182,2.650696041866813,7.2515212981744455,11.916835699797158,10.420892494929005,2.876532193303803,7.099391480730222,12.094320486815413,8.899594320486814,2.3716046980674608,6.161257606490877,10.29411764705882,11.00405679513184,2.0302982980900195,8.671399594320484,12.373225152129818,8.209375704304712,2.291775926749293,5.594996619337392,9.871534820824884,8.243182330403423,2.596974613061207,5.256930358350235,9.972954699121024,78.16937119675457,2.5267343512403992,76.62271805273834,81.08519269776876,16.455375253549693,3.261737237160307,12.728194726166327,18.788032454361055
PubMed,GNNDelete,SGC,r_point,4.842799188640974,0.4173954775140486,4.589249492900615,5.324543610547661,4.842799188640974,0.19802864289824115,4.614604462474647,4.96957403651116,3.6849222447599725,1.3555624520237843,2.2058823529411793,4.86815415821501,6.051386071670048,1.7932853791183945,4.056795131845847,7.53042596348884,2.7411539328375034,0.673291727666942,1.9861392832995293,3.2792427315753865,2.6650890241153933,0.5578946943649582,2.0453008789722777,3.1271129141311738,83.63759296822177,0.3873035577210754,83.21501014198783,83.97565922920892,9.854631507775524,0.6903508403198834,9.077079107505071,10.39553752535497
PubMed,GraphEraser,GAT,gt_full,1.2001352265043914,0.273473456513923,0.8874239350912694,1.3945233265720058,0.3211629479377957,0.6903508403198771,-0.4563894523326506,0.8620689655172376,0.4479377958079807,0.18689439137504965,0.30425963488843744,0.6592292089249496,0.37187288708587046,1.200641028935345,-0.7352941176470451,1.6480730223123685,0.9832093757043032,0.2168526639387649,0.7437457741717335,1.1663286004056788,-1.1635113815641207,0.5711177322451951,-1.8171061528059471,-0.7606490872210989,86.08857336037863,0.095992365547673,85.9787018255578,86.15618661257606,8.189655172413794,0.7884539455104568,7.505070993914807,9.051724137931034
PubMed,GraphEraser,GAT,r_point,1.9607843137254868,0.2711124904047569,1.724137931034475,2.2565922920892434,0.6592292089249496,0.7431212418738754,0.07606490872211769,1.4959432048681554,0.6169709263015558,0.2564907184836607,0.4563894523326617,0.9127789046653123,0.4901960784313745,0.7100900544724488,-0.22819472616633085,1.191683569979718,1.7438584629253988,0.20776869582479157,1.5804597701149392,1.9776876267748416,-0.8254451205769667,0.6437329641463615,-1.3945233265719983,-0.12677484787018112,85.32792427315754,0.13964428365328346,85.19269776876268,85.47160243407707,8.35023664638269,0.49447608101115836,7.860040567951318,8.848884381338742
PubMed,GraphEraser,GCN,gt_full,0.7521974306964108,0.17808745356411015,0.5831643002028319,0.9381338742393441,-0.050709939148074756,0.6379181351627324,-0.786004056795131,0.3549695740365122,0.0,0.0,0.0,0.0,0.0,0.0,0.0,0.0,0.5352715798963225,0.11254780457199563,0.43948613928329605,0.6592292089249423,-1.535384268649991,0.7565216191433684,-2.4087221095334677,-1.081812035158902,86.53651115618662,0.09141864288701686,86.4604462474645,86.63793103448276,8.29107505070994,0.5146496736862173,7.834685598377282,8.848884381338742
PubMed,GraphEraser,GCN,r_point,1.343813387423931,0.10141987829614951,1.2423935091277816,1.4452332657200806,0.16903313049357513,0.5451809811653153,-0.4310344827586188,0.6338742393509067,0.0,0.0,0.0,0.0,0.0,0.0,0.0,0.0,1.126887536623843,0.0798819409440968,1.0649087221095292,1.2170385395537535,-1.3156411990083412,0.587395195383681,-1.9016227180527348,-0.7268424611223898,85.9448951994591,0.15283249932408008,85.80121703853956,86.105476673428,8.105138607167005,0.4043567854599628,7.657200811359026,8.443204868154158
PubMed,GraphEraser,GIN,gt_full,0.2620013522650437,0.08904372678205534,0.1774847870182561,0.3549695740365122,0.7268424611223826,0.44809723265083157,0.4310344827586188,1.2423935091277927,-0.4901960784313671,0.13964428365329848,-0.5831643002028319,-0.32961460446246926,0.7775524002704574,0.6294640358811897,0.07606490872210658,1.2931034482758674,0.04507550146495534,0.08465730899998128,-0.050709939148071065,0.10987153482082679,-0.7578318683795336,0.5551350994002152,-1.1156186612576,-0.11832319134550384,87.02670723461797,0.21112231231907894,86.79006085192698,87.19574036511156,7.5473292765382025,0.052780578079770664,7.505070993914807,7.606490872210954
PubMed,GraphEraser,GIN,r_point,1.0311020960108164,0.25014618977263137,0.8620689655172376,1.3184584178498993,0.9381338742393516,0.7860040567951377,0.32961460446246926,1.8255578093306357,-0.3127112914131147,0.26022319672651817,-0.5324543610547683,-0.025354969574031827,0.7691007437457764,0.4184210207737236,0.3549695740365122,1.191683569979729,0.8141762452107281,0.1959132144547413,0.6845841784989851,1.0395537525354974,-0.5465404552625648,0.8803662383275196,-1.1409736308316467,0.4648411088573392,86.2576064908722,0.17748478701825832,86.13083164300203,86.4604462474645,7.420554428668019,0.5356643636744698,7.074036511156187,8.037525354969574
PubMed,GraphEraser,SGC,gt_full,0.29580797836376016,0.27928856730659424,-0.025354969574031827,0.48174442190669353,1.597363083164301,0.29240777369855137,1.3184584178498993,1.9016227180527423,-0.4563894523326506,0.30425963488843744,-0.760649087221088,-0.15212981744421317,1.648073022312376,0.6976073271905465,0.9634888438133871,2.358012170385393,0.07888212756367184,0.29097929532736616,-0.253549695740359,0.2873563218390829,0.11268875366238484,0.3742980320090682,-0.15212981744421672,0.5409060175794458,86.99290060851926,0.39361497708569565,86.61257606490872,87.39858012170384,7.936105476673428,0.4654553689321948,7.403651115618662,8.265720081135902
PubMed,GraphEraser,SGC,r_point,0.6761325219743042,0.291674001466151,0.380324543610544,0.9634888438133871,1.8678160919540219,0.7235427561130714,1.166328600405675,2.6115618661257667,-0.6676808654496269,0.39307018100857455,-1.0649087221095366,-0.2789046653143945,1.6987829614604468,0.5646819840598433,1.191683569979718,2.3073022312373292,0.45920667117421593,0.3370434719791036,0.15212981744421686,0.8198106828938512,0.3831417624521058,0.6504115769172759,-0.304259634888441,0.9888438133874302,86.61257606490874,0.47502520271793874,86.08012170385395,86.99290060851928,8.527721433400947,0.4364689429910533,8.037525354969574,8.874239350912779
PubMed,GraphRevoker,GAT,gt_full,0.7944557133198119,0.18689439137504743,0.583164300202843,0.9381338742393441,0.524002704530091,0.7358767596700526,-0.22819472616631975,1.2423935091277927,-0.07606490872210658,0.24451447162760498,-0.3549695740365011,0.10141987829614951,-0.15212981744421686,1.4777836836610283,-1.4705882352941013,1.4452332657200806,0.7324768988054996,0.11536846534506878,0.6000676132522013,0.8113590263691702,-1.4142438584629244,0.78878605961508,-2.2565922920892434,-0.6930358350236623,85.88573360378633,0.10247088956205484,85.77586206896551,85.9787018255578,8.764367816091953,0.6880188299166432,8.367139959432048,9.558823529411764
PubMed,GraphRevoker,GAT,r_point,1.7156862745098014,0.8099050952033594,1.1156186612576002,2.6369168356997985,1.022650439486139,1.5550129319955286,0.02535496957404293,2.8144016227180546,0.3887762001352287,0.977509985573091,-0.3549695740365122,1.4959432048681554,0.26200135226504734,1.857904030323053,-1.4959432048681554,2.2058823529411797,1.6537074599954893,0.8094345791503087,1.1325219743069586,2.58620689655172,-0.9155961235068762,1.554193530713256,-1.8255578093306244,0.8789722785665997,84.96450304259635,0.8378657019197888,84.00101419878297,85.52231237322515,9.170047329276537,0.24098339130127194,8.924949290060852,9.406693711967545
PubMed,GraphRevoker,GCN,gt_full,0.8705206220419185,0.09599236554766695,0.7606490872210991,0.9381338742393441,0.6761325219743078,0.7716968717825161,-0.20283975659228792,1.2423935091277816,0.0,0.0,0.0,0.0,0.0,0.0,0.0,0.0,0.8085418075276062,0.12937753553307157,0.7099391480730207,0.9550371872887023,-1.2621140410187073,0.7597251042950078,-2.138269100743743,-0.7860040567951421,85.80966869506425,0.23558755687569738,85.5476673427992,86.00405679513185,8.477011494252872,0.08150482387586931,8.417849898580123,8.56997971602434
PubMed,GraphRevoker,GCN,r_point,1.3269100743745728,0.1688217068579934,1.1409736308316432,1.4705882352941124,0.7606490872210917,0.8971504063364133,-0.050709939148074756,1.724137931034475,0.0,0.0,0.0,0.0,0.0,0.0,0.0,0.0,1.2649312598602604,0.20289844016261993,1.0902636916835646,1.4874915483434707,-1.1775974757719236,0.8090815125437875,-1.901622718052742,-0.30425963488844854,85.35327924273157,0.2938698216821097,85.01521298174443,85.5476673427992,8.50236646382691,0.44666025225570705,8.088235294117647,8.975659229208926
PubMed,GraphRevoker,GIN,gt_full,0.44793779580797705,0.17988333885896585,0.2535496957403627,0.6085192697768749,1.521298174442191,0.5127725257646215,1.1409736308316432,2.1044624746450302,-0.4225828262339415,0.22725371297749392,-0.6845841784989815,-0.2789046653144056,0.845165652467883,0.5073106388931354,0.32961460446246926,1.343813387423931,0.38595898129366474,0.10083124953895253,0.27045300878972095,0.45638945233265804,-0.41694838855082444,0.4466069419670091,-0.7944557133198118,0.07606490872210658,86.23225152129817,0.07606490872210792,86.15618661257606,86.30831643002028,8.248816768086543,0.27347345651391836,7.936105476673427,8.443204868154158
PubMed,GraphRevoker,GIN,r_point,1.5043948613928289,1.3330864038085841,0.6845841784989815,3.0425963488843744,2.019945909398239,0.9705799337360105,0.9888438133874189,2.915821501014193,0.1774847870182561,1.3133286852403527,-0.786004056795131,1.6734279918864114,1.2592968221771472,1.4787259398269852,0.380324543610544,2.9665314401622678,1.4424160468785168,1.2541624202516384,0.7014874915483397,2.8904665314401576,0.08169934640522365,1.006504412787187,-0.9465855307640361,1.0649087221095257,85.17579445571333,1.1274649185701355,83.87423935091279,85.85192697768763,8.384043272481406,0.5009344662859175,7.936105476673427,8.924949290060852
PubMed,GraphRevoker,SGC,gt_full,0.2789046653144019,0.15422825888179778,0.10141987829614951,0.380324543610544,2.1889790398918176,0.5451809811653238,1.6480730223123685,2.738336713995948,-0.5916159567275167,0.06380860746510099,-0.6592292089249496,-0.5324543610547683,1.5128465179175101,0.32993950804501543,1.1916835699797068,1.8509127789046564,0.21692585080008955,0.16087775000303572,0.05070993914807106,0.37187288708587046,0.25073247689880246,0.5033054302444316,-0.28735632183908644,0.7099391480730244,86.40128465179174,0.2342191761418276,86.13083164300203,86.5365111561866,8.586883029073697,0.3210517226711047,8.341784989858011,8.950304259634887
PubMed,GraphRevoker,SGC,r_point,0.6000676132521976,0.1250730948863106,0.4563894523326617,0.6845841784989815,2.4002704530087904,0.4290412490364124,1.9269776876267741,2.76369168356998,-0.7268424611223753,0.07319349254432306,-0.8113590263691628,-0.6845841784989815,1.6396213657876988,0.5210636457673516,1.0395537525355047,1.9776876267748489,0.5380887987378852,0.1353145138440716,0.40567951318458323,0.6761325219743078,0.4620238900157751,0.3437584237170636,0.0760649087221068,0.7352941176470562,86.08012170385395,0.22103950017955093,85.82657200811359,86.23225152129818,9.034820824881676,0.17808745356411007,8.848884381338742,9.203853955375253
PubMed,IDEA,GAT,gt_full,0.6423258958755914,0.39632772439801106,0.2789046653144056,1.0649087221095255,-1.4283299526707225,1.0297156464177137,-2.6115618661257556,-0.7352941176470562,-0.3211629479377957,0.27347345651391425,-0.6338742393509067,-0.12677484787018134,-0.39722785665990595,1.00218971883308,-1.2423935091277816,0.7099391480730244,0.6226053639846728,0.40764095542514667,0.2620013522650437,1.0649087221095255,-1.5241153932837512,0.927464213442343,-2.594658553076401,-0.9634888438133834,87.83806626098715,0.4122294928416885,87.47464503042596,88.28600405679514,3.963826910074374,1.688978498552643,2.611561866125761,5.856997971602434
PubMed,IDEA,GAT,r_point,0.38032454361054774,0.40249766395505643,-0.07606490872210658,0.6845841784989815,-2.1129141311697075,1.0405839319108172,-3.0425963488843855,-0.9888438133874189,-0.321162947937792,0.2049417791241071,-0.5578093306288001,-0.20283975659228792,-0.4479377958079733,0.7906252513647304,-1.343813387423931,0.15212981744422427,0.3606040117196292,0.40465109861157006,-0.09296822177146853,0.6845841784989815,-2.2086995717827365,0.9168911283566864,-3.025693035835031,-1.217038539553746,88.1000676132522,0.4691240394312969,87.80425963488844,88.64097363083164,5.020283975659229,2.2836369673829013,2.789046653144016,7.352941176470589
PubMed,IDEA,GCN,gt_full,0.9634888438133871,0.4837419885481442,0.40567951318458695,1.2677484787018245,-1.0311020960108164,0.6525313775171654,-1.4452332657200806,-0.2789046653143945,0.0,0.0,0.0,0.0,0.0,0.0,0.0,0.0,0.9437683119224686,0.48287985635599395,0.388776200135225,1.2677484787018245,-1.126887536623845,0.6875168474341274,-1.6734279918864077,-0.3549695740365085,87.51690331304935,0.5614470480136114,87.11967545638946,88.15922920892496,3.363759296822177,0.9768520988004803,2.3073022312373226,4.234279918864097
PubMed,IDEA,GCN,r_point,0.7014874915483397,0.5079438539998876,0.12677484787018134,1.0902636916835684,-1.6649763353617342,0.50794385399989,-2.155172413793105,-1.1409736308316432,0.0,0.0,0.0,0.0,0.0,0.0,0.0,0.0,0.6817669596574212,0.5017418511119881,0.10987153482081939,1.0480054090601747,-1.7607617759747631,0.43641438778266967,-2.231237322515219,-1.3691683569979702,87.77890466531441,0.605872370453779,87.24645030425964,88.43813387423936,4.048343475321163,0.6738573111993794,3.27079107505071,4.462474645030426
PubMed,IDEA,GIN,gt_full,0.36342123056118947,0.5098387806577273,-0.20283975659228792,0.786004056795131,-0.36342123056118947,0.0959923655476733,-0.4310344827586188,-0.2535496957403627,-0.6000676132521976,0.1649697540225107,-0.7606490872210991,-0.4310344827586188,0.6676808654496269,0.699601152352099,-0.12677484787019244,1.191683569979718,0.34370069867027087,0.5020976375639884,-0.21974306964164989,0.7437457741717372,-0.4592066711742184,0.039036529356972945,-0.4817444219067009,-0.4141311697092642,88.11697092630156,0.6129053671168296,87.55070993914808,88.76774847870182,3.084854631507776,0.5344628720000806,2.76369168356998,3.701825557809331
PubMed,IDEA,GIN,r_point,0.3380662609871539,0.3763597714369881,-0.07606490872210658,0.6592292089249496,-0.9465855307640288,0.3309123047743747,-1.3184584178498993,-0.6845841784989815,-0.36342123056118575,0.13964428365329848,-0.4563894523326506,-0.20283975659228792,0.7183908045977053,0.36946404655839626,0.30425963488843744,1.014198782961473,0.3183457290962353,0.3681405504602134,-0.09296822177146853,0.6169709263015558,-1.0423709713770577,0.36394498688492916,-1.3945233265720132,-0.6676808654496269,88.1423258958756,0.482633250009102,87.67748478701826,88.64097363083164,3.5074374577417173,0.5510454128702847,3.0933062880324544,4.132860040567951
PubMed,IDEA,SGC,gt_full,0.025354969574039227,0.0670829439925101,-0.025354969574031827,0.10141987829614951,0.1352265043948623,0.1688217068579995,-0.050709939148074756,0.2789046653144056,-0.9381338742393478,0.445699691461636,-1.2677484787018245,-0.4310344827586188,1.1663286004056788,0.6277595539117679,0.4563894523326506,1.6480730223123796,0.005634437683120652,0.050944166441361786,-0.042258282623393775,0.05916159567275573,0.039441063781833444,0.2923263344061476,-0.27890466531440194,0.29580797836376016,88.45503718728871,0.191984731095346,88.23529411764706,88.59026369168357,2.129817444219067,0.16626365426729214,1.9776876267748478,2.3073022312373226
PubMed,IDEA,SGC,r_point,-0.04225828262339748,0.0585547940354578,-0.07606490872211769,0.025354969574031827,-0.04225828262339748,0.4184210207737179,-0.4563894523326617,0.380324543610544,-0.7437457741717372,0.4711751137514014,-1.0649087221095366,-0.20283975659228792,1.6227180527383365,0.09141864288701956,1.5212981744421872,1.6987829614604433,-0.061978814514316055,0.0399409704720466,-0.09296822177146853,-0.016903313049361955,-0.13804372323642636,0.35399562663620127,-0.5324543610547757,0.15212981744421686,88.52265043948614,0.18342236658392977,88.31135902636917,88.64097363083164,2.188979039891819,0.4786205251780855,1.7748478701825559,2.712981744421907
PubMed,MEGU,GAT,gt_full,1.9354293441514587,0.21564149462767412,1.774847870182561,2.180527383367148,-0.13522650439485492,0.5833480029322965,-0.7099391480730133,0.4563894523326617,0.10141987829615322,0.0670829439925101,0.02535496957404293,0.15212981744422427,0.02535496957404293,1.2130703563798815,-0.9888438133874078,1.369168356997974,0.31552851025468126,0.12937753553307627,0.2366463826910119,0.46484110885734276,-1.8311922470137427,0.7058187467726658,-2.620013522650433,-1.2592968221771434,86.54496281271129,0.15283249932408735,86.38438133874239,86.68864097363083,7.9699121027721445,1.639534232992852,7.023326572008114,9.863083164300203
PubMed,MEGU,GAT,r_point,1.8340094658553092,0.28043712006486304,1.572008113590262,2.129817444219073,-0.659229208924946,0.8631868423199385,-1.4198782961460377,0.2789046653144056,0.01690331304935455,0.11433189028455717,-0.10141987829614951,0.12677484787018134,-0.10987153482082679,0.876245640857523,-1.0141987829614618,0.7352941176470562,0.21410863195853178,0.04879566169621324,0.18593644354293715,0.270453008789721,-2.3551949515438335,0.7982379672913519,-2.8820148749154764,-1.4367816091953995,86.64638269100743,0.2827202279188259,86.43509127789046,86.96754563894523,8.21501014198783,1.612384695292561,6.744421906693712,9.939148073022313
PubMed,MEGU,GCN,gt_full,1.8340094658553057,0.19198473109534417,1.6987829614604433,2.0537525354969555,-0.16058147396889785,0.6544988132707664,-0.9127789046653123,0.2789046653143945,0.0,0.0,0.0,0.0,0.0,0.0,0.0,0.0,0.21410863195852806,0.10153719456243356,0.10987153482081946,0.3127112914131185,-1.8565472165877857,0.6875168474341261,-2.6284651791751177,-1.3100067613252144,86.64638269100743,0.17258771007997042,86.51115618661258,86.84077079107504,7.77552400270453,1.115138350105514,6.490872210953347,8.493914807302232
PubMed,MEGU,GCN,r_point,1.8171061528059547,0.16882170685799947,1.6734279918864114,2.003042596348892,-0.5493576741041192,0.7775064659977597,-1.369168356997963,0.1774847870182561,0.0,0.0,0.0,0.0,0.0,0.0,0.0,0.0,0.19720531890917722,0.12140219419886948,0.05916159567275581,0.28735632183908666,-2.245323416723007,0.5530079313642033,-2.8313049357674016,-1.7325895875591635,86.66328600405679,0.17566438210637944,86.56186612576064,86.86612576064908,7.34448951994591,0.41300850990096716,6.871196754563895,7.63184584178499
PubMed,MEGU,GIN,gt_full,1.7663962136578764,0.25014618977262876,1.5973630831642938,2.0537525354969555,1.0395537525354974,0.6817611389324881,0.608519269776886,1.8255578093306246,-0.06761325219742931,0.0585547940354578,-0.10141987829614951,0.0,1.2001352265043952,0.5783675493889748,0.5324543610547572,1.54665314401623,0.14649537976109875,0.056273902285998545,0.10987153482081946,0.21129141311696897,-0.6564119900833905,0.5219767519540587,-1.1071670047329192,-0.08451656524679496,86.71399594320486,0.21663295500298177,86.51115618661258,86.9421906693712,6.17816091954023,0.6170866915575324,5.628803245436106,6.845841784989857
PubMed,MEGU,GIN,r_point,1.6818796484110887,0.291674001466151,1.3945233265720058,1.9776876267748489,0.39722785665990595,0.8828239710155252,-0.3549695740365122,1.369168356997974,-0.13522650439486603,0.13011159836325675,-0.2789046653144056,-0.02535496957404293,0.9465855307640251,0.284985045640425,0.6338742393509067,1.191683569979718,0.0619788145143112,0.07188049820922333,0.00845165652468105,0.14367816091953967,-1.2987378859589818,0.670953656098727,-1.817106152805951,-0.5409060175794456,86.79851250845165,0.3024937486168557,86.58722109533468,87.14503042596348,6.313387423935091,0.267131180346165,6.0344827586206895,6.5669371196754565
PubMed,MEGU,SGC,gt_full,1.673427991886408,0.2634965731595681,1.5212981744421872,1.9776876267748489,1.783299526707231,0.46222139668273987,1.369168356997963,2.2819472616632863,-0.16058147396889785,0.077460711544219,-0.22819472616633085,-0.07606490872210658,1.9438810006761287,0.3711999874238972,1.546653144016219,2.281947261663275,0.053527157989630224,0.07384123519315834,-0.008451656524684603,0.1352265043948624,0.08733378408834302,0.38176173997500795,-0.34651791751184224,0.37187288708586674,86.80696416497635,0.21564149462766777,86.58722109533468,87.0182555780933,5.400608519269777,0.3828516447906063,4.994929006085193,5.755578093306288
PubMed,MEGU,SGC,r_point,1.7072346179851279,0.39632772439802205,1.343813387423931,2.129817444219073,1.7072346179851279,0.6485786018576654,0.9634888438133871,2.155172413793105,-0.10987153482082679,0.22866378056911435,-0.32961460446248037,0.12677484787018134,2.256592292089247,0.24971748990355075,1.9776876267748489,2.4594320486815424,0.08733378408835042,0.11721120161547764,-0.042258282623393706,0.18593644354293715,0.011268875366240142,0.44210592930258447,-0.49864773495605164,0.28735632183908666,86.77315753887763,0.3873035577210851,86.43509127789046,87.19574036511156,5.5020283975659225,0.6708294399250995,4.741379310344827,6.009127789046653
