dataset,selector,source,n_methods,n_seeds,rho_direct_surrogate,rho_direct_random,rho_direct_degree,rho_random_adjusted
CiteSeer,gt_full,SGC,5,3,0.7,0.8999999999999998,-0.49999999999999994,-0.09999999999999999
CiteSeer,gt_full,GAT,5,3,0.6,0.8999999999999998,-0.49999999999999994,0.09999999999999999
CiteSeer,gt_full,GIN,5,3,0.8999999999999998,0.8999999999999998,-0.49999999999999994,0.49999999999999994
CiteSeer,r_point,SGC,5,3,0.49999999999999994,0.7,-0.7999999999999999,-0.3
CiteSeer,r_point,GAT,5,3,0.7999999999999999,0.7,-0.7999999999999999,-0.20519567041703082
CiteSeer,r_point,GIN,5,3,0.39999999999999997,0.7,-0.7999999999999999,0.3
Cora,gt_full,SGC,5,3,0.7631578947368421,0.9746794344808963,0.9746794344808963,0.0
Cora,gt_full,GAT,5,3,0.35909242322980395,0.9746794344808963,0.9746794344808963,0.39999999999999997
Cora,gt_full,GIN,5,3,1.0,0.9746794344808963,0.9746794344808963,0.3
Cora,r_point,SGC,5,3,0.39999999999999997,0.9999999999999999,0.9999999999999999,-0.7
Cora,r_point,GAT,5,3,0.3,0.9999999999999999,0.9999999999999999,-0.6
Cora,r_point,GIN,5,3,0.9999999999999999,0.9999999999999999,0.9999999999999999,-0.6
PubMed,gt_full,SGC,5,3,0.49999999999999994,0.49999999999999994,0.8999999999999998,-0.6
PubMed,gt_full,GAT,5,3,0.6,0.49999999999999994,0.8999999999999998,0.6
PubMed,gt_full,GIN,5,3,0.8999999999999998,0.49999999999999994,0.8999999999999998,0.7999999999999999
PubMed,r_point,SGC,5,3,0.39999999999999997,0.39999999999999997,0.19999999999999998,-0.09999999999999999
PubMed,r_point,GAT,5,3,0.3,0.39999999999999997,0.19999999999999998,0.6
PubMed,r_point,GIN,5,3,0.3,0.39999999999999997,0.19999999999999998,0.7
