selector,node_id,score,rank,selected
degree,1,2.0,1,True
degree,2,2.0,2,False
degree,3,2.0,3,False
degree,4,2.0,4,False
degree,5,2.0,5,False
degree,6,2.0,6,False
degree,7,2.0,7,False
degree,8,2.0,8,False
degree,9,2.0,9,False
degree,10,2.0,10,False
degree,11,2.0,11,False
degree,12,2.0,12,False
degree,13,2.0,13,False
degree,0,1.0,14,False
random,11,0.7851662837369819,1,True
random,9,0.6457896756325057,2,False
random,4,0.6263597571855058,3,False
random,5,0.6243158233184928,4,False
random,8,0.5757962604901279,5,False
random,7,0.4959185769996024,6,False
random,0,0.4579790165935044,7,False
random,2,0.40858304379024135,8,False
random,12,0.39667030780508894,9,False
random,13,0.3344526295656477,10,False
random,1,0.26792164686460807,11,False
random,3,0.140405997449904,12,False
random,10,0.11351570011989542,13,False
random,6,0.0694664703238298,14,False
a_grad_norm,11,1.1432842016220093,1,True
a_grad_norm,13,1.0036901235580444,2,False
a_grad_norm,1,0.8943185210227966,3,False
a_grad_norm,5,0.876526951789856,4,False
a_grad_norm,9,0.8545289039611816,5,False
a_grad_norm,3,0.7835910320281982,6,False
a_grad_norm,7,0.7644338607788086,7,False
a_grad_norm,0,0.7245268821716309,8,False
a_grad_norm,8,0.719553530216217,9,False
a_grad_norm,6,0.7056559324264526,10,False
a_grad_norm,4,0.6720481514930725,11,False
a_grad_norm,2,0.6648691892623901,12,False
a_grad_norm,10,0.6513769626617432,13,False
a_grad_norm,12,0.6122215986251831,14,False
b_param_hutch,5,0.09143567830324173,1,True
b_param_hutch,7,0.08598899841308594,2,False
b_param_hutch,8,0.07709026336669922,3,False
b_param_hutch,6,0.07277091592550278,4,False
b_param_hutch,4,0.06878597289323807,5,False
b_param_hutch,3,0.06715261191129684,6,False
b_param_hutch,9,0.05526255816221237,7,False
b_param_hutch,13,0.05211561918258667,8,False
b_param_hutch,1,0.04692654311656952,9,False
b_param_hutch,0,0.04544916749000549,10,False
b_param_hutch,2,0.039850518107414246,11,False
b_param_hutch,12,0.03263520821928978,12,False
b_param_hutch,10,0.029220350086688995,13,False
b_param_hutch,11,0.029086731374263763,14,False
r_point,11,0.006140741053968668,1,True
r_point,13,0.005971567239612341,2,False
r_point,9,0.005882588215172291,3,False
r_point,3,0.005827333778142929,4,False
r_point,1,0.005721367429941893,5,False
r_point,5,0.005563508719205856,6,False
r_point,7,0.005530539434403181,7,False
r_point,12,-0.003748789196833968,8,False
r_point,10,-0.004083962645381689,9,False
r_point,6,-0.004346898756921291,10,False
r_point,2,-0.00449347821995616,11,False
r_point,4,-0.004766486585140228,12,False
r_point,0,-0.004848323296755552,13,False
r_point,8,-0.005586864426732063,14,False
gt_simple,11,0.010162144899368286,1,True
gt_simple,13,0.008363518863916397,2,False
gt_simple,9,0.007883042097091675,3,False
gt_simple,3,0.00785224698483944,4,False
gt_simple,5,0.007807997986674309,5,False
gt_simple,7,0.0070428745821118355,6,False
gt_simple,12,0.004279556684195995,7,False
gt_simple,1,0.0022068999242037535,8,False
gt_simple,10,-0.0013962869998067617,9,False
gt_simple,4,-0.002216020133346319,10,False
gt_simple,2,-0.002559586660936475,11,False
gt_simple,8,-0.0026045972481369972,12,False
gt_simple,6,-0.0036062004510313272,13,False
gt_simple,0,-0.0036204340867698193,14,False
gt_full,11,0.007385041564702988,1,True
gt_full,9,0.0064788078889250755,2,False
gt_full,5,0.0064187366515398026,3,False
gt_full,13,0.006387608125805855,4,False
gt_full,1,0.006025403272360563,5,False
gt_full,7,0.00537121994420886,6,False
gt_full,3,0.004810419864952564,7,False
gt_full,2,-0.0030314733739942312,8,False
gt_full,6,-0.003229217603802681,9,False
gt_full,10,-0.004278656095266342,10,False
gt_full,12,-0.00459323450922966,11,False
gt_full,0,-0.005163900554180145,12,False
gt_full,4,-0.005453213583678007,13,False
gt_full,8,-0.007251907140016556,14,False
p_point,11,0.05307590961456299,1,True
p_point,13,0.05153393745422363,2,False
p_point,9,0.050595883280038834,3,False
p_point,3,0.050047557801008224,4,False
p_point,1,0.04927053302526474,5,False
p_point,5,0.047859370708465576,6,False
p_point,7,0.04748552292585373,7,False
p_point,12,-0.03233110159635544,8,False
p_point,10,-0.03518553078174591,9,False
p_point,6,-0.037407197058200836,10,False
p_point,2,-0.038662321865558624,11,False
p_point,4,-0.0409587100148201,12,False
p_point,0,-0.04171614721417427,13,False
p_point,8,-0.0479232482612133,14,False
p_simple,11,0.08768908679485321,1,True
p_simple,13,0.07227873802185059,2,False
p_simple,9,0.06804853677749634,3,False
p_simple,3,0.06755644083023071,4,False
p_simple,5,0.06702655553817749,5,False
p_simple,7,0.0606103390455246,6,False
p_simple,12,0.037093207240104675,7,False
p_simple,1,0.018939625471830368,8,False
p_simple,10,-0.011768089607357979,9,False
p_simple,4,-0.019121289253234863,10,False
p_simple,2,-0.022019077092409134,11,False
p_simple,8,-0.02243455871939659,12,False
p_simple,6,-0.030944250524044037,13,False
p_simple,0,-0.031107936054468155,14,False
p_graph,11,0.06376583874225616,1,True
p_graph,9,0.05568084865808487,2,False
p_graph,13,0.05511428788304329,3,False
p_graph,5,0.05505376309156418,4,False
p_graph,1,0.05183893069624901,5,False
p_graph,7,0.04608311131596565,6,False
p_graph,3,0.04127044975757599,7,False
p_graph,2,-0.025975573807954788,8,False
p_graph,6,-0.02767181023955345,9,False
p_graph,10,-0.03671349212527275,10,False
p_graph,12,-0.03954776003956795,11,False
p_graph,0,-0.04439615458250046,12,False
p_graph,4,-0.046958547085523605,13,False
p_graph,8,-0.06250059604644775,14,False
tracin_cp_point_3,11,0.0011185353994369507,1,True
tracin_cp_point_3,13,0.0010770509019494058,2,False
tracin_cp_point_3,9,0.0010219419933855535,3,False
tracin_cp_point_3,1,0.001004389002919197,4,False
tracin_cp_point_3,3,0.001000006701797247,5,False
tracin_cp_point_3,5,0.0009741507098078729,6,False
tracin_cp_point_3,7,0.0009443998709321022,7,False
tracin_cp_point_3,12,-0.000615641288459301,8,False
tracin_cp_point_3,10,-0.0006708162091672421,9,False
tracin_cp_point_3,6,-0.0007228059135377407,10,False
tracin_cp_point_3,2,-0.000738023854792118,11,False
tracin_cp_point_3,4,-0.0007775831036269666,12,False
tracin_cp_point_3,0,-0.0008009545132517815,13,False
tracin_cp_point_3,8,-0.0009052391722798348,14,False
tracin_cp_point_6,11,0.002271569594740868,1,True
tracin_cp_point_6,13,0.0021859008073806764,2,False
tracin_cp_point_6,9,0.0020727878622710705,3,False
tracin_cp_point_6,1,0.0020380030758678914,4,False
tracin_cp_point_6,3,0.002027602959424258,5,False
tracin_cp_point_6,5,0.001976147890090942,6,False
tracin_cp_point_6,7,0.0019151087477803233,7,False
tracin_cp_point_6,12,-0.0012499098666012287,8,False
tracin_cp_point_6,10,-0.001362283378839493,9,False
tracin_cp_point_6,6,-0.0014668129011988639,10,False
tracin_cp_point_6,2,-0.0014979611895978451,11,False
tracin_cp_point_6,4,-0.0015770154818892479,12,False
tracin_cp_point_6,0,-0.0016253422014415265,13,False
tracin_cp_point_6,8,-0.0018359238281846046,14,False
tracin_cp_simple_3,11,0.0019310709089040755,1,True
tracin_cp_simple_3,13,0.0015799450129270554,2,False
tracin_cp_simple_3,9,0.0015088219195604324,3,False
tracin_cp_simple_3,3,0.001462939456105232,4,False
tracin_cp_simple_3,5,0.0014181682467460633,5,False
tracin_cp_simple_3,7,0.001312447562813759,6,False
tracin_cp_simple_3,12,0.0009091288596391678,7,False
tracin_cp_simple_3,1,0.00046541733667254453,8,False
tracin_cp_simple_3,10,-5.1219090819358834e-05,9,False
tracin_cp_simple_3,4,-0.00026425539515912533,10,False
tracin_cp_simple_3,2,-0.00031216570176184177,11,False
tracin_cp_simple_3,8,-0.0003325193002820015,12,False
tracin_cp_simple_3,6,-0.00048707747831940653,13,False
tracin_cp_simple_3,0,-0.0005345893651247024,14,False
tracin_cp_simple_6,11,0.003918065130710601,1,True
tracin_cp_simple_6,13,0.003207560479640961,2,False
tracin_cp_simple_6,9,0.003061259053647518,3,False
tracin_cp_simple_6,3,0.0029667772725224494,4,False
tracin_cp_simple_6,5,0.0028750311583280565,5,False
tracin_cp_simple_6,7,0.0026613079383969304,6,False
tracin_cp_simple_6,12,0.0018452772125601771,7,False
tracin_cp_simple_6,1,0.0009423026442527771,8,False
tracin_cp_simple_6,10,-0.00010375940939411521,9,False
tracin_cp_simple_6,4,-0.0005380386859178543,10,False
tracin_cp_simple_6,2,-0.0006347127724438906,11,False
tracin_cp_simple_6,8,-0.0006771232280880213,12,False
tracin_cp_simple_6,6,-0.0009884953685104848,13,False
tracin_cp_simple_6,0,-0.0010853002592921257,14,False
tracin_cp_graph_3,11,0.001331039071083069,1,True
tracin_cp_graph_3,13,0.0011508388258516789,2,False
tracin_cp_graph_3,9,0.0011234897002577783,3,False
tracin_cp_graph_3,5,0.0010970931127667427,4,False
tracin_cp_graph_3,1,0.0010468481294810773,5,False
tracin_cp_graph_3,7,0.0008974776975810529,6,False
tracin_cp_graph_3,3,0.0008245235681533814,7,False
tracin_cp_graph_3,2,-0.0004568159952759743,8,False
tracin_cp_graph_3,6,-0.0005022763274610042,9,False
tracin_cp_graph_3,10,-0.0006758532859385013,10,False
tracin_cp_graph_3,12,-0.0007510624080896378,11,False
tracin_cp_graph_3,0,-0.0008534659445285798,12,False
tracin_cp_graph_3,4,-0.000924995131790638,13,False
tracin_cp_graph_3,8,-0.0012484468519687653,14,False
tracin_cp_graph_6,11,0.0027020503208041195,1,True
tracin_cp_graph_6,13,0.002335526812821627,2,False
tracin_cp_graph_6,9,0.002277982644736767,3,False
tracin_cp_graph_6,5,0.0022238329984247684,4,False
tracin_cp_graph_6,1,0.002122064810246229,5,False
tracin_cp_graph_6,7,0.0018209920264780524,6,False
tracin_cp_graph_6,3,0.0016716724447906018,7,False
tracin_cp_graph_6,2,-0.0009267402254045007,8,False
tracin_cp_graph_6,6,-0.0010164985433220863,9,False
tracin_cp_graph_6,10,-0.0013707822374999523,10,False
tracin_cp_graph_6,12,-0.0015245987102389337,11,False
tracin_cp_graph_6,0,-0.001730596981942654,12,False
tracin_cp_graph_6,4,-0.0018770424276590347,13,False
tracin_cp_graph_6,8,-0.002535642609000206,14,False
legacy,0,1.0709768533706665,1,True
legacy,2,1.0007120370864868,2,False
legacy,10,0.9874324798583984,3,False
legacy,8,0.9865089058876038,4,False
legacy,12,0.939984917640686,5,False
legacy,4,0.9361847639083862,6,False
legacy,6,0.9031195044517517,7,False
legacy,7,-1.0184190273284912,8,False
legacy,5,-1.1368118524551392,9,False
legacy,3,-1.1442208290100098,10,False
legacy,9,-1.276625156402588,11,False
legacy,1,-1.3344687223434448,12,False
legacy,13,-1.5404530763626099,13,False
legacy,11,-1.7473599910736084,14,False
