cell,dataset,selector,expected_candidate_count,planned_k,preparation_group,score_group,selection_group,configuration
aagu015-s-citeseer-seed2024-r0.01/degree,CiteSeer,degree,2328,23,,9286a88496aa5177c5af9baeecc532798f523cda891b36b0ae8f545748394047,d3aea0e3741e706d4d6e4a618509cf52951ab3fa0ede0707af8c75fc6ea64cd4,generated/stage_s/citeseer-seed2024-r0.01.yaml
aagu015-s-citeseer-seed2024-r0.01/random,CiteSeer,random,2328,23,,8e9498dd584670a939cc00b2e34a0b4f23079a7826fbbf01fd33a2e8c399b979,b8310f12a6f7b58e4a88de40f6ba1fc2527f6f0116448fa8e0115f1550c11f66,generated/stage_s/citeseer-seed2024-r0.01.yaml
aagu015-s-citeseer-seed2024-r0.01/a_grad_norm,CiteSeer,a_grad_norm,2328,23,ef324c366f1c1a30eaecc192675f8b891464e1e340594027eb301f376e94dde5,4165f781d9984800400c963db7a836f96de7fbd72f4e7d661f011f16882a0bfd,cc28b06dea393017e97127247a5f6a41ff2ec1536cdf93c841dce9abda6a43d7,generated/stage_s/citeseer-seed2024-r0.01.yaml
aagu015-s-citeseer-seed2024-r0.01/b_param_hutch,CiteSeer,b_param_hutch,2328,23,ef324c366f1c1a30eaecc192675f8b891464e1e340594027eb301f376e94dde5,d75d967a8ba6fc498d8ba2f73f925a38ef1a16075a3f2ed841b54e562b6f81e7,287787575cf28e96e2ec221e9b4476cf7e4349a13741e499b567e320ac997ea4,generated/stage_s/citeseer-seed2024-r0.01.yaml
aagu015-s-citeseer-seed2024-r0.01/r_point,CiteSeer,r_point,2328,23,ef324c366f1c1a30eaecc192675f8b891464e1e340594027eb301f376e94dde5,908f1f2b3ef0f29ac4cc777cdf5734f7c1e8aaf5ed6b3a67d044ecaa895c77db,39a09ffd744bea6336de5cf4bbde3156a7588f06592ba88e527e00e7398e0c6d,generated/stage_s/citeseer-seed2024-r0.01.yaml
aagu015-s-citeseer-seed2024-r0.01/gt_simple,CiteSeer,gt_simple,2328,23,ef324c366f1c1a30eaecc192675f8b891464e1e340594027eb301f376e94dde5,f72bb5d81ab22a1cbe179e6517d59b604035966b599cd655f1ba469dbb576e8b,f16dbda9c852ae225ab0d9868ad3f3efce390ccb8ee95f0fefa23ac2008c9a98,generated/stage_s/citeseer-seed2024-r0.01.yaml
aagu015-s-citeseer-seed2024-r0.01/gt_full,CiteSeer,gt_full,2328,23,ef324c366f1c1a30eaecc192675f8b891464e1e340594027eb301f376e94dde5,b718ab63533644be8edc02f4c720b46f3d7a7ce2a31f142b8395465641b27754,047056ff4edcf5d28ce6ce84704611d2f4f99183d5ceac26d926d7b92c8c22ef,generated/stage_s/citeseer-seed2024-r0.01.yaml
aagu015-s-citeseer-seed2024-r0.01/p_point,CiteSeer,p_point,2328,23,ef324c366f1c1a30eaecc192675f8b891464e1e340594027eb301f376e94dde5,3756dc5b71e960505cdc1a504fde1350081658a39da8cbd79960fe558395dce6,ae8420f46c8d0b8c19dc23fe1e47def875a0b481187f728e0cecba822931709f,generated/stage_s/citeseer-seed2024-r0.01.yaml
aagu015-s-citeseer-seed2024-r0.01/p_simple,CiteSeer,p_simple,2328,23,ef324c366f1c1a30eaecc192675f8b891464e1e340594027eb301f376e94dde5,1fee43895321ef9fdf1a7369985482373cbace41bc837d89abb289eb3c1b8735,7925cc5e25e1598e5bcca82dbf9ad3daaa9167c4fd1a41c24ac9ade1db00f050,generated/stage_s/citeseer-seed2024-r0.01.yaml
aagu015-s-citeseer-seed2024-r0.01/p_graph,CiteSeer,p_graph,2328,23,ef324c366f1c1a30eaecc192675f8b891464e1e340594027eb301f376e94dde5,4f262f1903ac09ca23ac912ef87dd1ef54ef1074b7efd840cf471e43cc5b8c64,091ecbd5d62c8ba8fecee6433ea6bbac819973527bf2f69c919028317ae082a0,generated/stage_s/citeseer-seed2024-r0.01.yaml
aagu015-s-citeseer-seed2024-r0.01/tracin_cp_point_3,CiteSeer,tracin_cp_point_3,2328,23,ef324c366f1c1a30eaecc192675f8b891464e1e340594027eb301f376e94dde5,19bb61a71cea2ebd04d40774feb203cf22aaf05e0f433dabef1252922ecc41d5,1c564e63fb978e159f770136badfe0e13154f016c396db669115e43bd526f74e,generated/stage_s/citeseer-seed2024-r0.01.yaml
aagu015-s-citeseer-seed2024-r0.01/tracin_cp_point_6,CiteSeer,tracin_cp_point_6,2328,23,ef324c366f1c1a30eaecc192675f8b891464e1e340594027eb301f376e94dde5,fee48b9bae1b93d69ed4e7903cf7f4f5bf4bc42be3bf172fa71eaccebb0e4656,c9ffb4a9a2c2d099c85bd55581cbf11b6322a0140fcd810aba4b0b1f1dffe93c,generated/stage_s/citeseer-seed2024-r0.01.yaml
aagu015-s-citeseer-seed2024-r0.01/tracin_cp_simple_3,CiteSeer,tracin_cp_simple_3,2328,23,ef324c366f1c1a30eaecc192675f8b891464e1e340594027eb301f376e94dde5,e7319248d84d42f2de97abecf1fb60c3cf5e3a31d6bd5d698762653bb0e71b4c,3d2322bc2b9cf72c5accdc59aac6ffccc591fe587814cf8d47d632cc529a34c3,generated/stage_s/citeseer-seed2024-r0.01.yaml
aagu015-s-citeseer-seed2024-r0.01/tracin_cp_simple_6,CiteSeer,tracin_cp_simple_6,2328,23,ef324c366f1c1a30eaecc192675f8b891464e1e340594027eb301f376e94dde5,b494367405ffa13208151c22211103623b43d1c8284b5b8410d7857100dbb81b,60aa8dc6fee473c29fdd196388806ed32296cf9b9bb2962562914189efee3177,generated/stage_s/citeseer-seed2024-r0.01.yaml
aagu015-s-citeseer-seed2024-r0.01/tracin_cp_graph_3,CiteSeer,tracin_cp_graph_3,2328,23,ef324c366f1c1a30eaecc192675f8b891464e1e340594027eb301f376e94dde5,2cb87e50a89190ab94420df3e99d9540e7e17451b0832d574ceeb9e09eac8887,14e0faed8aef7b4769323a8e80928d49accec12e5b66376ba842caf0649ee34e,generated/stage_s/citeseer-seed2024-r0.01.yaml
aagu015-s-citeseer-seed2024-r0.01/tracin_cp_graph_6,CiteSeer,tracin_cp_graph_6,2328,23,ef324c366f1c1a30eaecc192675f8b891464e1e340594027eb301f376e94dde5,d8d274233304e52c6173f71fe7ce9664719d775ea525df0783613b6c86a31a3c,e24d9f439abcb4eae2d95364fcedb11b9503debdda3cf999e694a05e2d517b08,generated/stage_s/citeseer-seed2024-r0.01.yaml
aagu015-s-citeseer-seed2024-r0.01/legacy,CiteSeer,legacy,2328,23,ef324c366f1c1a30eaecc192675f8b891464e1e340594027eb301f376e94dde5,1fc7f905fc69f992c6cfcadd225baa9e68ce20281db553f831986778dd67fd06,4fd50339685dc85cbf2c45e1d3dcd72d7465c0ea50e17859a4cc1281c9b7f2e6,generated/stage_s/citeseer-seed2024-r0.01.yaml
aagu015-s-citeseer-seed2024-r0.05/degree,CiteSeer,degree,2328,116,,9286a88496aa5177c5af9baeecc532798f523cda891b36b0ae8f545748394047,0cc516905a0425d943cde830993e94a70abc65b81c55a35435eb82fd8d31037d,generated/stage_s/citeseer-seed2024-r0.05.yaml
aagu015-s-citeseer-seed2024-r0.05/random,CiteSeer,random,2328,116,,8e9498dd584670a939cc00b2e34a0b4f23079a7826fbbf01fd33a2e8c399b979,002843dcd22b01230d3115f2223446f61f36a89dd589b9bfc2610662fcb99456,generated/stage_s/citeseer-seed2024-r0.05.yaml
aagu015-s-citeseer-seed2024-r0.05/a_grad_norm,CiteSeer,a_grad_norm,2328,116,ef324c366f1c1a30eaecc192675f8b891464e1e340594027eb301f376e94dde5,4165f781d9984800400c963db7a836f96de7fbd72f4e7d661f011f16882a0bfd,52b36d0b61b2b3c3df0a48742b793935ba550d859e276586dd2d6294590a5e89,generated/stage_s/citeseer-seed2024-r0.05.yaml
aagu015-s-citeseer-seed2024-r0.05/b_param_hutch,CiteSeer,b_param_hutch,2328,116,ef324c366f1c1a30eaecc192675f8b891464e1e340594027eb301f376e94dde5,d75d967a8ba6fc498d8ba2f73f925a38ef1a16075a3f2ed841b54e562b6f81e7,aa158e12daa0523a20f0938014c0a1ff8ba25d47b8ac0389a78e06b9e768b828,generated/stage_s/citeseer-seed2024-r0.05.yaml
aagu015-s-citeseer-seed2024-r0.05/r_point,CiteSeer,r_point,2328,116,ef324c366f1c1a30eaecc192675f8b891464e1e340594027eb301f376e94dde5,908f1f2b3ef0f29ac4cc777cdf5734f7c1e8aaf5ed6b3a67d044ecaa895c77db,38d821afeb0c64d09a78525a54f7278d2bf6ae9a87b2fc0795a8bd251e435797,generated/stage_s/citeseer-seed2024-r0.05.yaml
aagu015-s-citeseer-seed2024-r0.05/gt_simple,CiteSeer,gt_simple,2328,116,ef324c366f1c1a30eaecc192675f8b891464e1e340594027eb301f376e94dde5,f72bb5d81ab22a1cbe179e6517d59b604035966b599cd655f1ba469dbb576e8b,c6fbee8e104e1c5bcc758ef421d0e72a5c687b41bfe8a9a40d350003fe3ca3c8,generated/stage_s/citeseer-seed2024-r0.05.yaml
aagu015-s-citeseer-seed2024-r0.05/gt_full,CiteSeer,gt_full,2328,116,ef324c366f1c1a30eaecc192675f8b891464e1e340594027eb301f376e94dde5,b718ab63533644be8edc02f4c720b46f3d7a7ce2a31f142b8395465641b27754,9ddbb64d7c128529c28cb23e8eba367beb003a0ce0a13ecf1002175e88403d7f,generated/stage_s/citeseer-seed2024-r0.05.yaml
aagu015-s-citeseer-seed2024-r0.05/p_point,CiteSeer,p_point,2328,116,ef324c366f1c1a30eaecc192675f8b891464e1e340594027eb301f376e94dde5,3756dc5b71e960505cdc1a504fde1350081658a39da8cbd79960fe558395dce6,c54b3b6c70c776730e394b47697fcd1c2d8c50ca48205e32fbbb6ddfc8f93d3b,generated/stage_s/citeseer-seed2024-r0.05.yaml
aagu015-s-citeseer-seed2024-r0.05/p_simple,CiteSeer,p_simple,2328,116,ef324c366f1c1a30eaecc192675f8b891464e1e340594027eb301f376e94dde5,1fee43895321ef9fdf1a7369985482373cbace41bc837d89abb289eb3c1b8735,8945d24ea966284795c127a5df29d3748c7d5fdb31a94851d046395112f64e64,generated/stage_s/citeseer-seed2024-r0.05.yaml
aagu015-s-citeseer-seed2024-r0.05/p_graph,CiteSeer,p_graph,2328,116,ef324c366f1c1a30eaecc192675f8b891464e1e340594027eb301f376e94dde5,4f262f1903ac09ca23ac912ef87dd1ef54ef1074b7efd840cf471e43cc5b8c64,7de92b711c9871b1e58310d27a8952ef7bcc8744433fba7b0971f569ac63f8b1,generated/stage_s/citeseer-seed2024-r0.05.yaml
aagu015-s-citeseer-seed2024-r0.05/tracin_cp_point_3,CiteSeer,tracin_cp_point_3,2328,116,ef324c366f1c1a30eaecc192675f8b891464e1e340594027eb301f376e94dde5,19bb61a71cea2ebd04d40774feb203cf22aaf05e0f433dabef1252922ecc41d5,b4ee2a34abdab9b6dbe35ba6a10f30d98bd32b9919cf1abd37a0273c7f941405,generated/stage_s/citeseer-seed2024-r0.05.yaml
aagu015-s-citeseer-seed2024-r0.05/tracin_cp_point_6,CiteSeer,tracin_cp_point_6,2328,116,ef324c366f1c1a30eaecc192675f8b891464e1e340594027eb301f376e94dde5,fee48b9bae1b93d69ed4e7903cf7f4f5bf4bc42be3bf172fa71eaccebb0e4656,d1367ade5b95ed46c308f1a54f5e036a383ef2c052106785daae3fd2ef124d8a,generated/stage_s/citeseer-seed2024-r0.05.yaml
aagu015-s-citeseer-seed2024-r0.05/tracin_cp_simple_3,CiteSeer,tracin_cp_simple_3,2328,116,ef324c366f1c1a30eaecc192675f8b891464e1e340594027eb301f376e94dde5,e7319248d84d42f2de97abecf1fb60c3cf5e3a31d6bd5d698762653bb0e71b4c,bec10ac5f791b116e28bfcc51e5086e9b9ca97f6c45a58b5bc4567f4d9d2defc,generated/stage_s/citeseer-seed2024-r0.05.yaml
aagu015-s-citeseer-seed2024-r0.05/tracin_cp_simple_6,CiteSeer,tracin_cp_simple_6,2328,116,ef324c366f1c1a30eaecc192675f8b891464e1e340594027eb301f376e94dde5,b494367405ffa13208151c22211103623b43d1c8284b5b8410d7857100dbb81b,fe44a6550aa2eb4eb29c641f16f925552f9f34aa7d14dae6ed4e733485921377,generated/stage_s/citeseer-seed2024-r0.05.yaml
aagu015-s-citeseer-seed2024-r0.05/tracin_cp_graph_3,CiteSeer,tracin_cp_graph_3,2328,116,ef324c366f1c1a30eaecc192675f8b891464e1e340594027eb301f376e94dde5,2cb87e50a89190ab94420df3e99d9540e7e17451b0832d574ceeb9e09eac8887,4b1b4181a5fe280638f4af5119870c4a42f79430fe19d84e8eed1d36c950f17f,generated/stage_s/citeseer-seed2024-r0.05.yaml
aagu015-s-citeseer-seed2024-r0.05/tracin_cp_graph_6,CiteSeer,tracin_cp_graph_6,2328,116,ef324c366f1c1a30eaecc192675f8b891464e1e340594027eb301f376e94dde5,d8d274233304e52c6173f71fe7ce9664719d775ea525df0783613b6c86a31a3c,12d7c33670fd5b5e525c56256ca43f179f46fa437b7695a4c6363fe6fde34236,generated/stage_s/citeseer-seed2024-r0.05.yaml
aagu015-s-citeseer-seed2024-r0.05/legacy,CiteSeer,legacy,2328,116,ef324c366f1c1a30eaecc192675f8b891464e1e340594027eb301f376e94dde5,1fc7f905fc69f992c6cfcadd225baa9e68ce20281db553f831986778dd67fd06,12b907fa406fc57660f151785f333bc46f98b9ca51e05abb796869a311692540,generated/stage_s/citeseer-seed2024-r0.05.yaml
aagu015-s-citeseer-seed212-r0.01/degree,CiteSeer,degree,2328,23,,9286a88496aa5177c5af9baeecc532798f523cda891b36b0ae8f545748394047,d3aea0e3741e706d4d6e4a618509cf52951ab3fa0ede0707af8c75fc6ea64cd4,generated/stage_s/citeseer-seed212-r0.01.yaml
aagu015-s-citeseer-seed212-r0.01/random,CiteSeer,random,2328,23,,8e9498dd584670a939cc00b2e34a0b4f23079a7826fbbf01fd33a2e8c399b979,b8310f12a6f7b58e4a88de40f6ba1fc2527f6f0116448fa8e0115f1550c11f66,generated/stage_s/citeseer-seed212-r0.01.yaml
aagu015-s-citeseer-seed212-r0.01/a_grad_norm,CiteSeer,a_grad_norm,2328,23,693cf55f2fe4620ec755ed3f91b278283c06f287d242bc6cc9ab824f21b062ac,771c5723b45828d9b1d2a12bcadf545deb41c844351674a8494a8a4f5f3f33f5,dad117cfa6d79c63087b2fb798b0a1b5316f9bccd7fbc3661a6c2ddb53b458cf,generated/stage_s/citeseer-seed212-r0.01.yaml
aagu015-s-citeseer-seed212-r0.01/b_param_hutch,CiteSeer,b_param_hutch,2328,23,693cf55f2fe4620ec755ed3f91b278283c06f287d242bc6cc9ab824f21b062ac,20a2608080d72140a57ae50efcfa140fc84b5ccc23ce1095b9a5f39d8e0c02a2,879ee18f9f1f3e020d1fc6deee1f73bc2ba4bf7272efa19c11b85b56067fa179,generated/stage_s/citeseer-seed212-r0.01.yaml
aagu015-s-citeseer-seed212-r0.01/r_point,CiteSeer,r_point,2328,23,693cf55f2fe4620ec755ed3f91b278283c06f287d242bc6cc9ab824f21b062ac,1da462326d4387128bcbd3f8221b1c7c96c53aec8267fd3b9e2356f1b0e81c6d,05547e28ad4bae617f218adfe66b07428dc57776e50c9b2d17b89b10d474c62e,generated/stage_s/citeseer-seed212-r0.01.yaml
aagu015-s-citeseer-seed212-r0.01/gt_simple,CiteSeer,gt_simple,2328,23,693cf55f2fe4620ec755ed3f91b278283c06f287d242bc6cc9ab824f21b062ac,ee4d1101768a16c90c24b4de7642c886f759b21333d88c52ae0d6abba7ef196d,dc040ef674f38112b26f6c9907ecd4c07968f89da882cee026240fa6decb946b,generated/stage_s/citeseer-seed212-r0.01.yaml
aagu015-s-citeseer-seed212-r0.01/gt_full,CiteSeer,gt_full,2328,23,693cf55f2fe4620ec755ed3f91b278283c06f287d242bc6cc9ab824f21b062ac,8815a81c551769f254d5f95693b9a26f90e837b83b01f72f10184cb8e9e91509,478ceeb421186316cd12155e90fb61e9fdfad3530cf74031954978aea15ea559,generated/stage_s/citeseer-seed212-r0.01.yaml
aagu015-s-citeseer-seed212-r0.01/p_point,CiteSeer,p_point,2328,23,693cf55f2fe4620ec755ed3f91b278283c06f287d242bc6cc9ab824f21b062ac,ecadb8ce8b0c8f8e0abbc783990fcc5d052f29f708089509b7b4146e27e8984a,ea23e98327c613ef8dc0255b1152a48cf33f3fb74efecfba59fac9ab38d03cfd,generated/stage_s/citeseer-seed212-r0.01.yaml
aagu015-s-citeseer-seed212-r0.01/p_simple,CiteSeer,p_simple,2328,23,693cf55f2fe4620ec755ed3f91b278283c06f287d242bc6cc9ab824f21b062ac,7b5212677f1a957a3bf431c079f59df6d0eb9cf6b424eb1dd9b2a5856f9b796f,a30876233b096b46308d402f345bec43c3d48ac8d4a70f81d5d25b296f5815b6,generated/stage_s/citeseer-seed212-r0.01.yaml
aagu015-s-citeseer-seed212-r0.01/p_graph,CiteSeer,p_graph,2328,23,693cf55f2fe4620ec755ed3f91b278283c06f287d242bc6cc9ab824f21b062ac,0dd6e04cd2b16c274d42a1182a8076df9892476814deb145bf7f981232f09fd0,0be426e221bc013a6aeb005c4d9b154cd33f8009eeb4a1be82331167a7eb5dda,generated/stage_s/citeseer-seed212-r0.01.yaml
aagu015-s-citeseer-seed212-r0.01/tracin_cp_point_3,CiteSeer,tracin_cp_point_3,2328,23,693cf55f2fe4620ec755ed3f91b278283c06f287d242bc6cc9ab824f21b062ac,fa6fdf2080a2d947a0e4077fce13c68477fe9ec7660cb789f850805f2cc1d6ca,d76d0f9985fe5cbb795d9199c3158a28fca11309b34f3c672d64123c2d2dbe6c,generated/stage_s/citeseer-seed212-r0.01.yaml
aagu015-s-citeseer-seed212-r0.01/tracin_cp_point_6,CiteSeer,tracin_cp_point_6,2328,23,693cf55f2fe4620ec755ed3f91b278283c06f287d242bc6cc9ab824f21b062ac,b4a9c44609bc3b79063fd9a894fe3732c15a005e816999ff46c47dd92fa8080e,7be5e5623385d7cc9c4dc4df2d7d85313717918715d32f5c8428f0bb5f3a53d2,generated/stage_s/citeseer-seed212-r0.01.yaml
aagu015-s-citeseer-seed212-r0.01/tracin_cp_simple_3,CiteSeer,tracin_cp_simple_3,2328,23,693cf55f2fe4620ec755ed3f91b278283c06f287d242bc6cc9ab824f21b062ac,354c1ad840a26c6ed7df4874040925ce97ec6da6c0dc1f662d1171d031cb10d4,ae9cf7e4410e3c7d8ecd465bc7427f05de3e9a9d020ce3cfc503f9a3eb1f680f,generated/stage_s/citeseer-seed212-r0.01.yaml
aagu015-s-citeseer-seed212-r0.01/tracin_cp_simple_6,CiteSeer,tracin_cp_simple_6,2328,23,693cf55f2fe4620ec755ed3f91b278283c06f287d242bc6cc9ab824f21b062ac,8d801b3f2a871f6053e942b96cb873e92fbbcdf124f649b7af8904a97af61fd0,ec3648dbcf84170f611543b55e9197ddb20cebbce0023ced948441eb6ae78841,generated/stage_s/citeseer-seed212-r0.01.yaml
aagu015-s-citeseer-seed212-r0.01/tracin_cp_graph_3,CiteSeer,tracin_cp_graph_3,2328,23,693cf55f2fe4620ec755ed3f91b278283c06f287d242bc6cc9ab824f21b062ac,786eea05f6060e6a21ed454aca689bdd062be1454998b93c81a69b6f638d6add,3c469959b9a7e905b62b660cc28d3e7a2df4759967733d356ec91dc6f392c613,generated/stage_s/citeseer-seed212-r0.01.yaml
aagu015-s-citeseer-seed212-r0.01/tracin_cp_graph_6,CiteSeer,tracin_cp_graph_6,2328,23,693cf55f2fe4620ec755ed3f91b278283c06f287d242bc6cc9ab824f21b062ac,5dfa41c8ab3304234fa9b0329d4e81f1bfbd32ca98ea0821cd5af324f2126e6c,2bc8daad6f7f693d9f34db7e68571116787df29244d1948fcccd4404b97c5a82,generated/stage_s/citeseer-seed212-r0.01.yaml
aagu015-s-citeseer-seed212-r0.01/legacy,CiteSeer,legacy,2328,23,693cf55f2fe4620ec755ed3f91b278283c06f287d242bc6cc9ab824f21b062ac,16218cec55f38b6ca5e4467cbeccc2890002419e5bec355a949f8eba099c98e8,84442b98e76befe6b854a9ea302018b55708c73ee5763e33feaddbf5cf681e94,generated/stage_s/citeseer-seed212-r0.01.yaml
aagu015-s-citeseer-seed212-r0.05/degree,CiteSeer,degree,2328,116,,9286a88496aa5177c5af9baeecc532798f523cda891b36b0ae8f545748394047,0cc516905a0425d943cde830993e94a70abc65b81c55a35435eb82fd8d31037d,generated/stage_s/citeseer-seed212-r0.05.yaml
aagu015-s-citeseer-seed212-r0.05/random,CiteSeer,random,2328,116,,8e9498dd584670a939cc00b2e34a0b4f23079a7826fbbf01fd33a2e8c399b979,002843dcd22b01230d3115f2223446f61f36a89dd589b9bfc2610662fcb99456,generated/stage_s/citeseer-seed212-r0.05.yaml
aagu015-s-citeseer-seed212-r0.05/a_grad_norm,CiteSeer,a_grad_norm,2328,116,693cf55f2fe4620ec755ed3f91b278283c06f287d242bc6cc9ab824f21b062ac,771c5723b45828d9b1d2a12bcadf545deb41c844351674a8494a8a4f5f3f33f5,3ef88961b45562848d4b1c9de2a339420d61f2e3c14cd71c9fe87a53e385c36f,generated/stage_s/citeseer-seed212-r0.05.yaml
aagu015-s-citeseer-seed212-r0.05/b_param_hutch,CiteSeer,b_param_hutch,2328,116,693cf55f2fe4620ec755ed3f91b278283c06f287d242bc6cc9ab824f21b062ac,20a2608080d72140a57ae50efcfa140fc84b5ccc23ce1095b9a5f39d8e0c02a2,19bb7dc528cbc7932ed2c199e89b9f49917c6c8fd2555090f2810fbc81619b8e,generated/stage_s/citeseer-seed212-r0.05.yaml
aagu015-s-citeseer-seed212-r0.05/r_point,CiteSeer,r_point,2328,116,693cf55f2fe4620ec755ed3f91b278283c06f287d242bc6cc9ab824f21b062ac,1da462326d4387128bcbd3f8221b1c7c96c53aec8267fd3b9e2356f1b0e81c6d,4e7ca8fe9fb5567cac5a01c7db910ce3b59e7f3e16f08471b1d6c3a3c8afb721,generated/stage_s/citeseer-seed212-r0.05.yaml
aagu015-s-citeseer-seed212-r0.05/gt_simple,CiteSeer,gt_simple,2328,116,693cf55f2fe4620ec755ed3f91b278283c06f287d242bc6cc9ab824f21b062ac,ee4d1101768a16c90c24b4de7642c886f759b21333d88c52ae0d6abba7ef196d,5a02af62bf8d8492f0fc9fd623f5ef13ca4ebe50a1f76916067637899060158c,generated/stage_s/citeseer-seed212-r0.05.yaml
aagu015-s-citeseer-seed212-r0.05/gt_full,CiteSeer,gt_full,2328,116,693cf55f2fe4620ec755ed3f91b278283c06f287d242bc6cc9ab824f21b062ac,8815a81c551769f254d5f95693b9a26f90e837b83b01f72f10184cb8e9e91509,0f27fb386f495068ccd739b2e1bcef5e2af6c22748526c5e90cfc8dde3cd53d8,generated/stage_s/citeseer-seed212-r0.05.yaml
aagu015-s-citeseer-seed212-r0.05/p_point,CiteSeer,p_point,2328,116,693cf55f2fe4620ec755ed3f91b278283c06f287d242bc6cc9ab824f21b062ac,ecadb8ce8b0c8f8e0abbc783990fcc5d052f29f708089509b7b4146e27e8984a,af52406ecdd40e3df311cc2760b1ea51458d286cf2157a125e42456870681c46,generated/stage_s/citeseer-seed212-r0.05.yaml
aagu015-s-citeseer-seed212-r0.05/p_simple,CiteSeer,p_simple,2328,116,693cf55f2fe4620ec755ed3f91b278283c06f287d242bc6cc9ab824f21b062ac,7b5212677f1a957a3bf431c079f59df6d0eb9cf6b424eb1dd9b2a5856f9b796f,c7c8cd0e357d07bd4e15b5f5bd891a3faf46e8ec9e65ef8780ae6ed692811c3b,generated/stage_s/citeseer-seed212-r0.05.yaml
aagu015-s-citeseer-seed212-r0.05/p_graph,CiteSeer,p_graph,2328,116,693cf55f2fe4620ec755ed3f91b278283c06f287d242bc6cc9ab824f21b062ac,0dd6e04cd2b16c274d42a1182a8076df9892476814deb145bf7f981232f09fd0,27c049e4d9cb9a5b32169b7fac302b48057360efb33d06cae68de2ea9dde28b2,generated/stage_s/citeseer-seed212-r0.05.yaml
aagu015-s-citeseer-seed212-r0.05/tracin_cp_point_3,CiteSeer,tracin_cp_point_3,2328,116,693cf55f2fe4620ec755ed3f91b278283c06f287d242bc6cc9ab824f21b062ac,fa6fdf2080a2d947a0e4077fce13c68477fe9ec7660cb789f850805f2cc1d6ca,eb13f6ab3c815d688e1980ba29808fd1331d2c08a9bc6381d1f8001569cc7661,generated/stage_s/citeseer-seed212-r0.05.yaml
aagu015-s-citeseer-seed212-r0.05/tracin_cp_point_6,CiteSeer,tracin_cp_point_6,2328,116,693cf55f2fe4620ec755ed3f91b278283c06f287d242bc6cc9ab824f21b062ac,b4a9c44609bc3b79063fd9a894fe3732c15a005e816999ff46c47dd92fa8080e,8c19044d5325dabe5a1bcae607171299a17d6752aab821f68e889f593c260c69,generated/stage_s/citeseer-seed212-r0.05.yaml
aagu015-s-citeseer-seed212-r0.05/tracin_cp_simple_3,CiteSeer,tracin_cp_simple_3,2328,116,693cf55f2fe4620ec755ed3f91b278283c06f287d242bc6cc9ab824f21b062ac,354c1ad840a26c6ed7df4874040925ce97ec6da6c0dc1f662d1171d031cb10d4,391e1038ec01817e27ff67fd75cf73c34e2966f0cc943cde38bc9f8f385d708a,generated/stage_s/citeseer-seed212-r0.05.yaml
aagu015-s-citeseer-seed212-r0.05/tracin_cp_simple_6,CiteSeer,tracin_cp_simple_6,2328,116,693cf55f2fe4620ec755ed3f91b278283c06f287d242bc6cc9ab824f21b062ac,8d801b3f2a871f6053e942b96cb873e92fbbcdf124f649b7af8904a97af61fd0,2f730d2f722ea6b05aecb91c100c78ee4d9c124b0bdc4e55416e5ac4d39bac5b,generated/stage_s/citeseer-seed212-r0.05.yaml
aagu015-s-citeseer-seed212-r0.05/tracin_cp_graph_3,CiteSeer,tracin_cp_graph_3,2328,116,693cf55f2fe4620ec755ed3f91b278283c06f287d242bc6cc9ab824f21b062ac,786eea05f6060e6a21ed454aca689bdd062be1454998b93c81a69b6f638d6add,fea665028b0cdd503e5fc17d736736149bc8c2952087d50d36f0dc0c8ae6fbd4,generated/stage_s/citeseer-seed212-r0.05.yaml
aagu015-s-citeseer-seed212-r0.05/tracin_cp_graph_6,CiteSeer,tracin_cp_graph_6,2328,116,693cf55f2fe4620ec755ed3f91b278283c06f287d242bc6cc9ab824f21b062ac,5dfa41c8ab3304234fa9b0329d4e81f1bfbd32ca98ea0821cd5af324f2126e6c,865211680db57c8e3adc2e11013ae2c9653698ed72c981d7ec4036921e96ac8d,generated/stage_s/citeseer-seed212-r0.05.yaml
aagu015-s-citeseer-seed212-r0.05/legacy,CiteSeer,legacy,2328,116,693cf55f2fe4620ec755ed3f91b278283c06f287d242bc6cc9ab824f21b062ac,16218cec55f38b6ca5e4467cbeccc2890002419e5bec355a949f8eba099c98e8,58b51810d947662ff57e923b00a98c559b7d140911477faca345223aacdf5b7a,generated/stage_s/citeseer-seed212-r0.05.yaml
aagu015-s-citeseer-seed42-r0.01/degree,CiteSeer,degree,2328,23,,9286a88496aa5177c5af9baeecc532798f523cda891b36b0ae8f545748394047,d3aea0e3741e706d4d6e4a618509cf52951ab3fa0ede0707af8c75fc6ea64cd4,generated/stage_s/citeseer-seed42-r0.01.yaml
aagu015-s-citeseer-seed42-r0.01/random,CiteSeer,random,2328,23,,8e9498dd584670a939cc00b2e34a0b4f23079a7826fbbf01fd33a2e8c399b979,b8310f12a6f7b58e4a88de40f6ba1fc2527f6f0116448fa8e0115f1550c11f66,generated/stage_s/citeseer-seed42-r0.01.yaml
aagu015-s-citeseer-seed42-r0.01/a_grad_norm,CiteSeer,a_grad_norm,2328,23,2e01ea55a5d83ee56b1b6c3ba0cd7a13d15273393da54079c837b11e19a03b3b,6c135ee104e9deac5c269a7afada5882f89287cc0171c011465af7038fdf8639,ae3249218f6c4b94937998e0984668778145040809d49efa66850c31367f10c2,generated/stage_s/citeseer-seed42-r0.01.yaml
aagu015-s-citeseer-seed42-r0.01/b_param_hutch,CiteSeer,b_param_hutch,2328,23,2e01ea55a5d83ee56b1b6c3ba0cd7a13d15273393da54079c837b11e19a03b3b,dc548a5f1852415deaf63d62f7f6f4786ab6df55c3e3018884ede8f9fe9fd850,5f9d05854ce7d5d8b4ee485d5be7530487e11593c790c10994854b297f743228,generated/stage_s/citeseer-seed42-r0.01.yaml
aagu015-s-citeseer-seed42-r0.01/r_point,CiteSeer,r_point,2328,23,2e01ea55a5d83ee56b1b6c3ba0cd7a13d15273393da54079c837b11e19a03b3b,2c38af7c8e4965103d551f834ba3813e519de6ba0d6c9c80609cecd10268c5c4,f08150e5207ea2b3722844d8ffcb4566b9ac016d16e6c59f41e4ca33b41df342,generated/stage_s/citeseer-seed42-r0.01.yaml
aagu015-s-citeseer-seed42-r0.01/gt_simple,CiteSeer,gt_simple,2328,23,2e01ea55a5d83ee56b1b6c3ba0cd7a13d15273393da54079c837b11e19a03b3b,3b2b1963056620ea69a4d4e5deb56a21d7a762e71274c076f34a2847e4c426a3,aa82262093ddca93e93ddd2c338bca10246b853633b6139c7295d2cacf34a1b6,generated/stage_s/citeseer-seed42-r0.01.yaml
aagu015-s-citeseer-seed42-r0.01/gt_full,CiteSeer,gt_full,2328,23,2e01ea55a5d83ee56b1b6c3ba0cd7a13d15273393da54079c837b11e19a03b3b,118604f84da90d91c432edde198697126fcd1a85a286f7a8679aea978a9f566b,7bd63db3c501f7167074a73dabbcfbf3d23579d90a6904ddf31a0548f5cf5e18,generated/stage_s/citeseer-seed42-r0.01.yaml
aagu015-s-citeseer-seed42-r0.01/p_point,CiteSeer,p_point,2328,23,2e01ea55a5d83ee56b1b6c3ba0cd7a13d15273393da54079c837b11e19a03b3b,42fd734006234fceef6f416567731c33d74ccc777041cb0f79ded849c0ce40d8,bbd7878c50ba093a2e183e93713646ab858c83ca589b34ad329ed74533bb8fce,generated/stage_s/citeseer-seed42-r0.01.yaml
aagu015-s-citeseer-seed42-r0.01/p_simple,CiteSeer,p_simple,2328,23,2e01ea55a5d83ee56b1b6c3ba0cd7a13d15273393da54079c837b11e19a03b3b,c77cb097ebe25f5f41596ffd7f6ef6822bdf0c5bdfceaa618598f6608c72997a,3266effa4f836cd199b99637a7adc769058e486e69de90996ace1b0e3f420686,generated/stage_s/citeseer-seed42-r0.01.yaml
aagu015-s-citeseer-seed42-r0.01/p_graph,CiteSeer,p_graph,2328,23,2e01ea55a5d83ee56b1b6c3ba0cd7a13d15273393da54079c837b11e19a03b3b,38f725829ff622cf89cc8576d3fcce2c796472538336ce67a5806da151b859e3,519fadb93e207658eed964d56c6f2f085291f79e41fc365e2a033bdc87b68e5b,generated/stage_s/citeseer-seed42-r0.01.yaml
aagu015-s-citeseer-seed42-r0.01/tracin_cp_point_3,CiteSeer,tracin_cp_point_3,2328,23,2e01ea55a5d83ee56b1b6c3ba0cd7a13d15273393da54079c837b11e19a03b3b,edc64b950fbc8bb868461aa6078586beed93c381762e8297ba5bdf1cdd9f2ac4,4312efc9663111eb2c1a630b3f7c4ba9c59770a6eb3329f5c53466846357838e,generated/stage_s/citeseer-seed42-r0.01.yaml
aagu015-s-citeseer-seed42-r0.01/tracin_cp_point_6,CiteSeer,tracin_cp_point_6,2328,23,2e01ea55a5d83ee56b1b6c3ba0cd7a13d15273393da54079c837b11e19a03b3b,7bf92923370f1a0207035e6fc560de8b5fc030963fdcc3fb63e3874282d0a906,eef8d7e4270a599319ef53dc36011b9b1fc1f2466ddd630d906f75527825e263,generated/stage_s/citeseer-seed42-r0.01.yaml
aagu015-s-citeseer-seed42-r0.01/tracin_cp_simple_3,CiteSeer,tracin_cp_simple_3,2328,23,2e01ea55a5d83ee56b1b6c3ba0cd7a13d15273393da54079c837b11e19a03b3b,fb73f743823c82ee8656e9d594e7def3482a06d2f7a98b162b4c7348eaa23863,e76c068a2e2bca937c6c2dc994a0a3d40a79290e712d66628ef3c1ddb72e2570,generated/stage_s/citeseer-seed42-r0.01.yaml
aagu015-s-citeseer-seed42-r0.01/tracin_cp_simple_6,CiteSeer,tracin_cp_simple_6,2328,23,2e01ea55a5d83ee56b1b6c3ba0cd7a13d15273393da54079c837b11e19a03b3b,55972d7837e90c2fd9e4906288c4232559090aa189445ebbcd9db06bfc55296b,906851fd5ffcf9bb20368170d079ad40b777ed106c9c42ae15b3a89c70a9ba1f,generated/stage_s/citeseer-seed42-r0.01.yaml
aagu015-s-citeseer-seed42-r0.01/tracin_cp_graph_3,CiteSeer,tracin_cp_graph_3,2328,23,2e01ea55a5d83ee56b1b6c3ba0cd7a13d15273393da54079c837b11e19a03b3b,570952905b5e801e6d3a3118e90742480fca1938ccadf552422b96f156bd21eb,b37dab0fffe8d9e05997a4fc13a01eed6a2b1d5dd1f4d04455a5807534e97f14,generated/stage_s/citeseer-seed42-r0.01.yaml
aagu015-s-citeseer-seed42-r0.01/tracin_cp_graph_6,CiteSeer,tracin_cp_graph_6,2328,23,2e01ea55a5d83ee56b1b6c3ba0cd7a13d15273393da54079c837b11e19a03b3b,c7cb746b79f89e7e4394b7b99b10b160d8b8e56b7b3154a64f77cb91981e1ce3,689f5852d21c487211569d205d9926976d05c70e22c74c4f256ce3fc172fb781,generated/stage_s/citeseer-seed42-r0.01.yaml
aagu015-s-citeseer-seed42-r0.01/legacy,CiteSeer,legacy,2328,23,2e01ea55a5d83ee56b1b6c3ba0cd7a13d15273393da54079c837b11e19a03b3b,89d291f99fbd29f3d27667ebff6addcb391fe3ac84420791b4500639fcbc108a,563bdb802780eb8a8d9a34b9d185caf703ef634c8af137fa01e434283aecc0f3,generated/stage_s/citeseer-seed42-r0.01.yaml
aagu015-s-citeseer-seed42-r0.05/degree,CiteSeer,degree,2328,116,,9286a88496aa5177c5af9baeecc532798f523cda891b36b0ae8f545748394047,0cc516905a0425d943cde830993e94a70abc65b81c55a35435eb82fd8d31037d,generated/stage_s/citeseer-seed42-r0.05.yaml
aagu015-s-citeseer-seed42-r0.05/random,CiteSeer,random,2328,116,,8e9498dd584670a939cc00b2e34a0b4f23079a7826fbbf01fd33a2e8c399b979,002843dcd22b01230d3115f2223446f61f36a89dd589b9bfc2610662fcb99456,generated/stage_s/citeseer-seed42-r0.05.yaml
aagu015-s-citeseer-seed42-r0.05/a_grad_norm,CiteSeer,a_grad_norm,2328,116,2e01ea55a5d83ee56b1b6c3ba0cd7a13d15273393da54079c837b11e19a03b3b,6c135ee104e9deac5c269a7afada5882f89287cc0171c011465af7038fdf8639,63c981bcac916a0173dbf2ef6b235558cca36d75a611d2da4f72148b7ba1dc51,generated/stage_s/citeseer-seed42-r0.05.yaml
aagu015-s-citeseer-seed42-r0.05/b_param_hutch,CiteSeer,b_param_hutch,2328,116,2e01ea55a5d83ee56b1b6c3ba0cd7a13d15273393da54079c837b11e19a03b3b,dc548a5f1852415deaf63d62f7f6f4786ab6df55c3e3018884ede8f9fe9fd850,f46c292763ce5b8e5d7624f12d2e896bb1ba68f050b2288c218abcf0c0d0b5b9,generated/stage_s/citeseer-seed42-r0.05.yaml
aagu015-s-citeseer-seed42-r0.05/r_point,CiteSeer,r_point,2328,116,2e01ea55a5d83ee56b1b6c3ba0cd7a13d15273393da54079c837b11e19a03b3b,2c38af7c8e4965103d551f834ba3813e519de6ba0d6c9c80609cecd10268c5c4,64e114aa53a053f2bacf806e2f0ecd9d21e7dd16178b0ceb0fce85c1b0b65c13,generated/stage_s/citeseer-seed42-r0.05.yaml
aagu015-s-citeseer-seed42-r0.05/gt_simple,CiteSeer,gt_simple,2328,116,2e01ea55a5d83ee56b1b6c3ba0cd7a13d15273393da54079c837b11e19a03b3b,3b2b1963056620ea69a4d4e5deb56a21d7a762e71274c076f34a2847e4c426a3,9f0d9c79fb486326ad37cdb5ccedb3a789ea19ffe69438c70bd407ac46543eb1,generated/stage_s/citeseer-seed42-r0.05.yaml
aagu015-s-citeseer-seed42-r0.05/gt_full,CiteSeer,gt_full,2328,116,2e01ea55a5d83ee56b1b6c3ba0cd7a13d15273393da54079c837b11e19a03b3b,118604f84da90d91c432edde198697126fcd1a85a286f7a8679aea978a9f566b,7135ae9788545429d6a3db6f9260272b8f22716584041342a792fe630ee84341,generated/stage_s/citeseer-seed42-r0.05.yaml
aagu015-s-citeseer-seed42-r0.05/p_point,CiteSeer,p_point,2328,116,2e01ea55a5d83ee56b1b6c3ba0cd7a13d15273393da54079c837b11e19a03b3b,42fd734006234fceef6f416567731c33d74ccc777041cb0f79ded849c0ce40d8,646d9dcf3ea43ffc31ef65163301767bd0586ca81ac5a779549f50d69117172c,generated/stage_s/citeseer-seed42-r0.05.yaml
aagu015-s-citeseer-seed42-r0.05/p_simple,CiteSeer,p_simple,2328,116,2e01ea55a5d83ee56b1b6c3ba0cd7a13d15273393da54079c837b11e19a03b3b,c77cb097ebe25f5f41596ffd7f6ef6822bdf0c5bdfceaa618598f6608c72997a,1783c8c23b3048dfc493e9ff8db005b1ff36514eb702bbf49a0c38b5d91b5454,generated/stage_s/citeseer-seed42-r0.05.yaml
aagu015-s-citeseer-seed42-r0.05/p_graph,CiteSeer,p_graph,2328,116,2e01ea55a5d83ee56b1b6c3ba0cd7a13d15273393da54079c837b11e19a03b3b,38f725829ff622cf89cc8576d3fcce2c796472538336ce67a5806da151b859e3,51e05682e917f770e0afb0fbd755d971222ca94167fcae19c709d0739e15ac59,generated/stage_s/citeseer-seed42-r0.05.yaml
aagu015-s-citeseer-seed42-r0.05/tracin_cp_point_3,CiteSeer,tracin_cp_point_3,2328,116,2e01ea55a5d83ee56b1b6c3ba0cd7a13d15273393da54079c837b11e19a03b3b,edc64b950fbc8bb868461aa6078586beed93c381762e8297ba5bdf1cdd9f2ac4,6823cffb09e83cd0a42111a792245e5dc64a6543dfdbb89b861361469977bf76,generated/stage_s/citeseer-seed42-r0.05.yaml
aagu015-s-citeseer-seed42-r0.05/tracin_cp_point_6,CiteSeer,tracin_cp_point_6,2328,116,2e01ea55a5d83ee56b1b6c3ba0cd7a13d15273393da54079c837b11e19a03b3b,7bf92923370f1a0207035e6fc560de8b5fc030963fdcc3fb63e3874282d0a906,a5c492ede46ac02dfa19214eaaa40d09101058ac9fd9eada048dcea29bcf05f3,generated/stage_s/citeseer-seed42-r0.05.yaml
aagu015-s-citeseer-seed42-r0.05/tracin_cp_simple_3,CiteSeer,tracin_cp_simple_3,2328,116,2e01ea55a5d83ee56b1b6c3ba0cd7a13d15273393da54079c837b11e19a03b3b,fb73f743823c82ee8656e9d594e7def3482a06d2f7a98b162b4c7348eaa23863,76eb2c1bb87a5534cc3ba935fc8d98348b9cd24609f4bcff9b5eb0575ed00d5e,generated/stage_s/citeseer-seed42-r0.05.yaml
aagu015-s-citeseer-seed42-r0.05/tracin_cp_simple_6,CiteSeer,tracin_cp_simple_6,2328,116,2e01ea55a5d83ee56b1b6c3ba0cd7a13d15273393da54079c837b11e19a03b3b,55972d7837e90c2fd9e4906288c4232559090aa189445ebbcd9db06bfc55296b,1e37f3ffd9deb4caf17b2e4a956360d6e68029213b8cac4e03235a9971ea72f0,generated/stage_s/citeseer-seed42-r0.05.yaml
aagu015-s-citeseer-seed42-r0.05/tracin_cp_graph_3,CiteSeer,tracin_cp_graph_3,2328,116,2e01ea55a5d83ee56b1b6c3ba0cd7a13d15273393da54079c837b11e19a03b3b,570952905b5e801e6d3a3118e90742480fca1938ccadf552422b96f156bd21eb,1cde47721d3b6029b524d4c472c30b9450bb09d5661bc44894c079518e3bc994,generated/stage_s/citeseer-seed42-r0.05.yaml
aagu015-s-citeseer-seed42-r0.05/tracin_cp_graph_6,CiteSeer,tracin_cp_graph_6,2328,116,2e01ea55a5d83ee56b1b6c3ba0cd7a13d15273393da54079c837b11e19a03b3b,c7cb746b79f89e7e4394b7b99b10b160d8b8e56b7b3154a64f77cb91981e1ce3,64e632c7db0e93583c4a3d751d1bbdd62ef154d2e79bfc02677d9de54176f281,generated/stage_s/citeseer-seed42-r0.05.yaml
aagu015-s-citeseer-seed42-r0.05/legacy,CiteSeer,legacy,2328,116,2e01ea55a5d83ee56b1b6c3ba0cd7a13d15273393da54079c837b11e19a03b3b,89d291f99fbd29f3d27667ebff6addcb391fe3ac84420791b4500639fcbc108a,e8a6e4a8383896940196a37c5c267d5295fbbe15606a5db2bfba3c5cd7bc405d,generated/stage_s/citeseer-seed42-r0.05.yaml
aagu015-s-cora-seed2024-r0.01/degree,Cora,degree,1895,18,,b842bd89b0e8fbd170b1500d1e622b2468e44c3c4d4d589469246fd317d39db6,8d2cb591425faae6aee500898f08b8d44beb41e56c743993b4a52baebe6d196d,generated/stage_s/cora-seed2024-r0.01.yaml
aagu015-s-cora-seed2024-r0.01/random,Cora,random,1895,18,,1ae8db7f649b2b4f6a622a996c71db5665f210811d31f21a3ccae2e8fd9e883a,0308eaf879f6c5e02cc30b8fffa4b3938144f20bc94c5d39df24f35f49908703,generated/stage_s/cora-seed2024-r0.01.yaml
aagu015-s-cora-seed2024-r0.01/a_grad_norm,Cora,a_grad_norm,1895,18,e19a5f6d3d6dcc3d971633b1941027f76f942fb7b1ee167b623161bf1e8a321d,bac51e1f88959601eb2a9d3e11ea84ace2b3bf1aeea77f986286020361726138,f479b0914c1c43d060625e43d8b3cb82efb2c1674a493815295602afb7ef7c24,generated/stage_s/cora-seed2024-r0.01.yaml
aagu015-s-cora-seed2024-r0.01/b_param_hutch,Cora,b_param_hutch,1895,18,e19a5f6d3d6dcc3d971633b1941027f76f942fb7b1ee167b623161bf1e8a321d,3863c12ebe34d5339acc11ffadef16bf96205839a564d82cc711ab33c2c4bd38,47c6300e431e7f440791199f9c9a0eafbd1a2068bd3446c27f3817ec39ee9080,generated/stage_s/cora-seed2024-r0.01.yaml
aagu015-s-cora-seed2024-r0.01/r_point,Cora,r_point,1895,18,e19a5f6d3d6dcc3d971633b1941027f76f942fb7b1ee167b623161bf1e8a321d,d8be7c21506d26830ea2e0a647494a3afe604d62b5d67c7c0c0eb040a3b9bdc8,9763406c47aa164561da9cb4a92c48bfe14d2f9a8f5003f161d41d04e55dbf94,generated/stage_s/cora-seed2024-r0.01.yaml
aagu015-s-cora-seed2024-r0.01/gt_simple,Cora,gt_simple,1895,18,e19a5f6d3d6dcc3d971633b1941027f76f942fb7b1ee167b623161bf1e8a321d,fe9a801e3349fc5e43b0e38c7718b71b7f1912308e22c7a551635bd10f6872ef,e3a5f1a7aed59da041a396f687af14bf6eb34ae89750a34dd11416acd653480d,generated/stage_s/cora-seed2024-r0.01.yaml
aagu015-s-cora-seed2024-r0.01/gt_full,Cora,gt_full,1895,18,e19a5f6d3d6dcc3d971633b1941027f76f942fb7b1ee167b623161bf1e8a321d,911b9db801781b304512a8c5e2ac61fc9c6127a29a419bd8ac4a43d89640bfd6,b6c71af60313ccdb828e7462535147946240e47f0307fc6e9b8fc48723094421,generated/stage_s/cora-seed2024-r0.01.yaml
aagu015-s-cora-seed2024-r0.01/p_point,Cora,p_point,1895,18,e19a5f6d3d6dcc3d971633b1941027f76f942fb7b1ee167b623161bf1e8a321d,82bb4ba8f9e4a654ea2d674171271118d157d506c598b19324fdebdb4d09ed29,356761c44b0ff668246c9367a0d97ceb07622d89634e3307d15113d03c3eee88,generated/stage_s/cora-seed2024-r0.01.yaml
aagu015-s-cora-seed2024-r0.01/p_simple,Cora,p_simple,1895,18,e19a5f6d3d6dcc3d971633b1941027f76f942fb7b1ee167b623161bf1e8a321d,971c465899148d54676dc119fb08fd099d1da0d78eb1926384bef15a61e1ab55,7cb2037191090e26f15955458bd985c4c9329fff491f6f3ff02dac90e03eef0b,generated/stage_s/cora-seed2024-r0.01.yaml
aagu015-s-cora-seed2024-r0.01/p_graph,Cora,p_graph,1895,18,e19a5f6d3d6dcc3d971633b1941027f76f942fb7b1ee167b623161bf1e8a321d,5340b7c08edc95c9bf027d26d668cfd1384765f7b0d1684ae1cc7334bd2c9d6f,1663e72bc869e4f29f8473103e258049e691ac039606501c75fdfa6e2613728a,generated/stage_s/cora-seed2024-r0.01.yaml
aagu015-s-cora-seed2024-r0.01/tracin_cp_point_3,Cora,tracin_cp_point_3,1895,18,e19a5f6d3d6dcc3d971633b1941027f76f942fb7b1ee167b623161bf1e8a321d,6212bcce4e7e2263be54769462a5e4c3ef9b9ccadb84aca332265b908032654b,0de6ebfa468a9e621ec0e8d117e464a4b368d3a36f3a42574127345158231305,generated/stage_s/cora-seed2024-r0.01.yaml
aagu015-s-cora-seed2024-r0.01/tracin_cp_point_6,Cora,tracin_cp_point_6,1895,18,e19a5f6d3d6dcc3d971633b1941027f76f942fb7b1ee167b623161bf1e8a321d,a8bb4a41f76bcecdc9629791689b5d7ace8a51abcb69e45b7d24578df465186e,937bb4718a136e4e070d1c779ebc1ed622e0b81691745f431f76ce323074801c,generated/stage_s/cora-seed2024-r0.01.yaml
aagu015-s-cora-seed2024-r0.01/tracin_cp_simple_3,Cora,tracin_cp_simple_3,1895,18,e19a5f6d3d6dcc3d971633b1941027f76f942fb7b1ee167b623161bf1e8a321d,6b4ecc6047b9fb9229981c5b224857498d68796ffad3804759bd3ece1ca41f53,4f3cb5dd2cf0462c73a91bd2631ee6b6dbfd08284ddce57035abf0e26ff89ba5,generated/stage_s/cora-seed2024-r0.01.yaml
aagu015-s-cora-seed2024-r0.01/tracin_cp_simple_6,Cora,tracin_cp_simple_6,1895,18,e19a5f6d3d6dcc3d971633b1941027f76f942fb7b1ee167b623161bf1e8a321d,51492a432169cac5b4cfa30a591390f80781bf5a66d8c440c4a75b789a22928c,18e58fb6a2830121ea2312ef757c57233e273a38ac2f9c75712e4fec8d1b4d5e,generated/stage_s/cora-seed2024-r0.01.yaml
aagu015-s-cora-seed2024-r0.01/tracin_cp_graph_3,Cora,tracin_cp_graph_3,1895,18,e19a5f6d3d6dcc3d971633b1941027f76f942fb7b1ee167b623161bf1e8a321d,98707447a12e780f1413404eaac3d57c0233ac5edc7caa49f9a0f918861f72d7,bd39a1ace9ff595382aae4ef620165c8b650f70e15fb4646d00c9122e9298616,generated/stage_s/cora-seed2024-r0.01.yaml
aagu015-s-cora-seed2024-r0.01/tracin_cp_graph_6,Cora,tracin_cp_graph_6,1895,18,e19a5f6d3d6dcc3d971633b1941027f76f942fb7b1ee167b623161bf1e8a321d,ecc074f7df30c94934c551294961e9e77d10d7e94fee2aed5c1a4bbde66503a6,b1f2be9a3301345acf76ad19a28a32885992ba2eb9fd98a6a7706526737c1765,generated/stage_s/cora-seed2024-r0.01.yaml
aagu015-s-cora-seed2024-r0.01/legacy,Cora,legacy,1895,18,e19a5f6d3d6dcc3d971633b1941027f76f942fb7b1ee167b623161bf1e8a321d,5a2e5e68b82add04e35979ef13bf2e5d5c92b813bc49684c21939522a4290ba7,800e7743bfdfd9385416b214619c14174aa084daee3fc2a36d6bd400f1368b2d,generated/stage_s/cora-seed2024-r0.01.yaml
aagu015-s-cora-seed2024-r0.05/degree,Cora,degree,1895,94,,b842bd89b0e8fbd170b1500d1e622b2468e44c3c4d4d589469246fd317d39db6,dcb84ca525ebab399bb2a8db226e3126e2fc369b2c8ff106ebcbc8690619abe5,generated/stage_s/cora-seed2024-r0.05.yaml
aagu015-s-cora-seed2024-r0.05/random,Cora,random,1895,94,,1ae8db7f649b2b4f6a622a996c71db5665f210811d31f21a3ccae2e8fd9e883a,594cd2f8573a54113299ba61fccbff9fb522cad29efee047efa76ec60873c18a,generated/stage_s/cora-seed2024-r0.05.yaml
aagu015-s-cora-seed2024-r0.05/a_grad_norm,Cora,a_grad_norm,1895,94,e19a5f6d3d6dcc3d971633b1941027f76f942fb7b1ee167b623161bf1e8a321d,bac51e1f88959601eb2a9d3e11ea84ace2b3bf1aeea77f986286020361726138,78937515bff2622c86dd37b84d6d0d822c827365181a7348c39c9ea5ee8b5603,generated/stage_s/cora-seed2024-r0.05.yaml
aagu015-s-cora-seed2024-r0.05/b_param_hutch,Cora,b_param_hutch,1895,94,e19a5f6d3d6dcc3d971633b1941027f76f942fb7b1ee167b623161bf1e8a321d,3863c12ebe34d5339acc11ffadef16bf96205839a564d82cc711ab33c2c4bd38,a262f6039a03e4cae2921af818547bc624248d050a8fdeaf0ae1bf23ab214731,generated/stage_s/cora-seed2024-r0.05.yaml
aagu015-s-cora-seed2024-r0.05/r_point,Cora,r_point,1895,94,e19a5f6d3d6dcc3d971633b1941027f76f942fb7b1ee167b623161bf1e8a321d,d8be7c21506d26830ea2e0a647494a3afe604d62b5d67c7c0c0eb040a3b9bdc8,6fc232d28aa07e6f05d38733b6cce095582ccbd0b4cea129926a0d4df63f3303,generated/stage_s/cora-seed2024-r0.05.yaml
aagu015-s-cora-seed2024-r0.05/gt_simple,Cora,gt_simple,1895,94,e19a5f6d3d6dcc3d971633b1941027f76f942fb7b1ee167b623161bf1e8a321d,fe9a801e3349fc5e43b0e38c7718b71b7f1912308e22c7a551635bd10f6872ef,50833691653a694362152c8897fc6b210f3e13317757129e9c327db492221b33,generated/stage_s/cora-seed2024-r0.05.yaml
aagu015-s-cora-seed2024-r0.05/gt_full,Cora,gt_full,1895,94,e19a5f6d3d6dcc3d971633b1941027f76f942fb7b1ee167b623161bf1e8a321d,911b9db801781b304512a8c5e2ac61fc9c6127a29a419bd8ac4a43d89640bfd6,ca8337e1150373e9410484d71a4e308289095a0b589d909338636734e31ecada,generated/stage_s/cora-seed2024-r0.05.yaml
aagu015-s-cora-seed2024-r0.05/p_point,Cora,p_point,1895,94,e19a5f6d3d6dcc3d971633b1941027f76f942fb7b1ee167b623161bf1e8a321d,82bb4ba8f9e4a654ea2d674171271118d157d506c598b19324fdebdb4d09ed29,74f7c0a0176e4a3c2d75572c06d15840cdc83086a36c386703679a67d010d616,generated/stage_s/cora-seed2024-r0.05.yaml
aagu015-s-cora-seed2024-r0.05/p_simple,Cora,p_simple,1895,94,e19a5f6d3d6dcc3d971633b1941027f76f942fb7b1ee167b623161bf1e8a321d,971c465899148d54676dc119fb08fd099d1da0d78eb1926384bef15a61e1ab55,2519ce6c7e2ad9f0068de9bc16b2a81f969c382e8808c0ab90cef57323dfea49,generated/stage_s/cora-seed2024-r0.05.yaml
aagu015-s-cora-seed2024-r0.05/p_graph,Cora,p_graph,1895,94,e19a5f6d3d6dcc3d971633b1941027f76f942fb7b1ee167b623161bf1e8a321d,5340b7c08edc95c9bf027d26d668cfd1384765f7b0d1684ae1cc7334bd2c9d6f,f4a65e30b5a4821c287aba95fa898b8d3f05f9b8adb2e9effe18f58e9d640e7f,generated/stage_s/cora-seed2024-r0.05.yaml
aagu015-s-cora-seed2024-r0.05/tracin_cp_point_3,Cora,tracin_cp_point_3,1895,94,e19a5f6d3d6dcc3d971633b1941027f76f942fb7b1ee167b623161bf1e8a321d,6212bcce4e7e2263be54769462a5e4c3ef9b9ccadb84aca332265b908032654b,7ecd4968c1fa43d429ae57a5f304ae04f8b9a90d2feb403adb1a00c58bed961d,generated/stage_s/cora-seed2024-r0.05.yaml
aagu015-s-cora-seed2024-r0.05/tracin_cp_point_6,Cora,tracin_cp_point_6,1895,94,e19a5f6d3d6dcc3d971633b1941027f76f942fb7b1ee167b623161bf1e8a321d,a8bb4a41f76bcecdc9629791689b5d7ace8a51abcb69e45b7d24578df465186e,8d89e1964fbc2b656d460a437a76fadafcd396603f81d1ab23def342f6976929,generated/stage_s/cora-seed2024-r0.05.yaml
aagu015-s-cora-seed2024-r0.05/tracin_cp_simple_3,Cora,tracin_cp_simple_3,1895,94,e19a5f6d3d6dcc3d971633b1941027f76f942fb7b1ee167b623161bf1e8a321d,6b4ecc6047b9fb9229981c5b224857498d68796ffad3804759bd3ece1ca41f53,325d414bd7d09fe5f2ef06ae39a75033af1df785d49267973cbc53128fd24fd3,generated/stage_s/cora-seed2024-r0.05.yaml
aagu015-s-cora-seed2024-r0.05/tracin_cp_simple_6,Cora,tracin_cp_simple_6,1895,94,e19a5f6d3d6dcc3d971633b1941027f76f942fb7b1ee167b623161bf1e8a321d,51492a432169cac5b4cfa30a591390f80781bf5a66d8c440c4a75b789a22928c,80f2e9a703d176a89c90ba84b8a164bcfc1adc6933582771f536ea77da8501c9,generated/stage_s/cora-seed2024-r0.05.yaml
aagu015-s-cora-seed2024-r0.05/tracin_cp_graph_3,Cora,tracin_cp_graph_3,1895,94,e19a5f6d3d6dcc3d971633b1941027f76f942fb7b1ee167b623161bf1e8a321d,98707447a12e780f1413404eaac3d57c0233ac5edc7caa49f9a0f918861f72d7,279beb427e7ae2cc9e14b1410d27d7108854c25e30a411841e34f79e36b11172,generated/stage_s/cora-seed2024-r0.05.yaml
aagu015-s-cora-seed2024-r0.05/tracin_cp_graph_6,Cora,tracin_cp_graph_6,1895,94,e19a5f6d3d6dcc3d971633b1941027f76f942fb7b1ee167b623161bf1e8a321d,ecc074f7df30c94934c551294961e9e77d10d7e94fee2aed5c1a4bbde66503a6,f5e48f7dbd27f33366b8795f01f8b6c36a80d972ca79450c20a48c8abd803af3,generated/stage_s/cora-seed2024-r0.05.yaml
aagu015-s-cora-seed2024-r0.05/legacy,Cora,legacy,1895,94,e19a5f6d3d6dcc3d971633b1941027f76f942fb7b1ee167b623161bf1e8a321d,5a2e5e68b82add04e35979ef13bf2e5d5c92b813bc49684c21939522a4290ba7,f66125ead180196c0d617faa6dc1ce4ac31788925bac57e3679bdfe5d608abd1,generated/stage_s/cora-seed2024-r0.05.yaml
aagu015-s-cora-seed212-r0.01/degree,Cora,degree,1895,18,,b842bd89b0e8fbd170b1500d1e622b2468e44c3c4d4d589469246fd317d39db6,8d2cb591425faae6aee500898f08b8d44beb41e56c743993b4a52baebe6d196d,generated/stage_s/cora-seed212-r0.01.yaml
aagu015-s-cora-seed212-r0.01/random,Cora,random,1895,18,,1ae8db7f649b2b4f6a622a996c71db5665f210811d31f21a3ccae2e8fd9e883a,0308eaf879f6c5e02cc30b8fffa4b3938144f20bc94c5d39df24f35f49908703,generated/stage_s/cora-seed212-r0.01.yaml
aagu015-s-cora-seed212-r0.01/a_grad_norm,Cora,a_grad_norm,1895,18,96e63dad0d1ad653daf5eda6739c806820429dd6642776b8417d65dc0f9d5335,a09f7ef1a4ff9bd4b61d012b15480e688f2a60f2936c0b94e94a12e7c6e37537,4c16d0fc7cea87c20712ad979a6ed2021a33699b28d3e0c2c598924614027e7e,generated/stage_s/cora-seed212-r0.01.yaml
aagu015-s-cora-seed212-r0.01/b_param_hutch,Cora,b_param_hutch,1895,18,96e63dad0d1ad653daf5eda6739c806820429dd6642776b8417d65dc0f9d5335,9c1d1852f84bdcf764d3541ee99e4b2877f55fbb422964ad691fdafc1a3a3c4f,035390dc99f473eb56198791a006417e7be1e637d78ef0a01a3af41a37bb0314,generated/stage_s/cora-seed212-r0.01.yaml
aagu015-s-cora-seed212-r0.01/r_point,Cora,r_point,1895,18,96e63dad0d1ad653daf5eda6739c806820429dd6642776b8417d65dc0f9d5335,9e90c2b7164535d55a624170a4525a457a72659eeef3d3547bda98bc5c96aeea,4aa61f0b11def8b04d14837d73280d11a0c8df530001d855c4fbc77a0438e629,generated/stage_s/cora-seed212-r0.01.yaml
aagu015-s-cora-seed212-r0.01/gt_simple,Cora,gt_simple,1895,18,96e63dad0d1ad653daf5eda6739c806820429dd6642776b8417d65dc0f9d5335,15c916d5e33665b1148f96336dd4b5a09cb7414426b4bd424283894971570fd2,05326f9533fe3dfd7ae673ff4522fc82fbca23055085bde4c658a76341be288f,generated/stage_s/cora-seed212-r0.01.yaml
aagu015-s-cora-seed212-r0.01/gt_full,Cora,gt_full,1895,18,96e63dad0d1ad653daf5eda6739c806820429dd6642776b8417d65dc0f9d5335,56b9a1d18f63a10f099a613bfea9c565ec6a3c236f7de5e273bc4f6bbc06e549,5d1bc8e45f0a8597e0cd0d07f4caaddb88c04e9393f270e40f0d9e2a0ea072fd,generated/stage_s/cora-seed212-r0.01.yaml
aagu015-s-cora-seed212-r0.01/p_point,Cora,p_point,1895,18,96e63dad0d1ad653daf5eda6739c806820429dd6642776b8417d65dc0f9d5335,967b13d2dca1a97fd04c73b555063df2727476b1bf928153a1a5fb854da55a10,425ee9ebcfdc138ba9554ec4ac1a4ba13a1108e8d5867b1e6d3e869930590913,generated/stage_s/cora-seed212-r0.01.yaml
aagu015-s-cora-seed212-r0.01/p_simple,Cora,p_simple,1895,18,96e63dad0d1ad653daf5eda6739c806820429dd6642776b8417d65dc0f9d5335,cebca9ba67fb3abda64c697091978525839d5008d9ddf3b32cc9448aa025c190,2ace5f89c30463b3bde8422193218055d695bc5c6b5bf6290d53e9d5a2febd35,generated/stage_s/cora-seed212-r0.01.yaml
aagu015-s-cora-seed212-r0.01/p_graph,Cora,p_graph,1895,18,96e63dad0d1ad653daf5eda6739c806820429dd6642776b8417d65dc0f9d5335,3076f1f3e6fcbe9bda16109ab22eaf550055016f8be6977e21bbc55cb79b1ce1,c2e0cfbb1f07f2a57e70e7233be883a2a0f1903daae84ce2aaeaae8ad43f0087,generated/stage_s/cora-seed212-r0.01.yaml
aagu015-s-cora-seed212-r0.01/tracin_cp_point_3,Cora,tracin_cp_point_3,1895,18,96e63dad0d1ad653daf5eda6739c806820429dd6642776b8417d65dc0f9d5335,8ad603183c46f24de5ddec260a77c7b0bb08dcd463a43fd65b370774102f0504,fee7e21e4b08fd9b7142530cafd2dcec5e029f68c84e721db4b5c38ec0591299,generated/stage_s/cora-seed212-r0.01.yaml
aagu015-s-cora-seed212-r0.01/tracin_cp_point_6,Cora,tracin_cp_point_6,1895,18,96e63dad0d1ad653daf5eda6739c806820429dd6642776b8417d65dc0f9d5335,bdec746cc52b2ac2fd9069a34d4e8bc0db73a518e0e4a20e5c4ff6e28cbfb9d9,1465dc4392ee4623b87b58dcdf35210c972470b8687405beb60fc77e2e58328e,generated/stage_s/cora-seed212-r0.01.yaml
aagu015-s-cora-seed212-r0.01/tracin_cp_simple_3,Cora,tracin_cp_simple_3,1895,18,96e63dad0d1ad653daf5eda6739c806820429dd6642776b8417d65dc0f9d5335,809594385485a02236ecbfff9f3f578e20bf9159d73adf93434b7fcc34403233,35ad0d360eea2816e562a5d8b317777790a3502340a8eafc9143d1868b26a021,generated/stage_s/cora-seed212-r0.01.yaml
aagu015-s-cora-seed212-r0.01/tracin_cp_simple_6,Cora,tracin_cp_simple_6,1895,18,96e63dad0d1ad653daf5eda6739c806820429dd6642776b8417d65dc0f9d5335,1a00ce4e20fcdba811173201f9043ceea9058811f4a93e4a528037c4d58667b5,dfe1fece975be9be9df13b5698ef9f285cc4945073eb3a6ab008ca8f305be86d,generated/stage_s/cora-seed212-r0.01.yaml
aagu015-s-cora-seed212-r0.01/tracin_cp_graph_3,Cora,tracin_cp_graph_3,1895,18,96e63dad0d1ad653daf5eda6739c806820429dd6642776b8417d65dc0f9d5335,00cb3f5407e5b23d3b25ac0448e38dc5ee0b8842e385920cee017e04c35c09de,c0d4556b5580347bef6a46a74852e6a25622cfcbae701a33b6b5824bec623571,generated/stage_s/cora-seed212-r0.01.yaml
aagu015-s-cora-seed212-r0.01/tracin_cp_graph_6,Cora,tracin_cp_graph_6,1895,18,96e63dad0d1ad653daf5eda6739c806820429dd6642776b8417d65dc0f9d5335,15f88ee533b8c4cd5e49d5afa3e9e89ceaa22b1ab67f0fde7d6737eb99a9dcb2,3a60d84074abf800c34ea2d8db7291128bb0ca9530ae9f45cfb3655d513cd532,generated/stage_s/cora-seed212-r0.01.yaml
aagu015-s-cora-seed212-r0.01/legacy,Cora,legacy,1895,18,96e63dad0d1ad653daf5eda6739c806820429dd6642776b8417d65dc0f9d5335,956f00b3cf51ad5e857b55858bae86cdebf3753120bc760d0fac03039099da39,f2e0af8dea76962e9536b4ae74582f9ce21d44076e29b3d0d1f553d5d7d38bdd,generated/stage_s/cora-seed212-r0.01.yaml
aagu015-s-cora-seed212-r0.05/degree,Cora,degree,1895,94,,b842bd89b0e8fbd170b1500d1e622b2468e44c3c4d4d589469246fd317d39db6,dcb84ca525ebab399bb2a8db226e3126e2fc369b2c8ff106ebcbc8690619abe5,generated/stage_s/cora-seed212-r0.05.yaml
aagu015-s-cora-seed212-r0.05/random,Cora,random,1895,94,,1ae8db7f649b2b4f6a622a996c71db5665f210811d31f21a3ccae2e8fd9e883a,594cd2f8573a54113299ba61fccbff9fb522cad29efee047efa76ec60873c18a,generated/stage_s/cora-seed212-r0.05.yaml
aagu015-s-cora-seed212-r0.05/a_grad_norm,Cora,a_grad_norm,1895,94,96e63dad0d1ad653daf5eda6739c806820429dd6642776b8417d65dc0f9d5335,a09f7ef1a4ff9bd4b61d012b15480e688f2a60f2936c0b94e94a12e7c6e37537,9044de427828f19f71fd4a79bf236d54c5e89316d4b46b83f0554fd58772d07d,generated/stage_s/cora-seed212-r0.05.yaml
aagu015-s-cora-seed212-r0.05/b_param_hutch,Cora,b_param_hutch,1895,94,96e63dad0d1ad653daf5eda6739c806820429dd6642776b8417d65dc0f9d5335,9c1d1852f84bdcf764d3541ee99e4b2877f55fbb422964ad691fdafc1a3a3c4f,917792a2fe64365284eb79cb41dffaee800c562924ad571d9bb91983a180dc4d,generated/stage_s/cora-seed212-r0.05.yaml
aagu015-s-cora-seed212-r0.05/r_point,Cora,r_point,1895,94,96e63dad0d1ad653daf5eda6739c806820429dd6642776b8417d65dc0f9d5335,9e90c2b7164535d55a624170a4525a457a72659eeef3d3547bda98bc5c96aeea,797a9468fb9bbc3a54e6e513c090c01448c1966cfb0283060a37da1fae96143c,generated/stage_s/cora-seed212-r0.05.yaml
aagu015-s-cora-seed212-r0.05/gt_simple,Cora,gt_simple,1895,94,96e63dad0d1ad653daf5eda6739c806820429dd6642776b8417d65dc0f9d5335,15c916d5e33665b1148f96336dd4b5a09cb7414426b4bd424283894971570fd2,eeb4801181131f505140247124a5410828d3387de04b99662f8f713445004f30,generated/stage_s/cora-seed212-r0.05.yaml
aagu015-s-cora-seed212-r0.05/gt_full,Cora,gt_full,1895,94,96e63dad0d1ad653daf5eda6739c806820429dd6642776b8417d65dc0f9d5335,56b9a1d18f63a10f099a613bfea9c565ec6a3c236f7de5e273bc4f6bbc06e549,918d4e0602aad5c65a9fd1879fc8059e48b2d04753dfe4aa0fc267a3a30d7d17,generated/stage_s/cora-seed212-r0.05.yaml
aagu015-s-cora-seed212-r0.05/p_point,Cora,p_point,1895,94,96e63dad0d1ad653daf5eda6739c806820429dd6642776b8417d65dc0f9d5335,967b13d2dca1a97fd04c73b555063df2727476b1bf928153a1a5fb854da55a10,e70a3de8070cd5fec1ce18234efc5ce50878f5e08b89a8855bfe908fe31a52a3,generated/stage_s/cora-seed212-r0.05.yaml
aagu015-s-cora-seed212-r0.05/p_simple,Cora,p_simple,1895,94,96e63dad0d1ad653daf5eda6739c806820429dd6642776b8417d65dc0f9d5335,cebca9ba67fb3abda64c697091978525839d5008d9ddf3b32cc9448aa025c190,96920ba3837c159e67bbb9b5b4a8159960a39bfb91f141fac04a728ced643a7e,generated/stage_s/cora-seed212-r0.05.yaml
aagu015-s-cora-seed212-r0.05/p_graph,Cora,p_graph,1895,94,96e63dad0d1ad653daf5eda6739c806820429dd6642776b8417d65dc0f9d5335,3076f1f3e6fcbe9bda16109ab22eaf550055016f8be6977e21bbc55cb79b1ce1,ce6591eb06453756942d86b8988974f0abf3022074f040f94c4e2d0aeb001b4e,generated/stage_s/cora-seed212-r0.05.yaml
aagu015-s-cora-seed212-r0.05/tracin_cp_point_3,Cora,tracin_cp_point_3,1895,94,96e63dad0d1ad653daf5eda6739c806820429dd6642776b8417d65dc0f9d5335,8ad603183c46f24de5ddec260a77c7b0bb08dcd463a43fd65b370774102f0504,134d38e4d1193c4af281a9b89f9aff599e9ea580399ff0cbaa719dc36cc8eb09,generated/stage_s/cora-seed212-r0.05.yaml
aagu015-s-cora-seed212-r0.05/tracin_cp_point_6,Cora,tracin_cp_point_6,1895,94,96e63dad0d1ad653daf5eda6739c806820429dd6642776b8417d65dc0f9d5335,bdec746cc52b2ac2fd9069a34d4e8bc0db73a518e0e4a20e5c4ff6e28cbfb9d9,ae1593e13707facda306d4c8e8073a4c203a0ce38ce29a0b3fe08d6b6088c50b,generated/stage_s/cora-seed212-r0.05.yaml
aagu015-s-cora-seed212-r0.05/tracin_cp_simple_3,Cora,tracin_cp_simple_3,1895,94,96e63dad0d1ad653daf5eda6739c806820429dd6642776b8417d65dc0f9d5335,809594385485a02236ecbfff9f3f578e20bf9159d73adf93434b7fcc34403233,68ff030ac5cc472522527aa217990df88220559856566bbe1e095582f9efeafb,generated/stage_s/cora-seed212-r0.05.yaml
aagu015-s-cora-seed212-r0.05/tracin_cp_simple_6,Cora,tracin_cp_simple_6,1895,94,96e63dad0d1ad653daf5eda6739c806820429dd6642776b8417d65dc0f9d5335,1a00ce4e20fcdba811173201f9043ceea9058811f4a93e4a528037c4d58667b5,653071f5824f5c31beb064c5010448fb649073d8a5d23f03c916a3e9aebbc955,generated/stage_s/cora-seed212-r0.05.yaml
aagu015-s-cora-seed212-r0.05/tracin_cp_graph_3,Cora,tracin_cp_graph_3,1895,94,96e63dad0d1ad653daf5eda6739c806820429dd6642776b8417d65dc0f9d5335,00cb3f5407e5b23d3b25ac0448e38dc5ee0b8842e385920cee017e04c35c09de,5d19aa3b0e51b2aca6376abe5d5e100ff2a88c9b1a8885f0367bf3b84b48f907,generated/stage_s/cora-seed212-r0.05.yaml
aagu015-s-cora-seed212-r0.05/tracin_cp_graph_6,Cora,tracin_cp_graph_6,1895,94,96e63dad0d1ad653daf5eda6739c806820429dd6642776b8417d65dc0f9d5335,15f88ee533b8c4cd5e49d5afa3e9e89ceaa22b1ab67f0fde7d6737eb99a9dcb2,2448293ed7f55152246d7c724f6ef9243cd31b7a009aeda13feeab90652fdc36,generated/stage_s/cora-seed212-r0.05.yaml
aagu015-s-cora-seed212-r0.05/legacy,Cora,legacy,1895,94,96e63dad0d1ad653daf5eda6739c806820429dd6642776b8417d65dc0f9d5335,956f00b3cf51ad5e857b55858bae86cdebf3753120bc760d0fac03039099da39,8bd3fb8e65f0ff3b3901b1df493e2bac28257c11f6e4fa0888486e94199397bf,generated/stage_s/cora-seed212-r0.05.yaml
aagu015-s-cora-seed42-r0.01/degree,Cora,degree,1895,18,,b842bd89b0e8fbd170b1500d1e622b2468e44c3c4d4d589469246fd317d39db6,8d2cb591425faae6aee500898f08b8d44beb41e56c743993b4a52baebe6d196d,generated/stage_s/cora-seed42-r0.01.yaml
aagu015-s-cora-seed42-r0.01/random,Cora,random,1895,18,,1ae8db7f649b2b4f6a622a996c71db5665f210811d31f21a3ccae2e8fd9e883a,0308eaf879f6c5e02cc30b8fffa4b3938144f20bc94c5d39df24f35f49908703,generated/stage_s/cora-seed42-r0.01.yaml
aagu015-s-cora-seed42-r0.01/a_grad_norm,Cora,a_grad_norm,1895,18,cbe51d889ce0ba5f2ec230ab53bbb1ffb978e934f7a13b1db508769c7fb1f8ec,8d2114cd2933fb5890234e0e51a526693ea49b6afa07a38f5afd35c0d3741f2d,907f95e6dd26f87c023f69a2c5f139c00b038da7bf36c3ce209036d44a3970c1,generated/stage_s/cora-seed42-r0.01.yaml
aagu015-s-cora-seed42-r0.01/b_param_hutch,Cora,b_param_hutch,1895,18,cbe51d889ce0ba5f2ec230ab53bbb1ffb978e934f7a13b1db508769c7fb1f8ec,4f4e52b9580d2781416f661c6620fddb8a5296c012b8dea6475cc83f62064d52,46e024a79dfd4ed00b9bbb1172aaa3daaaf3440db889347bf6961c191e1e1a84,generated/stage_s/cora-seed42-r0.01.yaml
aagu015-s-cora-seed42-r0.01/r_point,Cora,r_point,1895,18,cbe51d889ce0ba5f2ec230ab53bbb1ffb978e934f7a13b1db508769c7fb1f8ec,971df93a039ea14d7c5bda6dc577370f139b378ef23933cedc4dd0e7aa8fd2f3,833f7c860c25b3906cd22952a09b63389106ce12c94c6ebfa0e9019713007c1e,generated/stage_s/cora-seed42-r0.01.yaml
aagu015-s-cora-seed42-r0.01/gt_simple,Cora,gt_simple,1895,18,cbe51d889ce0ba5f2ec230ab53bbb1ffb978e934f7a13b1db508769c7fb1f8ec,8c2a9b6f981a26525d2cd0d6506f1e44464a94bd79023e4653111ee741af5a0c,afb2c98ca06d5079774dc351a90932d1f991b6168d8a48032291a296ca72ab3e,generated/stage_s/cora-seed42-r0.01.yaml
aagu015-s-cora-seed42-r0.01/gt_full,Cora,gt_full,1895,18,cbe51d889ce0ba5f2ec230ab53bbb1ffb978e934f7a13b1db508769c7fb1f8ec,9d6c1bf9d3b0d36ebc69d5f766ca78527d00bd3d63bef62402c89e2338b862c6,f75f72b42eb889ffcc3782c67b9ff953b74f97b7651d36a0482967bd3245ff2c,generated/stage_s/cora-seed42-r0.01.yaml
aagu015-s-cora-seed42-r0.01/p_point,Cora,p_point,1895,18,cbe51d889ce0ba5f2ec230ab53bbb1ffb978e934f7a13b1db508769c7fb1f8ec,201c56e910f93be21b0371d1504ed3b48ce640c2b39556909ddb129549a24112,ea658fee48bd76a8cef0706ef35c4aec565b1bf9e6bf24d298629f515f599a18,generated/stage_s/cora-seed42-r0.01.yaml
aagu015-s-cora-seed42-r0.01/p_simple,Cora,p_simple,1895,18,cbe51d889ce0ba5f2ec230ab53bbb1ffb978e934f7a13b1db508769c7fb1f8ec,fabaae88f1bfac47c305a49ded4678cca982d36b714cfb31d7d9793ba67ce310,61a87df14a75df0e23d16065fba3cf1d66fa1e0101c63252897838c3306d5637,generated/stage_s/cora-seed42-r0.01.yaml
aagu015-s-cora-seed42-r0.01/p_graph,Cora,p_graph,1895,18,cbe51d889ce0ba5f2ec230ab53bbb1ffb978e934f7a13b1db508769c7fb1f8ec,f33f76196404f8d2ca487ed3bc66fe5effc0fbc1ccbe7f63afa417a951f462d0,9804231e6eb1e60bedd71d84f8e66abdb81c809f2ba447ff48b583dc57d44437,generated/stage_s/cora-seed42-r0.01.yaml
aagu015-s-cora-seed42-r0.01/tracin_cp_point_3,Cora,tracin_cp_point_3,1895,18,cbe51d889ce0ba5f2ec230ab53bbb1ffb978e934f7a13b1db508769c7fb1f8ec,9bdd0be51ce63fd0fd316e67e2c805a70595130d4e3970a57263aa667d375336,49427100270493b87f9671e3b83be0ee500a5d29d76bed0742682efe14cada70,generated/stage_s/cora-seed42-r0.01.yaml
aagu015-s-cora-seed42-r0.01/tracin_cp_point_6,Cora,tracin_cp_point_6,1895,18,cbe51d889ce0ba5f2ec230ab53bbb1ffb978e934f7a13b1db508769c7fb1f8ec,220f8624d221faf8881fd226452d53c189dcd70cba4976fb35be0d2a8a60657b,50df1eb87ee99d94775b06d1cf24fe4aeb088edeb148c39ec277fabfd7698387,generated/stage_s/cora-seed42-r0.01.yaml
aagu015-s-cora-seed42-r0.01/tracin_cp_simple_3,Cora,tracin_cp_simple_3,1895,18,cbe51d889ce0ba5f2ec230ab53bbb1ffb978e934f7a13b1db508769c7fb1f8ec,0a88d59396bc615de594957cc63d07fb48c42cd47c46a9b4e9231ccaf9e14594,f8a5a377ea4a9c09aa3fad9abc51f7dffc98f61aca7e2e69e013d1f2c7689288,generated/stage_s/cora-seed42-r0.01.yaml
aagu015-s-cora-seed42-r0.01/tracin_cp_simple_6,Cora,tracin_cp_simple_6,1895,18,cbe51d889ce0ba5f2ec230ab53bbb1ffb978e934f7a13b1db508769c7fb1f8ec,7db1dc07bc038e6079b7220041b51f1e814617e13f9dc571d34854bd32e98482,7bf084a1215d31aabb3b292c0cec7d3f1c401f3dd4a4564eb93d946e69afae30,generated/stage_s/cora-seed42-r0.01.yaml
aagu015-s-cora-seed42-r0.01/tracin_cp_graph_3,Cora,tracin_cp_graph_3,1895,18,cbe51d889ce0ba5f2ec230ab53bbb1ffb978e934f7a13b1db508769c7fb1f8ec,d4e824b22f60985a7b4a7b690b7cf720ce578961704c8d66ef109d691d3cabb3,d09907da9ff52b47b8293d33360bbe47b6f46cc4e691ab46f48bafe6b88c4190,generated/stage_s/cora-seed42-r0.01.yaml
aagu015-s-cora-seed42-r0.01/tracin_cp_graph_6,Cora,tracin_cp_graph_6,1895,18,cbe51d889ce0ba5f2ec230ab53bbb1ffb978e934f7a13b1db508769c7fb1f8ec,7a83300a4782b4d2f031c46ddd0a9c7e497664ee4ad1506611f2b70af4f460ba,d18f6567325989b61324cfd1d36de566fe6389483df4673b3d0cacb58a45c25d,generated/stage_s/cora-seed42-r0.01.yaml
aagu015-s-cora-seed42-r0.01/legacy,Cora,legacy,1895,18,cbe51d889ce0ba5f2ec230ab53bbb1ffb978e934f7a13b1db508769c7fb1f8ec,44a3e7792e2985b8c30d1c5e504ccb9c03eda4a4e35bb051e63fab92782f84de,ad9543c1f33aa7f564f1c0ae773dacb0caa0097f63b93ba9fe29fb741e212fe6,generated/stage_s/cora-seed42-r0.01.yaml
aagu015-s-cora-seed42-r0.05/degree,Cora,degree,1895,94,,b842bd89b0e8fbd170b1500d1e622b2468e44c3c4d4d589469246fd317d39db6,dcb84ca525ebab399bb2a8db226e3126e2fc369b2c8ff106ebcbc8690619abe5,generated/stage_s/cora-seed42-r0.05.yaml
aagu015-s-cora-seed42-r0.05/random,Cora,random,1895,94,,1ae8db7f649b2b4f6a622a996c71db5665f210811d31f21a3ccae2e8fd9e883a,594cd2f8573a54113299ba61fccbff9fb522cad29efee047efa76ec60873c18a,generated/stage_s/cora-seed42-r0.05.yaml
aagu015-s-cora-seed42-r0.05/a_grad_norm,Cora,a_grad_norm,1895,94,cbe51d889ce0ba5f2ec230ab53bbb1ffb978e934f7a13b1db508769c7fb1f8ec,8d2114cd2933fb5890234e0e51a526693ea49b6afa07a38f5afd35c0d3741f2d,1445fd72c809d9af58b8a078af08c405019f2d5bfe8a7c617772a73ee07cff20,generated/stage_s/cora-seed42-r0.05.yaml
aagu015-s-cora-seed42-r0.05/b_param_hutch,Cora,b_param_hutch,1895,94,cbe51d889ce0ba5f2ec230ab53bbb1ffb978e934f7a13b1db508769c7fb1f8ec,4f4e52b9580d2781416f661c6620fddb8a5296c012b8dea6475cc83f62064d52,7ce8d26c073e7addbab7b212a605c70bfe5c59a6e483d289a29d7392bd80b285,generated/stage_s/cora-seed42-r0.05.yaml
aagu015-s-cora-seed42-r0.05/r_point,Cora,r_point,1895,94,cbe51d889ce0ba5f2ec230ab53bbb1ffb978e934f7a13b1db508769c7fb1f8ec,971df93a039ea14d7c5bda6dc577370f139b378ef23933cedc4dd0e7aa8fd2f3,e713eefdd5acc5fcb74261737aedef26e5e196c959af9b7d1a21a207710ac92b,generated/stage_s/cora-seed42-r0.05.yaml
aagu015-s-cora-seed42-r0.05/gt_simple,Cora,gt_simple,1895,94,cbe51d889ce0ba5f2ec230ab53bbb1ffb978e934f7a13b1db508769c7fb1f8ec,8c2a9b6f981a26525d2cd0d6506f1e44464a94bd79023e4653111ee741af5a0c,ee832c7a435752c6a8a31ff8feba47a54b8a8481e68173d29ce897efffdbb889,generated/stage_s/cora-seed42-r0.05.yaml
aagu015-s-cora-seed42-r0.05/gt_full,Cora,gt_full,1895,94,cbe51d889ce0ba5f2ec230ab53bbb1ffb978e934f7a13b1db508769c7fb1f8ec,9d6c1bf9d3b0d36ebc69d5f766ca78527d00bd3d63bef62402c89e2338b862c6,c563fcf70f5d29225335bfad9e30804540bc469946e3a4242630b102685d24fe,generated/stage_s/cora-seed42-r0.05.yaml
aagu015-s-cora-seed42-r0.05/p_point,Cora,p_point,1895,94,cbe51d889ce0ba5f2ec230ab53bbb1ffb978e934f7a13b1db508769c7fb1f8ec,201c56e910f93be21b0371d1504ed3b48ce640c2b39556909ddb129549a24112,024c94f3fad27b43b23126ba72625e18ddd756d6eafe96a4e781d1010281758a,generated/stage_s/cora-seed42-r0.05.yaml
aagu015-s-cora-seed42-r0.05/p_simple,Cora,p_simple,1895,94,cbe51d889ce0ba5f2ec230ab53bbb1ffb978e934f7a13b1db508769c7fb1f8ec,fabaae88f1bfac47c305a49ded4678cca982d36b714cfb31d7d9793ba67ce310,99b0860c3246afa23a5a6e1e332ba7bb3c93200203fdaf15041ffe9c1eee0042,generated/stage_s/cora-seed42-r0.05.yaml
aagu015-s-cora-seed42-r0.05/p_graph,Cora,p_graph,1895,94,cbe51d889ce0ba5f2ec230ab53bbb1ffb978e934f7a13b1db508769c7fb1f8ec,f33f76196404f8d2ca487ed3bc66fe5effc0fbc1ccbe7f63afa417a951f462d0,571a314a4e7f3d4207c2ee96b27e7fce0fbeebbbc68c749c70acfa1f72b973b3,generated/stage_s/cora-seed42-r0.05.yaml
aagu015-s-cora-seed42-r0.05/tracin_cp_point_3,Cora,tracin_cp_point_3,1895,94,cbe51d889ce0ba5f2ec230ab53bbb1ffb978e934f7a13b1db508769c7fb1f8ec,9bdd0be51ce63fd0fd316e67e2c805a70595130d4e3970a57263aa667d375336,0c3c9ed323440903cd38ba2269d1e9380107b26e597efda44e7fbc8d1962cdff,generated/stage_s/cora-seed42-r0.05.yaml
aagu015-s-cora-seed42-r0.05/tracin_cp_point_6,Cora,tracin_cp_point_6,1895,94,cbe51d889ce0ba5f2ec230ab53bbb1ffb978e934f7a13b1db508769c7fb1f8ec,220f8624d221faf8881fd226452d53c189dcd70cba4976fb35be0d2a8a60657b,d9c6fe6f37cd3453fcc84eb9548212129100e71f0f159e444dcbd6c86b19461b,generated/stage_s/cora-seed42-r0.05.yaml
aagu015-s-cora-seed42-r0.05/tracin_cp_simple_3,Cora,tracin_cp_simple_3,1895,94,cbe51d889ce0ba5f2ec230ab53bbb1ffb978e934f7a13b1db508769c7fb1f8ec,0a88d59396bc615de594957cc63d07fb48c42cd47c46a9b4e9231ccaf9e14594,ee6e302cf12c1c1ea545e925462e00413d965d55e0ce93629ff6632b8eec2624,generated/stage_s/cora-seed42-r0.05.yaml
aagu015-s-cora-seed42-r0.05/tracin_cp_simple_6,Cora,tracin_cp_simple_6,1895,94,cbe51d889ce0ba5f2ec230ab53bbb1ffb978e934f7a13b1db508769c7fb1f8ec,7db1dc07bc038e6079b7220041b51f1e814617e13f9dc571d34854bd32e98482,46c17abcd7f20cfb339f292ab199d3a795a58d611bc9f33f02bbe09a399c1656,generated/stage_s/cora-seed42-r0.05.yaml
aagu015-s-cora-seed42-r0.05/tracin_cp_graph_3,Cora,tracin_cp_graph_3,1895,94,cbe51d889ce0ba5f2ec230ab53bbb1ffb978e934f7a13b1db508769c7fb1f8ec,d4e824b22f60985a7b4a7b690b7cf720ce578961704c8d66ef109d691d3cabb3,5144bf8aee9d3df2d7a3ce1567bf9167cfe09345b7e809d39d0178f13810c162,generated/stage_s/cora-seed42-r0.05.yaml
aagu015-s-cora-seed42-r0.05/tracin_cp_graph_6,Cora,tracin_cp_graph_6,1895,94,cbe51d889ce0ba5f2ec230ab53bbb1ffb978e934f7a13b1db508769c7fb1f8ec,7a83300a4782b4d2f031c46ddd0a9c7e497664ee4ad1506611f2b70af4f460ba,b55daff54ea30183c44f2a20a04c4b64a46a14fb650c12017efc236170181c08,generated/stage_s/cora-seed42-r0.05.yaml
aagu015-s-cora-seed42-r0.05/legacy,Cora,legacy,1895,94,cbe51d889ce0ba5f2ec230ab53bbb1ffb978e934f7a13b1db508769c7fb1f8ec,44a3e7792e2985b8c30d1c5e504ccb9c03eda4a4e35bb051e63fab92782f84de,a387d1303c1a21010427a90d63333a89139fc6a6bae63b3fe97ebf522340bce4,generated/stage_s/cora-seed42-r0.05.yaml
aagu015-s-pubmed-seed2024-r0.01/degree,PubMed,degree,13801,138,,c28f8b27927158f4bff46709c2f67a93dea1ba721d6d36db7424190ee1bf62c2,0b1d4a0a27e32d51ee6598180687d7f90f6254c999f3511154a5c07db90b42e7,generated/stage_s/pubmed-seed2024-r0.01.yaml
aagu015-s-pubmed-seed2024-r0.01/random,PubMed,random,13801,138,,679b89310b6b5ef25c5df60f76290577911598c8c3d771243915f591b0e0300c,3322706286ebca81225c7449b945a94fdb09d7901b7ce7c1ad4c2199f0da23ad,generated/stage_s/pubmed-seed2024-r0.01.yaml
aagu015-s-pubmed-seed2024-r0.01/a_grad_norm,PubMed,a_grad_norm,13801,138,f025ae9342047eb596fa8f4a5db7bdff919c1de5c7d3184eef121bfa9a436eb8,7abb113fded4f6b3b6838947afd54ac6f4d067ed0e0e13a8c0a2256365a12821,af5eb19d412ce57b230d76a97e746178cd71d90db6ecb696ab535d123390a8f4,generated/stage_s/pubmed-seed2024-r0.01.yaml
aagu015-s-pubmed-seed2024-r0.01/b_param_hutch,PubMed,b_param_hutch,13801,138,f025ae9342047eb596fa8f4a5db7bdff919c1de5c7d3184eef121bfa9a436eb8,39216d7f0e0b4a2169a5812a77e4368876a901a77def9e8a3f3e0b8669441a45,5670476c3775d835b7d35153c77699049e1f01d27659ca90d49d609ebb9385d0,generated/stage_s/pubmed-seed2024-r0.01.yaml
aagu015-s-pubmed-seed2024-r0.01/r_point,PubMed,r_point,13801,138,f025ae9342047eb596fa8f4a5db7bdff919c1de5c7d3184eef121bfa9a436eb8,b832e2f21535d8ae980724706ffc6c0f2fa79bd27dcc8bd64a98af9008dab241,cf19b1769ce17c2c7f1a5dcc2fe2e158ebc3c40c30d8e708058c6d3a3be204cb,generated/stage_s/pubmed-seed2024-r0.01.yaml
aagu015-s-pubmed-seed2024-r0.01/gt_simple,PubMed,gt_simple,13801,138,f025ae9342047eb596fa8f4a5db7bdff919c1de5c7d3184eef121bfa9a436eb8,12aa0297056ec03f7055bea7922b5b9d7025ee30afbed478329248d93419390e,9f3224a9b723efcaf5c3b8a5cb4fb80b6d220b92a818a1f5cfc53c196ff6ae9c,generated/stage_s/pubmed-seed2024-r0.01.yaml
aagu015-s-pubmed-seed2024-r0.01/gt_full,PubMed,gt_full,13801,138,f025ae9342047eb596fa8f4a5db7bdff919c1de5c7d3184eef121bfa9a436eb8,55d4fbf3f03934dfa442deb4358a4159fec5074b341d574500607890a236bc10,ef2384fc9dcba580658850d2ea8797443308dc69a813116faea0903759546588,generated/stage_s/pubmed-seed2024-r0.01.yaml
aagu015-s-pubmed-seed2024-r0.01/p_point,PubMed,p_point,13801,138,f025ae9342047eb596fa8f4a5db7bdff919c1de5c7d3184eef121bfa9a436eb8,ce04c7911cd88c688e141c57e61a7413f5a151863ef8fe452b6a1ff713be3677,e5de6381fc1f63e7491bb0d2fde2d185115898e2851f70593bf46032695a4372,generated/stage_s/pubmed-seed2024-r0.01.yaml
aagu015-s-pubmed-seed2024-r0.01/p_simple,PubMed,p_simple,13801,138,f025ae9342047eb596fa8f4a5db7bdff919c1de5c7d3184eef121bfa9a436eb8,2b15da2ed61bc6cb9b5da970389259a36ed985e4802559bb811487f79416256e,607353cbde33211e36079527ed0be33a270861d74259c7a74c8c0f559d47ea02,generated/stage_s/pubmed-seed2024-r0.01.yaml
aagu015-s-pubmed-seed2024-r0.01/p_graph,PubMed,p_graph,13801,138,f025ae9342047eb596fa8f4a5db7bdff919c1de5c7d3184eef121bfa9a436eb8,469b31673896628a37c9031f893d8c5e6331ae1d194f7bc4427ede47f723b8cb,176bca72704612e9c6f657c21237ec9b6c59ef644a3f6f8eb7a990ff10d35dff,generated/stage_s/pubmed-seed2024-r0.01.yaml
aagu015-s-pubmed-seed2024-r0.01/tracin_cp_point_3,PubMed,tracin_cp_point_3,13801,138,f025ae9342047eb596fa8f4a5db7bdff919c1de5c7d3184eef121bfa9a436eb8,fd94e0dd6a422cd5127202bc2748c6a2b9aac13a92c74c48d7ca7c96dcf5afaa,7c9615d9c7cb02898908495a2034aee85c3bcb923383b9f07931aabfb456f885,generated/stage_s/pubmed-seed2024-r0.01.yaml
aagu015-s-pubmed-seed2024-r0.01/tracin_cp_point_6,PubMed,tracin_cp_point_6,13801,138,f025ae9342047eb596fa8f4a5db7bdff919c1de5c7d3184eef121bfa9a436eb8,664c7a403bc2f9303ecb759968d1f05a119c4172190c7d25a0221147a3e5f061,02a5f91563af5bd42dea897bc14c395e08e07c934d2e3d05a1bddae294e77d41,generated/stage_s/pubmed-seed2024-r0.01.yaml
aagu015-s-pubmed-seed2024-r0.01/tracin_cp_simple_3,PubMed,tracin_cp_simple_3,13801,138,f025ae9342047eb596fa8f4a5db7bdff919c1de5c7d3184eef121bfa9a436eb8,bb156465773f7b75903c8230db0db52bb4408eef38136db6e64256ccf7e0ee3a,72ca2803a086f444deaa5846f199db1c0a0b6cdc7fc33ba803c3da5f158ecb89,generated/stage_s/pubmed-seed2024-r0.01.yaml
aagu015-s-pubmed-seed2024-r0.01/tracin_cp_simple_6,PubMed,tracin_cp_simple_6,13801,138,f025ae9342047eb596fa8f4a5db7bdff919c1de5c7d3184eef121bfa9a436eb8,b7a02d6ab9903b5c04e1088d20615d035cfb3393f87f9a3980d61d05c0ec1f20,c18aa75585f31d15bd3c49a55831000a85d23417f041fc546b9fa628ed642c5d,generated/stage_s/pubmed-seed2024-r0.01.yaml
aagu015-s-pubmed-seed2024-r0.01/tracin_cp_graph_3,PubMed,tracin_cp_graph_3,13801,138,f025ae9342047eb596fa8f4a5db7bdff919c1de5c7d3184eef121bfa9a436eb8,52d2f0bdff6b2e711463e0534add51a09eb4500e4d5133cb91e0b6507e6f21d6,892552f94b931ad87974bad5d572c467060e52a6c57e8b2f639306b75ed01266,generated/stage_s/pubmed-seed2024-r0.01.yaml
aagu015-s-pubmed-seed2024-r0.01/tracin_cp_graph_6,PubMed,tracin_cp_graph_6,13801,138,f025ae9342047eb596fa8f4a5db7bdff919c1de5c7d3184eef121bfa9a436eb8,5b7a4377e54c4888919d5cf097071697000669e5907c093d52ba97b9c860c115,dc9bc6379b18a64ac694ee6fa9976954a02701feb658b95760cf2c27163fe3cc,generated/stage_s/pubmed-seed2024-r0.01.yaml
aagu015-s-pubmed-seed2024-r0.01/legacy,PubMed,legacy,13801,138,f025ae9342047eb596fa8f4a5db7bdff919c1de5c7d3184eef121bfa9a436eb8,0538ae6a2636899d6195d585ce91c5c52795b5f1a0bde7ca654d92d638a8ce3c,d13a916c15cd84d5177d6b1d144207724dfb0b606262cf6ce2a3d92e09573086,generated/stage_s/pubmed-seed2024-r0.01.yaml
aagu015-s-pubmed-seed2024-r0.05/degree,PubMed,degree,13801,690,,c28f8b27927158f4bff46709c2f67a93dea1ba721d6d36db7424190ee1bf62c2,45d51d436174aa5a6a958817ba411624f6e2d96d191e3f0ec94f02f0e4ea601c,generated/stage_s/pubmed-seed2024-r0.05.yaml
aagu015-s-pubmed-seed2024-r0.05/random,PubMed,random,13801,690,,679b89310b6b5ef25c5df60f76290577911598c8c3d771243915f591b0e0300c,82fbe7af126caab7153636977aadb3c14a7b441aa95bbe91e4ece04c82d3245b,generated/stage_s/pubmed-seed2024-r0.05.yaml
aagu015-s-pubmed-seed2024-r0.05/a_grad_norm,PubMed,a_grad_norm,13801,690,f025ae9342047eb596fa8f4a5db7bdff919c1de5c7d3184eef121bfa9a436eb8,7abb113fded4f6b3b6838947afd54ac6f4d067ed0e0e13a8c0a2256365a12821,cfd330ea45cda5e4d23cdeb074783354a9f03c28e52a10d39d7d941ad87ec156,generated/stage_s/pubmed-seed2024-r0.05.yaml
aagu015-s-pubmed-seed2024-r0.05/b_param_hutch,PubMed,b_param_hutch,13801,690,f025ae9342047eb596fa8f4a5db7bdff919c1de5c7d3184eef121bfa9a436eb8,39216d7f0e0b4a2169a5812a77e4368876a901a77def9e8a3f3e0b8669441a45,9886298a51250adbafd1aed702c8089b3497a819b166fe15ebd19467d74a3149,generated/stage_s/pubmed-seed2024-r0.05.yaml
aagu015-s-pubmed-seed2024-r0.05/r_point,PubMed,r_point,13801,690,f025ae9342047eb596fa8f4a5db7bdff919c1de5c7d3184eef121bfa9a436eb8,b832e2f21535d8ae980724706ffc6c0f2fa79bd27dcc8bd64a98af9008dab241,3ffe72d42352562404314824e4b51d147d7dc0e2fa2748ffbdef779776abf34a,generated/stage_s/pubmed-seed2024-r0.05.yaml
aagu015-s-pubmed-seed2024-r0.05/gt_simple,PubMed,gt_simple,13801,690,f025ae9342047eb596fa8f4a5db7bdff919c1de5c7d3184eef121bfa9a436eb8,12aa0297056ec03f7055bea7922b5b9d7025ee30afbed478329248d93419390e,2230586c83fc0ec7bd27ceefeea69e6c4996e1fe3479f48377d6a58c800fe758,generated/stage_s/pubmed-seed2024-r0.05.yaml
aagu015-s-pubmed-seed2024-r0.05/gt_full,PubMed,gt_full,13801,690,f025ae9342047eb596fa8f4a5db7bdff919c1de5c7d3184eef121bfa9a436eb8,55d4fbf3f03934dfa442deb4358a4159fec5074b341d574500607890a236bc10,ba5ba324e64d8be1502499a4f69a9bf72304c2c8b9db270b426bf622bef251a7,generated/stage_s/pubmed-seed2024-r0.05.yaml
aagu015-s-pubmed-seed2024-r0.05/p_point,PubMed,p_point,13801,690,f025ae9342047eb596fa8f4a5db7bdff919c1de5c7d3184eef121bfa9a436eb8,ce04c7911cd88c688e141c57e61a7413f5a151863ef8fe452b6a1ff713be3677,aaa2e1b043c9bb767daac034af212c9a9eb316390f1c6b9b20ab469f249b8dab,generated/stage_s/pubmed-seed2024-r0.05.yaml
aagu015-s-pubmed-seed2024-r0.05/p_simple,PubMed,p_simple,13801,690,f025ae9342047eb596fa8f4a5db7bdff919c1de5c7d3184eef121bfa9a436eb8,2b15da2ed61bc6cb9b5da970389259a36ed985e4802559bb811487f79416256e,4078c719b3c9066c5e602c1480a93114d8c48a0dd979418e888fc9f49fe95ad6,generated/stage_s/pubmed-seed2024-r0.05.yaml
aagu015-s-pubmed-seed2024-r0.05/p_graph,PubMed,p_graph,13801,690,f025ae9342047eb596fa8f4a5db7bdff919c1de5c7d3184eef121bfa9a436eb8,469b31673896628a37c9031f893d8c5e6331ae1d194f7bc4427ede47f723b8cb,3fa41b778e5c93eb3884a8e0ba921a855d80b56b4d0e80b8f7f8d40ce57c892f,generated/stage_s/pubmed-seed2024-r0.05.yaml
aagu015-s-pubmed-seed2024-r0.05/tracin_cp_point_3,PubMed,tracin_cp_point_3,13801,690,f025ae9342047eb596fa8f4a5db7bdff919c1de5c7d3184eef121bfa9a436eb8,fd94e0dd6a422cd5127202bc2748c6a2b9aac13a92c74c48d7ca7c96dcf5afaa,4f5561bd29b0c9720032eea7c7d892ecb68a4c80a56d488270930b2ae3caab1d,generated/stage_s/pubmed-seed2024-r0.05.yaml
aagu015-s-pubmed-seed2024-r0.05/tracin_cp_point_6,PubMed,tracin_cp_point_6,13801,690,f025ae9342047eb596fa8f4a5db7bdff919c1de5c7d3184eef121bfa9a436eb8,664c7a403bc2f9303ecb759968d1f05a119c4172190c7d25a0221147a3e5f061,e698ae4f4fcfcacacf4a70bf0d8d0a28dddea529a0b0cc698ce9db88d00f32af,generated/stage_s/pubmed-seed2024-r0.05.yaml
aagu015-s-pubmed-seed2024-r0.05/tracin_cp_simple_3,PubMed,tracin_cp_simple_3,13801,690,f025ae9342047eb596fa8f4a5db7bdff919c1de5c7d3184eef121bfa9a436eb8,bb156465773f7b75903c8230db0db52bb4408eef38136db6e64256ccf7e0ee3a,ae3955225467e219b5fef12573bb4dd15828ddf313d2a9b4c71c2af29a798b78,generated/stage_s/pubmed-seed2024-r0.05.yaml
aagu015-s-pubmed-seed2024-r0.05/tracin_cp_simple_6,PubMed,tracin_cp_simple_6,13801,690,f025ae9342047eb596fa8f4a5db7bdff919c1de5c7d3184eef121bfa9a436eb8,b7a02d6ab9903b5c04e1088d20615d035cfb3393f87f9a3980d61d05c0ec1f20,a5905083611e595e3e4f7cad501fd06708b3cafe3f6f61ad493000ff74246c27,generated/stage_s/pubmed-seed2024-r0.05.yaml
aagu015-s-pubmed-seed2024-r0.05/tracin_cp_graph_3,PubMed,tracin_cp_graph_3,13801,690,f025ae9342047eb596fa8f4a5db7bdff919c1de5c7d3184eef121bfa9a436eb8,52d2f0bdff6b2e711463e0534add51a09eb4500e4d5133cb91e0b6507e6f21d6,6edb4bfeeacb42b81570f7e0b7f90db0c72dff6b97a0c972e55f1f4af1945f41,generated/stage_s/pubmed-seed2024-r0.05.yaml
aagu015-s-pubmed-seed2024-r0.05/tracin_cp_graph_6,PubMed,tracin_cp_graph_6,13801,690,f025ae9342047eb596fa8f4a5db7bdff919c1de5c7d3184eef121bfa9a436eb8,5b7a4377e54c4888919d5cf097071697000669e5907c093d52ba97b9c860c115,70dcdbf0e7e321c52d468d7379cbf0dadfd48fbace300b09775c1c4c319c2b7f,generated/stage_s/pubmed-seed2024-r0.05.yaml
aagu015-s-pubmed-seed2024-r0.05/legacy,PubMed,legacy,13801,690,f025ae9342047eb596fa8f4a5db7bdff919c1de5c7d3184eef121bfa9a436eb8,0538ae6a2636899d6195d585ce91c5c52795b5f1a0bde7ca654d92d638a8ce3c,8a61d99e0966b9d241e9b9a7a67a44979f0f4aa58bea248b1db6c2bac6c1ed52,generated/stage_s/pubmed-seed2024-r0.05.yaml
aagu015-s-pubmed-seed212-r0.01/degree,PubMed,degree,13801,138,,c28f8b27927158f4bff46709c2f67a93dea1ba721d6d36db7424190ee1bf62c2,0b1d4a0a27e32d51ee6598180687d7f90f6254c999f3511154a5c07db90b42e7,generated/stage_s/pubmed-seed212-r0.01.yaml
aagu015-s-pubmed-seed212-r0.01/random,PubMed,random,13801,138,,679b89310b6b5ef25c5df60f76290577911598c8c3d771243915f591b0e0300c,3322706286ebca81225c7449b945a94fdb09d7901b7ce7c1ad4c2199f0da23ad,generated/stage_s/pubmed-seed212-r0.01.yaml
aagu015-s-pubmed-seed212-r0.01/a_grad_norm,PubMed,a_grad_norm,13801,138,5123b42aa912a80e61200e457a7c166e48ee5f95ecbf7c85b361d950b4160490,dbd3f0e881c2c48c5d472366b5f4829c85f5a4ff1fc821068d7254551a5dbed6,2f6998f1c173dec16329616cd93a8e7e6a0336ce35b86f9310d42c0cdb52967c,generated/stage_s/pubmed-seed212-r0.01.yaml
aagu015-s-pubmed-seed212-r0.01/b_param_hutch,PubMed,b_param_hutch,13801,138,5123b42aa912a80e61200e457a7c166e48ee5f95ecbf7c85b361d950b4160490,53180bcf87a421af086e2e855af1902715a0f20065c0d9ce32142b35902d3409,918db5801175e7c480bcc33d245eab5a34121de5124237a2d8beb8bed39fa583,generated/stage_s/pubmed-seed212-r0.01.yaml
aagu015-s-pubmed-seed212-r0.01/r_point,PubMed,r_point,13801,138,5123b42aa912a80e61200e457a7c166e48ee5f95ecbf7c85b361d950b4160490,e7c9c2d48673985ebfdf72e7f25be24e055c9028aaf4fcb3eae1092fad3e6664,7318b304c540c218d317f1d3eb0f6af9d1d32a0e6a874656ef1daad92515573c,generated/stage_s/pubmed-seed212-r0.01.yaml
aagu015-s-pubmed-seed212-r0.01/gt_simple,PubMed,gt_simple,13801,138,5123b42aa912a80e61200e457a7c166e48ee5f95ecbf7c85b361d950b4160490,727a52fdb081dcefacc73be5e890bc2357ffde726c209b2dd193abaa18a31013,042d1b05823229ca4fc593a8b3ba1a07a6b6718b314eff775dc47d976f723998,generated/stage_s/pubmed-seed212-r0.01.yaml
aagu015-s-pubmed-seed212-r0.01/gt_full,PubMed,gt_full,13801,138,5123b42aa912a80e61200e457a7c166e48ee5f95ecbf7c85b361d950b4160490,48d1355d772c2d3df8b9f8a6c9aaf34cecb76415dea92f18878f26f7f8101e21,46454b8ba003c3f9e6b01bc9b77f22d4b72a566ed500d116d2a437b34b8c9d01,generated/stage_s/pubmed-seed212-r0.01.yaml
aagu015-s-pubmed-seed212-r0.01/p_point,PubMed,p_point,13801,138,5123b42aa912a80e61200e457a7c166e48ee5f95ecbf7c85b361d950b4160490,5ffcec80a75b255c60086ffe9ff2033a47a793e3fb49d73c85759418c4e5e7e6,a92b7da3ca8e1c8b95dad50fb17d6de8a5b78b35c33494c6177156a6845eac61,generated/stage_s/pubmed-seed212-r0.01.yaml
aagu015-s-pubmed-seed212-r0.01/p_simple,PubMed,p_simple,13801,138,5123b42aa912a80e61200e457a7c166e48ee5f95ecbf7c85b361d950b4160490,11ec4e08e2c6a8bc3d80bc95a3718bac331e6cd74efc6b24d8dc691731d32ef3,dd4b34b953a48898f779e98f71e4971ceb05cabb081c3f64e0cf2a0eff7d8d9a,generated/stage_s/pubmed-seed212-r0.01.yaml
aagu015-s-pubmed-seed212-r0.01/p_graph,PubMed,p_graph,13801,138,5123b42aa912a80e61200e457a7c166e48ee5f95ecbf7c85b361d950b4160490,4da21a507aee591646bc069eac3198af214ea2680855e8ef4ce1f9ec1d7232bb,5fb05abf24ff097d4d5c043832dbcc875ccc5cb671cf2053af932655cf3e768e,generated/stage_s/pubmed-seed212-r0.01.yaml
aagu015-s-pubmed-seed212-r0.01/tracin_cp_point_3,PubMed,tracin_cp_point_3,13801,138,5123b42aa912a80e61200e457a7c166e48ee5f95ecbf7c85b361d950b4160490,75a57a989e01348853c91f7101c8e633e0c8d8cfcb76a85322d486a63cbfd6e3,0ae0ca23477ce25c76a2272a2624cb4786c885ea3622235f9c2ea2cdef454699,generated/stage_s/pubmed-seed212-r0.01.yaml
aagu015-s-pubmed-seed212-r0.01/tracin_cp_point_6,PubMed,tracin_cp_point_6,13801,138,5123b42aa912a80e61200e457a7c166e48ee5f95ecbf7c85b361d950b4160490,fc16d4a54116aa3d1f91e8f330354ea2c0bdefe37614a4171a2c4d178fff7f35,1e1a49bcd6b1facb075918a5bb82e1c6ca131029ea0f163147b02d6501defe28,generated/stage_s/pubmed-seed212-r0.01.yaml
aagu015-s-pubmed-seed212-r0.01/tracin_cp_simple_3,PubMed,tracin_cp_simple_3,13801,138,5123b42aa912a80e61200e457a7c166e48ee5f95ecbf7c85b361d950b4160490,5236893a6560b801c41e8d8777c9f5964b739e62fc02133bb87e3b24e27fda64,b85ce2fbb5d6936442fe0100b7228a8e7002268f89a536e33a97bf496901900c,generated/stage_s/pubmed-seed212-r0.01.yaml
aagu015-s-pubmed-seed212-r0.01/tracin_cp_simple_6,PubMed,tracin_cp_simple_6,13801,138,5123b42aa912a80e61200e457a7c166e48ee5f95ecbf7c85b361d950b4160490,d0e2105fed996c2da4b3c59ec6e1f8cae5aeaadb7d1e8f4f2fd61da345df64c1,185e550ffc1d3c8f467dfe0f09d4809900d2e9dff1800aebc8ad81a76e8f5243,generated/stage_s/pubmed-seed212-r0.01.yaml
aagu015-s-pubmed-seed212-r0.01/tracin_cp_graph_3,PubMed,tracin_cp_graph_3,13801,138,5123b42aa912a80e61200e457a7c166e48ee5f95ecbf7c85b361d950b4160490,bc67482967a0c78a5b6d686a3aab359fbd78d9b4776c7bd4ab60d0d67e35764b,90695fc9dbaf753aa0890e97fac8a8d8c81c019197a2cd1bdcbe2d8ce21f6c7c,generated/stage_s/pubmed-seed212-r0.01.yaml
aagu015-s-pubmed-seed212-r0.01/tracin_cp_graph_6,PubMed,tracin_cp_graph_6,13801,138,5123b42aa912a80e61200e457a7c166e48ee5f95ecbf7c85b361d950b4160490,33a1ec7975e4a7bbd94fc307039ba727c82d27a9ba30775eeb88e2cc3930cf44,8fcc3f301c5e343e11312f157caec6859159abe4bee7066d72e06909c7439c1f,generated/stage_s/pubmed-seed212-r0.01.yaml
aagu015-s-pubmed-seed212-r0.01/legacy,PubMed,legacy,13801,138,5123b42aa912a80e61200e457a7c166e48ee5f95ecbf7c85b361d950b4160490,5c419cfd2575f6768ca729d8b6dfe2177b452ab0db883de647008d2f73dbd68e,aa6645f731ffa7dbccb4f2c8003b92f16ee7b3afabe148050380425b6d814f2f,generated/stage_s/pubmed-seed212-r0.01.yaml
aagu015-s-pubmed-seed212-r0.05/degree,PubMed,degree,13801,690,,c28f8b27927158f4bff46709c2f67a93dea1ba721d6d36db7424190ee1bf62c2,45d51d436174aa5a6a958817ba411624f6e2d96d191e3f0ec94f02f0e4ea601c,generated/stage_s/pubmed-seed212-r0.05.yaml
aagu015-s-pubmed-seed212-r0.05/random,PubMed,random,13801,690,,679b89310b6b5ef25c5df60f76290577911598c8c3d771243915f591b0e0300c,82fbe7af126caab7153636977aadb3c14a7b441aa95bbe91e4ece04c82d3245b,generated/stage_s/pubmed-seed212-r0.05.yaml
aagu015-s-pubmed-seed212-r0.05/a_grad_norm,PubMed,a_grad_norm,13801,690,5123b42aa912a80e61200e457a7c166e48ee5f95ecbf7c85b361d950b4160490,dbd3f0e881c2c48c5d472366b5f4829c85f5a4ff1fc821068d7254551a5dbed6,9e8dd705c81e1a2206c8c6bfabd146a43b6916035c476676359959f979efe093,generated/stage_s/pubmed-seed212-r0.05.yaml
aagu015-s-pubmed-seed212-r0.05/b_param_hutch,PubMed,b_param_hutch,13801,690,5123b42aa912a80e61200e457a7c166e48ee5f95ecbf7c85b361d950b4160490,53180bcf87a421af086e2e855af1902715a0f20065c0d9ce32142b35902d3409,0955b89000a909994a6c9003b0f9d278b3d73b4e1fada061ac4b90ed4d0af4c8,generated/stage_s/pubmed-seed212-r0.05.yaml
aagu015-s-pubmed-seed212-r0.05/r_point,PubMed,r_point,13801,690,5123b42aa912a80e61200e457a7c166e48ee5f95ecbf7c85b361d950b4160490,e7c9c2d48673985ebfdf72e7f25be24e055c9028aaf4fcb3eae1092fad3e6664,a69c482aaca8c074e07c573c56a610e0340499d737b79f33e849464f905a2206,generated/stage_s/pubmed-seed212-r0.05.yaml
aagu015-s-pubmed-seed212-r0.05/gt_simple,PubMed,gt_simple,13801,690,5123b42aa912a80e61200e457a7c166e48ee5f95ecbf7c85b361d950b4160490,727a52fdb081dcefacc73be5e890bc2357ffde726c209b2dd193abaa18a31013,81e3c2e8310f70968abba59e8527d16e36f15d930830762fd5176245d5045c7a,generated/stage_s/pubmed-seed212-r0.05.yaml
aagu015-s-pubmed-seed212-r0.05/gt_full,PubMed,gt_full,13801,690,5123b42aa912a80e61200e457a7c166e48ee5f95ecbf7c85b361d950b4160490,48d1355d772c2d3df8b9f8a6c9aaf34cecb76415dea92f18878f26f7f8101e21,ae254a414f9b6b18984dd05490cd60ec6f4ccb9b1c197742a09f8da01fe53ec5,generated/stage_s/pubmed-seed212-r0.05.yaml
aagu015-s-pubmed-seed212-r0.05/p_point,PubMed,p_point,13801,690,5123b42aa912a80e61200e457a7c166e48ee5f95ecbf7c85b361d950b4160490,5ffcec80a75b255c60086ffe9ff2033a47a793e3fb49d73c85759418c4e5e7e6,2e8ba5a6b19c5c1be57c8e5c36451a38a3af2397bdd8f791b5f56ef182cfd436,generated/stage_s/pubmed-seed212-r0.05.yaml
aagu015-s-pubmed-seed212-r0.05/p_simple,PubMed,p_simple,13801,690,5123b42aa912a80e61200e457a7c166e48ee5f95ecbf7c85b361d950b4160490,11ec4e08e2c6a8bc3d80bc95a3718bac331e6cd74efc6b24d8dc691731d32ef3,4e8de3a6567f69e1c86bf9433d770e12f07a606512f4d29261a0e2116afabb95,generated/stage_s/pubmed-seed212-r0.05.yaml
aagu015-s-pubmed-seed212-r0.05/p_graph,PubMed,p_graph,13801,690,5123b42aa912a80e61200e457a7c166e48ee5f95ecbf7c85b361d950b4160490,4da21a507aee591646bc069eac3198af214ea2680855e8ef4ce1f9ec1d7232bb,ebe916085ab88efe6d2c619ad1a63675b4b7206012a818fc0ca5a8a99e99a0e8,generated/stage_s/pubmed-seed212-r0.05.yaml
aagu015-s-pubmed-seed212-r0.05/tracin_cp_point_3,PubMed,tracin_cp_point_3,13801,690,5123b42aa912a80e61200e457a7c166e48ee5f95ecbf7c85b361d950b4160490,75a57a989e01348853c91f7101c8e633e0c8d8cfcb76a85322d486a63cbfd6e3,f0a5a858bf077dcc53d519407b66f437649ab789193ae0d468cc01140dc02174,generated/stage_s/pubmed-seed212-r0.05.yaml
aagu015-s-pubmed-seed212-r0.05/tracin_cp_point_6,PubMed,tracin_cp_point_6,13801,690,5123b42aa912a80e61200e457a7c166e48ee5f95ecbf7c85b361d950b4160490,fc16d4a54116aa3d1f91e8f330354ea2c0bdefe37614a4171a2c4d178fff7f35,f7dcf0381cd1edd3bc1b80a5fca922edbb2c282fb8efcb608ddf739518078f50,generated/stage_s/pubmed-seed212-r0.05.yaml
aagu015-s-pubmed-seed212-r0.05/tracin_cp_simple_3,PubMed,tracin_cp_simple_3,13801,690,5123b42aa912a80e61200e457a7c166e48ee5f95ecbf7c85b361d950b4160490,5236893a6560b801c41e8d8777c9f5964b739e62fc02133bb87e3b24e27fda64,986fbb813dd67fe487f7f265afdaf016dc7e060a8c1c6a605a46513597fecf78,generated/stage_s/pubmed-seed212-r0.05.yaml
aagu015-s-pubmed-seed212-r0.05/tracin_cp_simple_6,PubMed,tracin_cp_simple_6,13801,690,5123b42aa912a80e61200e457a7c166e48ee5f95ecbf7c85b361d950b4160490,d0e2105fed996c2da4b3c59ec6e1f8cae5aeaadb7d1e8f4f2fd61da345df64c1,f72be1b847c7c4a9c90c8369c4f4ab6f1f33ac0c38e6827ec3dfa15deed39bff,generated/stage_s/pubmed-seed212-r0.05.yaml
aagu015-s-pubmed-seed212-r0.05/tracin_cp_graph_3,PubMed,tracin_cp_graph_3,13801,690,5123b42aa912a80e61200e457a7c166e48ee5f95ecbf7c85b361d950b4160490,bc67482967a0c78a5b6d686a3aab359fbd78d9b4776c7bd4ab60d0d67e35764b,4e3220d838b13174ef78d0761be72a383d56d54f105e11cb0b5d966294ea337d,generated/stage_s/pubmed-seed212-r0.05.yaml
aagu015-s-pubmed-seed212-r0.05/tracin_cp_graph_6,PubMed,tracin_cp_graph_6,13801,690,5123b42aa912a80e61200e457a7c166e48ee5f95ecbf7c85b361d950b4160490,33a1ec7975e4a7bbd94fc307039ba727c82d27a9ba30775eeb88e2cc3930cf44,a685b88e92ed68adf2a0d21d9a0dfc0496df1c82d29777bde3b081ddb779ddef,generated/stage_s/pubmed-seed212-r0.05.yaml
aagu015-s-pubmed-seed212-r0.05/legacy,PubMed,legacy,13801,690,5123b42aa912a80e61200e457a7c166e48ee5f95ecbf7c85b361d950b4160490,5c419cfd2575f6768ca729d8b6dfe2177b452ab0db883de647008d2f73dbd68e,da16f18fa27b9cc03bbddf6ea40c31fb65a7afca9db40aefe423997695ce7d1d,generated/stage_s/pubmed-seed212-r0.05.yaml
aagu015-s-pubmed-seed42-r0.01/degree,PubMed,degree,13801,138,,c28f8b27927158f4bff46709c2f67a93dea1ba721d6d36db7424190ee1bf62c2,0b1d4a0a27e32d51ee6598180687d7f90f6254c999f3511154a5c07db90b42e7,generated/stage_s/pubmed-seed42-r0.01.yaml
aagu015-s-pubmed-seed42-r0.01/random,PubMed,random,13801,138,,679b89310b6b5ef25c5df60f76290577911598c8c3d771243915f591b0e0300c,3322706286ebca81225c7449b945a94fdb09d7901b7ce7c1ad4c2199f0da23ad,generated/stage_s/pubmed-seed42-r0.01.yaml
aagu015-s-pubmed-seed42-r0.01/a_grad_norm,PubMed,a_grad_norm,13801,138,65b88682bc2ef76e073a200049dc7052839a7c2dcb48b65a0edd96f3136e8195,f44edfb3bf2dd609dea6c10c0707f067dba4791d1286dd94b8922fd08387db41,024d888092bcbfe19941d3397d66bc7d4ef34c9a70babeb05af748f72d73277b,generated/stage_s/pubmed-seed42-r0.01.yaml
aagu015-s-pubmed-seed42-r0.01/b_param_hutch,PubMed,b_param_hutch,13801,138,65b88682bc2ef76e073a200049dc7052839a7c2dcb48b65a0edd96f3136e8195,713ccb1b2cb778fe126615f0dc289c5bbb11a961ee7ded6c874a24edc78f4b64,1abd83c6efed3c35eac898c6b2c4a53a8c4c38cc03d2e1f2b37876cd41ef2d0d,generated/stage_s/pubmed-seed42-r0.01.yaml
aagu015-s-pubmed-seed42-r0.01/r_point,PubMed,r_point,13801,138,65b88682bc2ef76e073a200049dc7052839a7c2dcb48b65a0edd96f3136e8195,0b3ddacfa492ed7a4a9ff2ece38a79e32c2cfe651b01c0470cb60164d33ad847,a7a47d6e4cb3266e74067dd968f03ca7e64fb87a5820d717ededf01f94f39c48,generated/stage_s/pubmed-seed42-r0.01.yaml
aagu015-s-pubmed-seed42-r0.01/gt_simple,PubMed,gt_simple,13801,138,65b88682bc2ef76e073a200049dc7052839a7c2dcb48b65a0edd96f3136e8195,65a7b1d41d2ce8d6ab7c3668d11d425c22c07ff1ad2117835be67c9bbd5d14fe,805813d330595f1ad7d986d721c134afaee5ee28b65850fce9a2104ce9eda7ce,generated/stage_s/pubmed-seed42-r0.01.yaml
aagu015-s-pubmed-seed42-r0.01/gt_full,PubMed,gt_full,13801,138,65b88682bc2ef76e073a200049dc7052839a7c2dcb48b65a0edd96f3136e8195,6c058bbceb98939ad21be0c7dba4915246d543db642f28ca5b38428d32b5e5b3,ae2c826fd2118942b1789653e9ea239101fb84b107fbf28c108df88e42899799,generated/stage_s/pubmed-seed42-r0.01.yaml
aagu015-s-pubmed-seed42-r0.01/p_point,PubMed,p_point,13801,138,65b88682bc2ef76e073a200049dc7052839a7c2dcb48b65a0edd96f3136e8195,b5365f1a0f5fcdf97eec3cbe2591e63931a167cb21fa1f836e0211bdb035a358,84da03750282ae8101d000ad5d434e9171171b2c4bf425bbc91cb3b0d678dbd1,generated/stage_s/pubmed-seed42-r0.01.yaml
aagu015-s-pubmed-seed42-r0.01/p_simple,PubMed,p_simple,13801,138,65b88682bc2ef76e073a200049dc7052839a7c2dcb48b65a0edd96f3136e8195,0ccef5f2845176c1b885b7cf834ce02dcdda772c27475fffe027a6a1f8300bf3,cf8898bc5f91d769a8c07bb436dc2ade2a1aa388836a181ca5d1d92f9cc1a2e1,generated/stage_s/pubmed-seed42-r0.01.yaml
aagu015-s-pubmed-seed42-r0.01/p_graph,PubMed,p_graph,13801,138,65b88682bc2ef76e073a200049dc7052839a7c2dcb48b65a0edd96f3136e8195,dff55d21f0509f58cac65fb6be54e005be27334266ad7993242832a85868656c,35e340560f1acd1d25c1456fee4acb83b7bbaade62fdb70884d8680fbb11df0c,generated/stage_s/pubmed-seed42-r0.01.yaml
aagu015-s-pubmed-seed42-r0.01/tracin_cp_point_3,PubMed,tracin_cp_point_3,13801,138,65b88682bc2ef76e073a200049dc7052839a7c2dcb48b65a0edd96f3136e8195,6328177ec717c4f6b6bce24db218044749b8b2de472509b1acd7103799bce4fd,0b73d875515dc543298c797b9e327a5cbc4a155af79112f5e0ca1944577d1e03,generated/stage_s/pubmed-seed42-r0.01.yaml
aagu015-s-pubmed-seed42-r0.01/tracin_cp_point_6,PubMed,tracin_cp_point_6,13801,138,65b88682bc2ef76e073a200049dc7052839a7c2dcb48b65a0edd96f3136e8195,7f6c0cfdaa9ca9efe1495006931f5f45306955e2fdd3914a9a37955f68a67be6,718091a41c2afe6663a97896cd6108709385d912bf17f7f837a42e7cb733740c,generated/stage_s/pubmed-seed42-r0.01.yaml
aagu015-s-pubmed-seed42-r0.01/tracin_cp_simple_3,PubMed,tracin_cp_simple_3,13801,138,65b88682bc2ef76e073a200049dc7052839a7c2dcb48b65a0edd96f3136e8195,25456a64b8a8b2e6a6e9658972d11ea89f0237b630a6dff7f020209354c8e766,b97ca680acdf06e0ff4f1c5726e12d3cae7c186a57315df36eaeb9b5df9b8148,generated/stage_s/pubmed-seed42-r0.01.yaml
aagu015-s-pubmed-seed42-r0.01/tracin_cp_simple_6,PubMed,tracin_cp_simple_6,13801,138,65b88682bc2ef76e073a200049dc7052839a7c2dcb48b65a0edd96f3136e8195,bd4b4ad71106f40ca6322c599038e1553878dcc4b00dd7ca75fddd1d5c41c716,3267a3f8f67adb96f109e9271e33192896b41c0f28e595e3cfaf76b9fe5551f2,generated/stage_s/pubmed-seed42-r0.01.yaml
aagu015-s-pubmed-seed42-r0.01/tracin_cp_graph_3,PubMed,tracin_cp_graph_3,13801,138,65b88682bc2ef76e073a200049dc7052839a7c2dcb48b65a0edd96f3136e8195,4c6c8a2d68d713338cf947724eefd62f7a31db0eeda109e3fb54485a2cbcdeac,dcc54c51804ceef1e4b0ee6b0bb9167749c64e04bb7212ca4c782bfd35523ae9,generated/stage_s/pubmed-seed42-r0.01.yaml
aagu015-s-pubmed-seed42-r0.01/tracin_cp_graph_6,PubMed,tracin_cp_graph_6,13801,138,65b88682bc2ef76e073a200049dc7052839a7c2dcb48b65a0edd96f3136e8195,b8011c913b908d643885833ed1e7d1d0e267a25664c75c7c7c642fa233028fe1,fac5a0960ca93a0f1f540c061868f90e5238c5c320fd6434ce02d97a5afab079,generated/stage_s/pubmed-seed42-r0.01.yaml
aagu015-s-pubmed-seed42-r0.01/legacy,PubMed,legacy,13801,138,65b88682bc2ef76e073a200049dc7052839a7c2dcb48b65a0edd96f3136e8195,9b3ed49411adb74a29b1cb53a530bcbc9c3673824ca92025cb0ff5854c680d8c,9b509ee6fc1cfcc2e61c5a93cb0df4ac0fae9e92e5d86c40214aaa1199625f32,generated/stage_s/pubmed-seed42-r0.01.yaml
aagu015-s-pubmed-seed42-r0.05/degree,PubMed,degree,13801,690,,c28f8b27927158f4bff46709c2f67a93dea1ba721d6d36db7424190ee1bf62c2,45d51d436174aa5a6a958817ba411624f6e2d96d191e3f0ec94f02f0e4ea601c,generated/stage_s/pubmed-seed42-r0.05.yaml
aagu015-s-pubmed-seed42-r0.05/random,PubMed,random,13801,690,,679b89310b6b5ef25c5df60f76290577911598c8c3d771243915f591b0e0300c,82fbe7af126caab7153636977aadb3c14a7b441aa95bbe91e4ece04c82d3245b,generated/stage_s/pubmed-seed42-r0.05.yaml
aagu015-s-pubmed-seed42-r0.05/a_grad_norm,PubMed,a_grad_norm,13801,690,65b88682bc2ef76e073a200049dc7052839a7c2dcb48b65a0edd96f3136e8195,f44edfb3bf2dd609dea6c10c0707f067dba4791d1286dd94b8922fd08387db41,815bdc12d8be13b2363995be1f425cd1a9595a72ebe2b99008891ab10c881e1c,generated/stage_s/pubmed-seed42-r0.05.yaml
aagu015-s-pubmed-seed42-r0.05/b_param_hutch,PubMed,b_param_hutch,13801,690,65b88682bc2ef76e073a200049dc7052839a7c2dcb48b65a0edd96f3136e8195,713ccb1b2cb778fe126615f0dc289c5bbb11a961ee7ded6c874a24edc78f4b64,30455883594c8661ecf0c93b4964ddca3ec281fb459b1807ad02725f27e016c7,generated/stage_s/pubmed-seed42-r0.05.yaml
aagu015-s-pubmed-seed42-r0.05/r_point,PubMed,r_point,13801,690,65b88682bc2ef76e073a200049dc7052839a7c2dcb48b65a0edd96f3136e8195,0b3ddacfa492ed7a4a9ff2ece38a79e32c2cfe651b01c0470cb60164d33ad847,b62be9adf46eba32448e077c760c33ce76589609745c3fdf13437f4cfe6fd849,generated/stage_s/pubmed-seed42-r0.05.yaml
aagu015-s-pubmed-seed42-r0.05/gt_simple,PubMed,gt_simple,13801,690,65b88682bc2ef76e073a200049dc7052839a7c2dcb48b65a0edd96f3136e8195,65a7b1d41d2ce8d6ab7c3668d11d425c22c07ff1ad2117835be67c9bbd5d14fe,cafdea6f83fb543f27dd3408ca8785652543bc6384762942a93eb194c1098290,generated/stage_s/pubmed-seed42-r0.05.yaml
aagu015-s-pubmed-seed42-r0.05/gt_full,PubMed,gt_full,13801,690,65b88682bc2ef76e073a200049dc7052839a7c2dcb48b65a0edd96f3136e8195,6c058bbceb98939ad21be0c7dba4915246d543db642f28ca5b38428d32b5e5b3,a64caa84d121bc05c803df647b1780b7462526485d87af7370dcf801079aa9ce,generated/stage_s/pubmed-seed42-r0.05.yaml
aagu015-s-pubmed-seed42-r0.05/p_point,PubMed,p_point,13801,690,65b88682bc2ef76e073a200049dc7052839a7c2dcb48b65a0edd96f3136e8195,b5365f1a0f5fcdf97eec3cbe2591e63931a167cb21fa1f836e0211bdb035a358,9cd27e95a330f161078d130320e2185892635001c09f3192fd431c575577e537,generated/stage_s/pubmed-seed42-r0.05.yaml
aagu015-s-pubmed-seed42-r0.05/p_simple,PubMed,p_simple,13801,690,65b88682bc2ef76e073a200049dc7052839a7c2dcb48b65a0edd96f3136e8195,0ccef5f2845176c1b885b7cf834ce02dcdda772c27475fffe027a6a1f8300bf3,77817470f02b13b8016f8fd373877c6198a466543cc9389fe54922541995b48d,generated/stage_s/pubmed-seed42-r0.05.yaml
aagu015-s-pubmed-seed42-r0.05/p_graph,PubMed,p_graph,13801,690,65b88682bc2ef76e073a200049dc7052839a7c2dcb48b65a0edd96f3136e8195,dff55d21f0509f58cac65fb6be54e005be27334266ad7993242832a85868656c,8d54e13ea790407fc38aa21de2789ea028abcb45dd26338a6122cef21ccd6881,generated/stage_s/pubmed-seed42-r0.05.yaml
aagu015-s-pubmed-seed42-r0.05/tracin_cp_point_3,PubMed,tracin_cp_point_3,13801,690,65b88682bc2ef76e073a200049dc7052839a7c2dcb48b65a0edd96f3136e8195,6328177ec717c4f6b6bce24db218044749b8b2de472509b1acd7103799bce4fd,5afa1737ba1f098cd0d7214a277ef300f652b6ccb84d5e21ed421bcd81806ddf,generated/stage_s/pubmed-seed42-r0.05.yaml
aagu015-s-pubmed-seed42-r0.05/tracin_cp_point_6,PubMed,tracin_cp_point_6,13801,690,65b88682bc2ef76e073a200049dc7052839a7c2dcb48b65a0edd96f3136e8195,7f6c0cfdaa9ca9efe1495006931f5f45306955e2fdd3914a9a37955f68a67be6,f800f4ebbb18618a5f4611ff472784c935fe3d53df0a9bbcedf4565d7ffa7d93,generated/stage_s/pubmed-seed42-r0.05.yaml
aagu015-s-pubmed-seed42-r0.05/tracin_cp_simple_3,PubMed,tracin_cp_simple_3,13801,690,65b88682bc2ef76e073a200049dc7052839a7c2dcb48b65a0edd96f3136e8195,25456a64b8a8b2e6a6e9658972d11ea89f0237b630a6dff7f020209354c8e766,a4d52fb736510741751f91f06f4a10c4bbf62c50d18c6a19b40c0f8a24238e2d,generated/stage_s/pubmed-seed42-r0.05.yaml
aagu015-s-pubmed-seed42-r0.05/tracin_cp_simple_6,PubMed,tracin_cp_simple_6,13801,690,65b88682bc2ef76e073a200049dc7052839a7c2dcb48b65a0edd96f3136e8195,bd4b4ad71106f40ca6322c599038e1553878dcc4b00dd7ca75fddd1d5c41c716,65ea6da835ad0ff801ce1df35ed63a38cb00e2d5856c76797e589dd4c2e5eeac,generated/stage_s/pubmed-seed42-r0.05.yaml
aagu015-s-pubmed-seed42-r0.05/tracin_cp_graph_3,PubMed,tracin_cp_graph_3,13801,690,65b88682bc2ef76e073a200049dc7052839a7c2dcb48b65a0edd96f3136e8195,4c6c8a2d68d713338cf947724eefd62f7a31db0eeda109e3fb54485a2cbcdeac,a6ac01270b49d396f4a226f8b00719d92f5a1d7d37acc789f3bc05f7ac31d5b6,generated/stage_s/pubmed-seed42-r0.05.yaml
aagu015-s-pubmed-seed42-r0.05/tracin_cp_graph_6,PubMed,tracin_cp_graph_6,13801,690,65b88682bc2ef76e073a200049dc7052839a7c2dcb48b65a0edd96f3136e8195,b8011c913b908d643885833ed1e7d1d0e267a25664c75c7c7c642fa233028fe1,264d7ca951ed48aff3999b6299c18dc4d170cdd93ebee147ea9846415962b179,generated/stage_s/pubmed-seed42-r0.05.yaml
aagu015-s-pubmed-seed42-r0.05/legacy,PubMed,legacy,13801,690,65b88682bc2ef76e073a200049dc7052839a7c2dcb48b65a0edd96f3136e8195,9b3ed49411adb74a29b1cb53a530bcbc9c3673824ca92025cb0ff5854c680d8c,56d0f8da7ce3e2dcbc904c3c243c78f0bb97655a36ebc06cc904988f57a5dbf1,generated/stage_s/pubmed-seed42-r0.05.yaml
