dataset,method,selector,source,flip_mean,flip_std,flip_min,flip_max,delta_flip_mean,delta_flip_std,delta_flip_min,delta_flip_max,A_mean,A_std,A_min,A_max
CiteSeer,GIF,degree,GCN,4.854854854854855,0.3467569184322075,4.654654654654655,5.255255255255255,0.5338672005338672,0.47305461724250325,0.0,0.9009009009009006,0.06673340006673338,0.4623425579095977,-0.20020020020020013,0.6006006006005862
CiteSeer,GIF,gt_full,GAT,5.955955955955955,0.37786959135489223,5.555555555555555,6.306306306306306,1.6349683016349676,0.3016873760431284,1.3513513513513509,1.9519519519519513,-0.8341675008341554,0.4014417556061312,-1.251251251251233,-0.45045045045044674
CiteSeer,GIF,gt_full,GCN,5.5555555555555545,0.6880744286720478,4.804804804804805,6.156156156156156,1.2345679012345676,0.939466681701774,0.1501501501501501,1.8018018018018012,-0.3837170503837086,0.7823406131260039,-1.1011011011010794,0.45045045045044674
CiteSeer,GIF,gt_full,GIN,4.954954954954955,0.26006768882415565,4.654654654654655,5.105105105105105,0.6339673006339672,0.5843937233278944,0.0,1.1511511511511512,-0.33366700033366214,0.3256460009333168,-0.6506506506506469,0.0
CiteSeer,GIF,gt_full,SGC,4.304304304304304,0.37786959135489256,3.903903903903904,4.654654654654655,-0.01668335001668364,0.02889640986935037,-0.05005005005005003,0.0,-0.03336670003336432,0.028896409869348577,-0.05005005005004648,0.0
CiteSeer,GIF,r_point,GAT,8.158158158158157,1.0220509437768848,7.3573573573573565,9.30930930930931,3.83717050383717,0.8259522051709424,3.003003003003002,4.654654654654655,-0.8341675008341601,0.25191306090325866,-1.1011011011010936,-0.6006006006006004
CiteSeer,GIF,r_point,GCN,7.407407407407407,0.37786959135489184,7.057057057057057,7.807807807807808,3.0864197530864192,0.5929047595567853,2.4024024024024024,3.453453453453453,-0.38371705038371334,0.5971147870594922,-0.8008008008007863,0.3003003003002931
CiteSeer,GIF,r_point,GIN,5.9559559559559565,1.277012094311619,4.654654654654655,7.207207207207207,1.6349683016349683,0.9260386444029307,0.7007007007007009,2.5525525525525525,-0.03336670003336906,0.3256460009333168,-0.3503503503503538,0.3003003003002931
CiteSeer,GIF,r_point,SGC,4.0040040040040035,1.0862129336441797,3.303303303303303,5.255255255255255,-0.316983650316984,0.8044420054215012,-0.9009009009009015,0.6006006006006004,0.016683350016691634,0.18948643129129503,-0.20020020020018592,0.15015015015015365
CiteSeer,GIF,random,GCN,4.320987654320988,0.3515399984268514,3.953953953953954,4.654654654654655,0.0,0.0,0.0,0.0,3.157967714489334e-15,2.7348802650788466e-15,0.0,4.736951571734001e-15
CiteSeer,GNNDelete,degree,GCN,9.45945945945946,0.6880744286720485,8.708708708708707,10.06006006006006,1.634968301634968,0.6297826522581549,1.051051051051049,2.3023023023023024,0.4337671004337646,1.320727159360351,-0.45045045045046095,1.9519519519519548
CiteSeer,GNNDelete,gt_full,GAT,9.40940940940941,0.5273099976402771,8.85885885885886,9.90990990990991,1.5849182515849185,0.732739114314238,0.8008008008008023,2.2522522522522515,0.33366700033366214,0.9938852858596253,-0.750750750750754,1.2012012012012008
CiteSeer,GNNDelete,gt_full,GCN,10.610610610610612,3.3484942309665118,8.108108108108109,14.414414414414415,2.7861194527861195,3.4463133356490774,0.05005005005005181,6.656656656656657,-0.2669336002669335,0.9027527032678464,-1.2012012012012008,0.6006006006006004
CiteSeer,GNNDelete,gt_full,GIN,9.80980980980981,0.8269625446375526,9.00900900900901,10.66066066066066,1.9853186519853188,0.9812022657679412,0.9509509509509524,2.9029029029029028,0.033366700033359585,0.8289795294497709,-0.750750750750754,0.9009009009008935
CiteSeer,GNNDelete,gt_full,SGC,8.70870870870871,0.5201353776483113,8.108108108108109,9.00900900900901,0.8842175508842182,0.40454973817090933,0.4504504504504503,1.2512512512512517,-0.016683350016691634,0.8971858298130647,-1.0510510510510613,0.5505505505505397
CiteSeer,GNNDelete,r_point,GAT,8.608608608608607,2.2589157350143667,6.006006006006006,10.06006006006006,0.7841174507841174,2.2238974408160197,-1.751751751751752,2.4024024024024015,-0.2669336002669335,0.5779281973870126,-0.6006006006006004,0.40040040040040026
CiteSeer,GNNDelete,r_point,GCN,9.95995995995996,2.2984909916326393,8.558558558558559,12.612612612612612,2.135468802135468,2.3583790354247807,0.6506506506506504,4.854854854854854,-0.46713380046713365,0.9013642081574919,-1.5015015015014939,0.15015015015015365
CiteSeer,GNNDelete,r_point,GIN,9.95995995995996,1.504001922053725,8.408408408408409,11.411411411411411,2.135468802135469,1.3092975747903526,0.7507507507507505,3.353353353353354,-0.21688355021688702,0.8259522051709399,-0.9009009009009077,0.7007007007006933
CiteSeer,GNNDelete,r_point,SGC,8.70870870870871,0.5201353776483113,8.108108108108109,9.00900900900901,0.8842175508842182,0.7241419557627853,0.05005005005005181,1.3513513513513509,-0.5171838505171801,1.0026679480358154,-1.6516516516516475,0.2502502502502466
CiteSeer,GNNDelete,random,GCN,7.8244911578244905,0.2083749749215337,7.6576576576576585,8.058058058058057,0.0,0.0,0.0,0.0,-1.578983857244667e-15,2.7348802650788466e-15,-4.736951571734001e-15,0.0
CiteSeer,GraphEraser,degree,GCN,18.81881881881882,1.1269599849046745,17.71771771771772,19.96996996996997,-0.06673340006673338,1.1438745222837465,-0.8008008008008005,1.2512512512512508,-0.46713380046713365,0.4861128556667832,-1.0010010010010006,-0.05005005005004648
CiteSeer,GraphEraser,gt_full,GAT,17.36736736736737,1.0652550877774143,16.216216216216218,18.31831831831832,-1.5181848515181844,1.186865292748242,-2.5025025025025016,-0.20020020020020013,-0.16683350016683582,0.20227486908545234,-0.40040040040040026,-0.05005005005004648
CiteSeer,GraphEraser,gt_full,GCN,20.17017017017017,2.522939571797512,17.417417417417415,22.372372372372375,1.2846179512846174,2.3774212805246746,-1.1011011011011043,3.653653653653656,-0.11678345011678933,0.2568369088812209,-0.40040040040040026,0.10010010010009296
CiteSeer,GraphEraser,gt_full,GIN,19.91991991991992,0.693513836864415,19.51951951951952,20.72072072072072,1.0343677010343673,0.2519130609032615,0.8008008008008005,1.3013013013013008,-0.4170837504170872,0.6532122772923441,-1.15115115115114,0.10010010010009296
CiteSeer,GraphEraser,gt_full,SGC,19.01901901901902,1.3624281870686872,17.56756756756757,20.27027027027027,0.13346680013346676,1.2841845444061268,-0.9509509509509506,1.551551551551551,0.4337671004337646,0.5013339740179089,-0.05005005005004648,0.9509509509509542
CiteSeer,GraphEraser,r_point,GAT,16.616616616616614,0.7406731024498882,15.765765765765765,17.117117117117118,-2.2689356022689355,0.701296281514305,-2.9529529529529537,-1.551551551551551,-0.4170837504170824,0.37565332830155995,-0.8008008008008005,-0.05005005005004648
CiteSeer,GraphEraser,r_point,GCN,18.31831831831832,2.416437978893557,15.765765765765765,20.57057057057057,-0.5672339005672343,2.3111709183550273,-2.7527527527527536,1.8518518518518512,-0.717384050717385,0.8615783339122671,-1.401401401401401,0.2502502502502466
CiteSeer,GraphEraser,r_point,GIN,19.46946946946947,0.853789895356955,18.76876876876877,20.42042042042042,0.5839172505839171,1.1482460332045217,-0.20020020020020013,1.9019019019019012,-0.5672339005672361,0.553575576344235,-1.15115115115114,-0.05005005005006069
CiteSeer,GraphEraser,r_point,SGC,19.31931931931932,0.4587162857813652,18.91891891891892,19.81981981981982,0.43376710043376693,0.6512920018666376,-0.20020020020020013,1.1011011011011007,0.7841174507841089,0.32177680216859883,0.5505505505505397,1.15115115115114
CiteSeer,GraphEraser,random,GCN,18.885552218885554,0.47305461724250353,18.51851851851852,19.41941941941942,0.0,0.0,0.0,0.0,-1.578983857244667e-15,5.469760530157693e-15,-4.736951571734001e-15,4.736951571734001e-15
CiteSeer,GraphRevoker,degree,GCN,19.61961961961962,2.298490991632638,16.966966966966968,21.02102102102102,-0.7674341007674338,1.156939502675062,-1.8518518518518512,0.4504504504504503,-0.5839172505839182,0.7918881739276434,-1.4514514514514474,0.10010010010009296
CiteSeer,GraphRevoker,gt_full,GAT,20.37037037037037,1.8653298452036253,19.21921921921922,22.52252252252252,-0.016683350016683345,1.1601827594737206,-1.3513513513513509,0.7507507507507505,0.016683350016677423,0.057792819738705356,-0.05005005005006069,0.05005005005004648
CiteSeer,GraphRevoker,gt_full,GCN,21.67167167167167,3.4447380996135646,17.71771771771772,24.024024024024023,1.2846179512846174,2.0783329737472074,-1.1011011011011007,2.7027027027027017,0.26693360026692403,0.9287397837648814,-0.7007007007007076,1.15115115115114
CiteSeer,GraphRevoker,gt_full,GIN,20.87087087087087,1.8018018018018012,19.06906906906907,22.67267267267267,0.48381715048381696,0.36207097788139303,0.25025025025025016,0.9009009009009006,-0.03336670003336906,0.2568369088812228,-0.2502502502502466,0.2502502502502466
CiteSeer,GraphRevoker,gt_full,SGC,21.07107107107107,1.7913443611785058,19.06906906906907,22.52252252252252,0.6840173506840171,1.1161647436555038,-0.1501501501501501,1.9519519519519513,0.4170837504170824,0.6646174269950664,-0.3503503503503538,0.8008008008008005
CiteSeer,GraphRevoker,r_point,GAT,19.46946946946947,1.6055070002347782,18.46846846846847,21.32132132132132,-0.9175842509175839,0.8971858298130629,-1.9519519519519513,-0.3503503503503502,-0.4337671004337693,0.23652730862125634,-0.7007007007007076,-0.2502502502502466
CiteSeer,GraphRevoker,r_point,GCN,20.47047047047047,3.8613216260232064,16.066066066066064,23.273273273273272,0.08341675008341554,2.4561948388948056,-2.7527527527527553,1.501501501501501,0.16683350016682633,0.2932665303845008,-0.05005005005006069,0.5005005005004932
CiteSeer,GraphRevoker,r_point,GIN,21.621621621621625,0.5201353776483113,21.32132132132132,22.22222222222222,1.2345679012345674,1.1082818605433677,0.4504504504504503,2.5025025025025016,-0.4838171504838253,0.9837519511381796,-1.1011011011011078,0.6506506506506469
CiteSeer,GraphRevoker,r_point,SGC,20.22022022022022,1.065255087777416,19.06906906906907,21.17117117117117,-0.16683350016683343,1.040672016933646,-1.3513513513513509,0.6006006006006004,-0.28361695028362516,0.4197445987790779,-0.5505505505505539,0.20020020020018592
CiteSeer,GraphRevoker,random,GCN,20.387053720387055,1.4850055930246022,18.81881881881882,21.77177177177177,0.0,0.0,0.0,0.0,-4.736951571734001e-15,0.0,-4.736951571734001e-15,-4.736951571734001e-15
CiteSeer,IDEA,degree,GCN,4.854854854854855,0.3467569184322075,4.654654654654655,5.255255255255255,0.5338672005338672,0.47305461724250325,0.0,0.9009009009009006,0.06673340006673338,0.4623425579095977,-0.20020020020020013,0.6006006006005862
CiteSeer,IDEA,gt_full,GAT,5.955955955955955,0.37786959135489223,5.555555555555555,6.306306306306306,1.6349683016349676,0.3016873760431284,1.3513513513513509,1.9519519519519513,-0.8341675008341554,0.4014417556061312,-1.251251251251233,-0.45045045045044674
CiteSeer,IDEA,gt_full,GCN,5.5555555555555545,0.6880744286720478,4.804804804804805,6.156156156156156,1.2345679012345676,0.939466681701774,0.1501501501501501,1.8018018018018012,-0.3837170503837086,0.7823406131260039,-1.1011011011010794,0.45045045045044674
CiteSeer,IDEA,gt_full,GIN,4.954954954954955,0.26006768882415565,4.654654654654655,5.105105105105105,0.6339673006339672,0.5843937233278944,0.0,1.1511511511511512,-0.33366700033366214,0.3256460009333168,-0.6506506506506469,0.0
CiteSeer,IDEA,gt_full,SGC,4.304304304304304,0.37786959135489256,3.903903903903904,4.654654654654655,-0.01668335001668364,0.02889640986935037,-0.05005005005005003,0.0,-0.03336670003336432,0.028896409869348577,-0.05005005005004648,0.0
CiteSeer,IDEA,r_point,GAT,8.158158158158157,1.0220509437768848,7.3573573573573565,9.30930930930931,3.83717050383717,0.8259522051709424,3.003003003003002,4.654654654654655,-0.8341675008341601,0.25191306090325866,-1.1011011011010936,-0.6006006006006004
CiteSeer,IDEA,r_point,GCN,7.407407407407407,0.37786959135489184,7.057057057057057,7.807807807807808,3.0864197530864192,0.5929047595567853,2.4024024024024024,3.453453453453453,-0.38371705038371334,0.5971147870594922,-0.8008008008007863,0.3003003003002931
CiteSeer,IDEA,r_point,GIN,5.9559559559559565,1.277012094311619,4.654654654654655,7.207207207207207,1.6349683016349683,0.9260386444029307,0.7007007007007009,2.5525525525525525,-0.03336670003336906,0.3256460009333168,-0.3503503503503538,0.3003003003002931
CiteSeer,IDEA,r_point,SGC,4.0040040040040035,1.0862129336441797,3.303303303303303,5.255255255255255,-0.316983650316984,0.8044420054215012,-0.9009009009009015,0.6006006006006004,0.016683350016691634,0.18948643129129503,-0.20020020020018592,0.15015015015015365
CiteSeer,IDEA,random,GCN,4.320987654320988,0.3515399984268514,3.953953953953954,4.654654654654655,0.0,0.0,0.0,0.0,3.157967714489334e-15,2.7348802650788466e-15,0.0,4.736951571734001e-15
CiteSeer,MEGU,degree,GCN,5.5555555555555545,0.6544893308619628,5.105105105105105,6.306306306306306,-0.43376710043376726,0.23117127895480555,-0.7007007007007013,-0.3003003003002993,-0.5171838505171849,0.07645271429690428,-0.6006006006006146,-0.45045045045044674
CiteSeer,MEGU,gt_full,GAT,7.307307307307307,1.345778744719595,6.456456456456457,8.85885885885886,1.3179846513179847,0.4623425579096103,1.0510510510510507,1.851851851851852,-0.21688355021688702,0.33324965557954106,-0.5005005005004932,0.15015015015013944
CiteSeer,MEGU,gt_full,GCN,8.258258258258259,1.3761488573440963,6.756756756756757,9.45945945945946,2.268935602268936,1.5558509752464804,1.2012012012012026,4.0540540540540535,0.28361695028361567,0.2889640986935022,-0.05005005005004648,0.45045045045044674
CiteSeer,MEGU,gt_full,GIN,6.406406406406407,1.3870276737288307,4.804804804804805,7.207207207207207,0.4170837504170839,1.2900232513996193,-0.7507507507507496,1.8018018018018012,0.4337671004337646,0.2756541815458558,0.2502502502502466,0.750750750750754
CiteSeer,MEGU,gt_full,SGC,6.806806806806807,0.9997489667386478,6.156156156156156,7.957957957957958,0.8174841508174838,0.18948643129129963,0.6006006006006013,0.9509509509509506,-0.3169836503169847,0.028896409869340372,-0.35035035035033957,-0.3003003003003073
CiteSeer,MEGU,r_point,GAT,8.85885885885886,0.5201353776483113,8.558558558558559,9.45945945945946,2.8695362028695364,0.36892466445605593,2.4524524524524525,3.153153153153153,-0.2669336002669335,0.4014417556061386,-0.6506506506506469,0.15015015015015365
CiteSeer,MEGU,r_point,GCN,9.20920920920921,1.8893479567744618,7.207207207207207,10.96096096096096,3.2198865532198866,2.0619972713353847,1.6516516516516528,5.5555555555555545,-0.16683350016683107,0.8229137440866499,-1.1011011011010936,0.45045045045044674
CiteSeer,MEGU,r_point,GIN,7.157157157157157,0.3125624623823021,6.906906906906906,7.5075075075075075,1.1678345011678344,1.1383865271426084,-0.10010010010010095,2.1021021021021014,-0.11678345011678459,0.6454969009727421,-0.6506506506506469,0.6006006006006004
CiteSeer,MEGU,r_point,SGC,6.556556556556555,0.8269625446375526,5.7057057057057055,7.3573573573573565,0.5672339005672334,0.41974459877908404,0.3003003003002993,1.0510510510510516,-0.3169836503169847,0.2756541815458511,-0.5005005005004932,0.0
CiteSeer,MEGU,random,GCN,5.989322655989323,0.8845322750625002,5.405405405405406,7.007007007007007,0.0,0.0,0.0,0.0,-3.157967714489334e-15,2.7348802650788466e-15,-4.736951571734001e-15,0.0
Cora,GIF,degree,GCN,3.7515375153751536,0.6985127116605503,2.952029520295203,4.243542435424354,1.5580155801558015,0.6633329105110061,0.7995079950799506,2.029520295202952,-0.3075030750307424,0.2680749657774067,-0.6150061500614896,-0.12300123001229224
Cora,GIF,gt_full,GAT,4.366543665436654,0.3840712176136776,4.059040590405904,4.797047970479705,2.173021730217302,0.19769681756853122,2.029520295202952,2.3985239852398523,0.12300123001229697,0.4434872417544894,-0.36900369003690514,0.4920049200491974
Cora,GIF,gt_full,GCN,4.120541205412054,1.049121900936776,2.952029520295203,4.981549815498155,1.9270192701927016,0.883413752620551,0.9225092250922509,2.5830258302583022,0.4305043050430489,0.43050430504305126,0.0,0.8610086100861025
Cora,GIF,gt_full,GIN,4.428044280442804,1.1070110701107005,3.3210332103321036,5.535055350553505,2.234522345223452,0.9231923123573349,1.2915129151291516,3.136531365313653,0.061500615006153225,0.12300123001229224,-0.061500615006139014,0.18450184501844547
Cora,GIF,gt_full,SGC,3.2595325953259535,0.7456553292116938,2.5830258302583027,4.059040590405904,1.066010660106601,0.5580425415668799,0.5535055350553506,1.6605166051660518,-0.3690036900369004,0.06150061500614611,-0.43050430504304416,-0.3075030750307519
Cora,GIF,r_point,GAT,6.088560885608857,0.3690036900368999,5.719557195571956,6.4575645756457565,3.8950389503895035,0.3550739662912824,3.6900369003690034,4.305043050430504,-0.061500615006148486,0.3254306655675956,-0.43050430504304416,0.18450184501844547
Cora,GIF,r_point,GCN,6.396063960639606,0.8521775190990785,5.904059040590406,7.380073800738007,4.202542025420255,1.0017869391447818,3.5055350553505535,5.350553505535055,0.12300123001230172,0.5254614849518756,-0.43050430504304416,0.6150061500615038
Cora,GIF,r_point,GIN,5.719557195571955,0.8042248973322278,4.797047970479705,6.273062730627306,3.5260352603526033,0.8120255153890268,2.6445264452644524,4.243542435424354,-0.061500615006148486,0.16271533278380046,-0.2460024600245987,0.061500615006153225
Cora,GIF,r_point,SGC,4.920049200492005,1.3089665838740938,3.505535055350553,6.088560885608856,2.7265272652726527,1.2305246985206169,1.476014760147601,3.9360393603936035,-0.18450184501844547,0.061500615006153225,-0.2460024600245987,-0.12300123001229224
Cora,GIF,random,GCN,2.1935219352193522,0.18788748236801306,2.029520295202952,2.3985239852398523,0.0,0.0,0.0,0.0,3.157967714489334e-15,2.7348802650788466e-15,0.0,4.736951571734001e-15
Cora,GNNDelete,degree,GCN,24.846248462484624,2.7757156448700484,23.062730627306273,28.044280442804425,8.712587125871257,2.389307467705365,6.088560885608853,10.762607626076257,7.503075030750305,2.802836129177316,4.79704797047971,10.39360393603934
Cora,GNNDelete,gt_full,GAT,24.784747847478474,3.3634708275216014,21.771217712177123,28.413284132841326,8.651086510865108,2.226231652737831,6.826568265682656,11.131611316113158,4.981549815498151,2.858951857114255,1.8450184501844973,7.441574415744142
Cora,GNNDelete,gt_full,GCN,28.29028290282903,1.0810821544432287,27.490774907749078,29.520295202952028,12.156621566215662,1.6005921521888584,10.516605166051662,13.714637146371464,8.979089790897902,2.278014658973198,6.642066420664207,11.193111931119304
Cora,GNNDelete,gt_full,GIN,26.691266912669125,1.590715517389613,25.276752767527675,28.413284132841326,10.557605576055758,3.5809698009913427,7.9335793357933575,14.637146371463713,8.733087330873309,3.030426812977839,5.904059040590411,11.931119311193115
Cora,GNNDelete,gt_full,SGC,22.939729397293974,2.436076546167078,20.29520295202952,25.092250922509223,6.806068060680604,0.8961661744319138,6.088560885608853,7.810578105781055,4.366543665436652,1.5594984419564473,2.5830258302583076,5.473554735547353
Cora,GNNDelete,r_point,GAT,14.944649446494465,2.9692761880869156,12.177121771217712,18.081180811808117,-1.189011890118902,1.7582436771128793,-2.7060270602706034,0.7380073800737996,-5.043050430504309,1.0880569503661879,-6.027060270602718,-3.8745387453874542
Cora,GNNDelete,r_point,GCN,20.541205412054122,2.769576937072004,17.343173431734318,22.14022140221402,4.407544075440753,0.7285508669092587,3.567035670356704,4.8585485854858526,0.4920049200491974,1.314732984405398,-0.9840098400983948,1.5375153751537312
Cora,GNNDelete,r_point,GIN,18.019680196801968,0.46431946096375953,17.52767527675277,18.45018450184502,1.8860188601886023,2.13871280947027,0.24600246002460224,4.305043050430504,-1.2300123001229935,3.826405960713974,-4.243542435424345,3.075030750307519
Cora,GNNDelete,r_point,SGC,16.974169741697416,1.6084497946644538,15.129151291512915,18.081180811808117,0.8405084050840497,0.4932845188813447,0.36900369003689804,1.3530135301353017,-1.783517835178344,1.3318824002280336,-2.5830258302582934,-0.24600246002458448
Cora,GNNDelete,random,GCN,16.13366133661337,2.04190686302187,13.776137761377614,17.343173431734318,0.0,0.0,0.0,0.0,-1.578983857244667e-15,7.235813046937034e-15,-9.473903143468002e-15,4.736951571734001e-15
Cora,GraphEraser,degree,GCN,12.546125461254613,0.4881459983514017,12.177121771217712,13.099630996309964,-0.7995079950799505,0.49200492004920005,-1.2915129151291502,-0.30750307503075014,0.02050020500204634,0.3497073003122609,-0.36900369003690514,0.3075030750307519
Cora,GraphEraser,gt_full,GAT,13.407134071340714,0.7456553292116931,12.730627306273062,14.206642066420663,0.06150061500615026,0.48033515841984453,-0.24600246002460047,0.615006150061502,-0.4100041000410073,0.338718975847857,-0.7380073800738103,-0.061500615006153225
Cora,GraphEraser,gt_full,GCN,12.915129151291515,0.7380073800738014,12.177121771217712,13.653136531365314,-0.4305043050430501,0.586678475656178,-0.7995079950799511,0.24600246002460047,-0.22550225502255236,0.15477315365458735,-0.36900369003690514,-0.061500615006153225
Cora,GraphEraser,gt_full,GIN,13.284132841328415,0.553505535055351,12.730627306273062,13.837638376383765,-0.06150061500614908,0.9897587293623049,-1.1070110701106994,0.8610086100861025,0.02050020500204634,1.0479194685635183,-0.984009840098409,1.1070110701107012
Cora,GraphEraser,gt_full,SGC,15.744157441574416,0.5930904527055932,15.313653136531366,16.420664206642066,2.398523985239853,0.3254306655676013,2.0295202952029516,2.6445264452644537,1.6195161951619543,0.6401186960227994,1.1070110701107012,2.337023370233709
Cora,GraphEraser,r_point,GAT,14.268142681426815,0.8319648990448144,13.468634686346864,15.129151291512915,0.922509225092251,0.2680749657774085,0.7380073800738014,1.2300123001230006,-0.34850348503484935,0.5302385057965436,-0.9225092250922557,0.12300123001230645
Cora,GraphEraser,r_point,GCN,12.607626076260763,1.5362848704547114,10.885608856088561,13.837638376383765,-0.7380073800737996,1.4064694496960979,-1.7835178351783512,0.8610086100861025,0.02050020500204634,0.9573837170016908,-0.984009840098409,0.9225092250922415
Cora,GraphEraser,r_point,GIN,13.960639606396063,1.3089665838740945,12.546125461254611,15.129151291512915,0.6150061500615003,0.9897587293623052,-0.43050430504305126,1.5375153751537507,0.14350143501434806,1.5731820453423242,-1.6605166051660518,1.2300123001229935
Cora,GraphEraser,r_point,SGC,15.744157441574416,0.9286389219275227,14.760147601476014,16.605166051660518,2.3985239852398528,0.7250815573524964,1.7835178351783512,3.1980319803198025,1.0045100451004505,0.43196612352819824,0.5535055350553506,1.4145141451414531
Cora,GraphEraser,random,GCN,13.345633456334562,0.918400032169009,12.669126691266912,14.391143911439114,0.0,0.0,0.0,0.0,-1.578983857244667e-15,5.469760530157693e-15,-4.736951571734001e-15,4.736951571734001e-15
Cora,GraphRevoker,degree,GCN,29.704797047970477,7.223901088727636,22.14022140221402,36.53136531365313,0.67650676506765,2.5852213477224724,-1.4145141451414531,3.5670356703567023,1.025010250102497,2.4231034187620755,-1.0455104551045622,3.6900369003690088
Cora,GraphRevoker,gt_full,GAT,26.322263222632227,4.573016345638698,21.40221402214022,30.44280442804428,-2.706027060270602,2.8996741043361087,-5.842558425584254,-0.12300123001229935,-3.7720377203772038,3.2960734262018745,-7.564575645756449,-1.5990159901598986
Cora,GraphRevoker,gt_full,GCN,31.242312423124233,6.555227049136913,24.538745387453876,37.63837638376384,2.2140221402214046,2.1304437977476995,0.9840098400984019,4.674046740467411,2.316523165231646,1.8309563888008675,1.1685116851168402,4.428044280442798
Cora,GraphRevoker,gt_full,GIN,28.105781057810578,5.173733525965097,22.14022140221402,31.365313653136536,-0.9225092250922486,1.0161569275435607,-1.599015990159895,0.24600246002460224,-0.5125051250512532,0.15477315365459393,-0.6765067650676571,-0.36900369003689093
Cora,GraphRevoker,gt_full,SGC,27.060270602706026,4.009821233137279,22.509225092250922,30.073800738007378,-1.9680196801968013,0.9225092250922504,-2.8905289052890524,-1.0455104551045515,-1.9270192701927062,1.5994101762845014,-3.505535055350549,-0.3075030750307519
Cora,GraphRevoker,r_point,GAT,25.953259532595325,2.518523398455507,23.247232472324722,28.228782287822877,-3.0750307503075036,2.4126746919966817,-4.735547355473553,-0.3075030750307519,-4.756047560475608,3.7330079635028337,-8.302583025830259,-0.8610086100861025
Cora,GraphRevoker,r_point,GCN,32.34932349323493,9.084413204660652,26.383763837638373,42.80442804428044,3.3210332103321036,6.287516811381086,-2.7060270602706,9.840098400984012,3.3005330053300432,7.261327721727826,-3.8130381303813152,10.701107011070107
Cora,GraphRevoker,r_point,GIN,28.659286592865925,5.367492379743814,23.062730627306273,33.76383763837638,-0.3690036900369004,3.507153119159469,-3.813038130381301,3.1980319803198007,-0.5740057400574017,6.4573693326465555,-6.457564575645762,6.334563345633455
Cora,GraphRevoker,r_point,SGC,27.244772447724475,3.6076283827951956,23.800738007380073,30.996309963099634,-1.78351783517835,1.9438475558768873,-3.628536285362852,0.2460024600245987,-2.9725297252972545,1.828889457129228,-4.0590405904059,-0.8610086100861025
Cora,GraphRevoker,random,GCN,29.02829028290283,4.889588981623851,23.554735547355474,32.96432964329643,0.0,0.0,0.0,0.0,-4.736951571734001e-15,4.736951571734001e-15,-9.473903143468002e-15,0.0
Cora,IDEA,degree,GCN,3.7515375153751536,0.6985127116605503,2.952029520295203,4.243542435424354,1.5580155801558015,0.6633329105110061,0.7995079950799506,2.029520295202952,-0.3075030750307424,0.2680749657774067,-0.6150061500614896,-0.12300123001229224
Cora,IDEA,gt_full,GAT,4.366543665436654,0.3840712176136776,4.059040590405904,4.797047970479705,2.173021730217302,0.19769681756853122,2.029520295202952,2.3985239852398523,0.12300123001229697,0.4434872417544894,-0.36900369003690514,0.4920049200491974
Cora,IDEA,gt_full,GCN,4.120541205412054,1.049121900936776,2.952029520295203,4.981549815498155,1.9270192701927016,0.883413752620551,0.9225092250922509,2.5830258302583022,0.4305043050430489,0.43050430504305126,0.0,0.8610086100861025
Cora,IDEA,gt_full,GIN,4.428044280442804,1.1070110701107005,3.3210332103321036,5.535055350553505,2.234522345223452,0.9231923123573349,1.2915129151291516,3.136531365313653,0.061500615006153225,0.12300123001229224,-0.061500615006139014,0.18450184501844547
Cora,IDEA,gt_full,SGC,3.2595325953259535,0.7456553292116938,2.5830258302583027,4.059040590405904,1.066010660106601,0.5580425415668799,0.5535055350553506,1.6605166051660518,-0.3690036900369004,0.06150061500614611,-0.43050430504304416,-0.3075030750307519
Cora,IDEA,r_point,GAT,6.088560885608857,0.3690036900368999,5.719557195571956,6.4575645756457565,3.8950389503895035,0.3550739662912824,3.6900369003690034,4.305043050430504,-0.061500615006148486,0.3254306655675956,-0.43050430504304416,0.18450184501844547
Cora,IDEA,r_point,GCN,6.396063960639606,0.8521775190990785,5.904059040590406,7.380073800738007,4.202542025420255,1.0017869391447818,3.5055350553505535,5.350553505535055,0.12300123001230172,0.5254614849518756,-0.43050430504304416,0.6150061500615038
Cora,IDEA,r_point,GIN,5.719557195571955,0.8042248973322278,4.797047970479705,6.273062730627306,3.5260352603526033,0.8120255153890268,2.6445264452644524,4.243542435424354,-0.061500615006148486,0.16271533278380046,-0.2460024600245987,0.061500615006153225
Cora,IDEA,r_point,SGC,4.920049200492005,1.3089665838740938,3.505535055350553,6.088560885608856,2.7265272652726527,1.2305246985206169,1.476014760147601,3.9360393603936035,-0.18450184501844547,0.061500615006153225,-0.2460024600245987,-0.12300123001229224
Cora,IDEA,random,GCN,2.1935219352193522,0.18788748236801306,2.029520295202952,2.3985239852398523,0.0,0.0,0.0,0.0,3.157967714489334e-15,2.7348802650788466e-15,0.0,4.736951571734001e-15
Cora,MEGU,degree,GCN,5.596555965559656,0.5930904527055935,5.166051660516605,6.273062730627306,1.5785157851578517,0.3155966444924282,1.2300123001230014,1.8450184501845022,-0.4305043050430489,0.44348724175449333,-0.7995079950799635,0.061500615006153225
Cora,MEGU,gt_full,GAT,5.227552275522755,0.2818312235520196,4.981549815498155,5.535055350553505,1.209512095120951,0.3953936351370631,0.9225092250922504,1.6605166051660523,-0.1845018450184502,0.16271533278379777,-0.3075030750307377,0.0
Cora,MEGU,gt_full,GCN,5.596555965559655,0.6479491852922965,4.981549815498155,6.273062730627306,1.578515785157851,1.1993933969913961,0.3690036900368998,2.7675276752767526,-0.061500615006148486,0.22174362087725355,-0.2460024600246129,0.18450184501845968
Cora,MEGU,gt_full,GIN,5.535055350553506,0.9762919967028014,4.797047970479705,6.642066420664207,1.517015170151702,0.4449064045553651,1.2300123001230014,2.0295202952029525,0.1845018450184502,0.3424209325233675,-0.18450184501844547,0.4920049200491974
Cora,MEGU,gt_full,SGC,5.289052890528905,0.8319648990448145,4.428044280442804,6.088560885608856,1.2710127101271012,0.30337532978574694,0.9225092250922509,1.476014760147601,-0.1845018450184502,0.2217436208772496,-0.43050430504305837,0.0
Cora,MEGU,r_point,GAT,5.965559655596556,0.7456553292116941,5.166051660516605,6.642066420664207,1.947519475194752,0.6802238631831514,1.2300123001230014,2.5830258302583027,-0.12300123001230172,0.4434872417544894,-0.6150061500615038,0.2460024600245987
Cora,MEGU,r_point,GCN,5.842558425584255,0.7456553292116938,4.981549815498155,6.273062730627306,1.8245182451824515,1.2787593418409755,0.3690036900368998,2.7675276752767526,-0.3075030750307472,0.16271533278380584,-0.43050430504305837,-0.12300123001229224
Cora,MEGU,r_point,GIN,6.027060270602706,0.5930904527055937,5.350553505535055,6.4575645756457565,2.009020090200902,0.4533280932246001,1.660516605166051,2.5215252152521526,-0.2460024600245987,0.3424209325233752,-0.6150061500615038,0.061500615006153225
Cora,MEGU,r_point,SGC,6.211562115621156,0.3840712176136782,5.904059040590406,6.642066420664207,2.1935219352193527,0.3387189758478539,1.968019680196802,2.5830258302583027,-0.30750307503075663,0.32543066556759825,-0.6765067650676571,-0.061500615006167436
Cora,MEGU,random,GCN,4.018040180401804,0.5580425415668799,3.505535055350553,4.612546125461255,0.0,0.0,0.0,0.0,0.0,8.204640795236539e-15,-9.473903143468002e-15,4.736951571734001e-15
PubMed,GIF,degree,GCN,3.0172413793103448,0.38369031314456253,2.712981744421907,3.4482758620689653,0.8085418075276087,0.3713282528000207,0.5493576741041246,1.23394185260311,0.16621591165201247,0.19167442746421012,-0.050709939148077865,0.31271129141310894
PubMed,GIF,gt_full,GAT,3.963826910074374,1.688978498552643,2.611561866125761,5.856997971602434,1.7551273382916384,1.7309465760801335,0.36342123056119036,3.6933739012846516,0.6226053639846754,0.4076409554251519,0.2620013522650453,1.0649087221095357
PubMed,GIF,gt_full,GCN,3.363759296822177,0.9768520988004803,2.3073022312373226,4.234279918864097,1.155059725039441,0.9969492261359619,0.09296822177146735,2.0706558485463145,0.9437683119224687,0.48287985635599434,0.38877620013522574,1.267748478701833
PubMed,GIF,gt_full,GIN,3.084854631507776,0.5344628720000806,2.76369168356998,3.701825557809331,0.8761550597250397,0.5302586636141612,0.5409060175794456,1.4874915483434759,0.3437006986702708,0.5020976375639774,-0.2197430696416376,0.7437457741717282
PubMed,GIF,gt_full,SGC,2.129817444219067,0.16626365426729214,1.9776876267748478,2.3073022312373226,-0.07888212756366901,0.1488867507519024,-0.23664638269100746,0.05916159567275203,0.0056344376831181835,0.0509441664413576,-0.042258282623393484,0.059161595672748035
PubMed,GIF,r_point,GAT,5.020283975659229,2.2836369673829013,2.789046653144016,7.352941176470589,2.8115844038764934,2.326053929301788,0.5409060175794456,5.1893171061528065,0.3606040117196301,0.40465109861156195,-0.09296822177145714,0.6845841784989801
PubMed,GIF,r_point,GCN,4.048343475321163,0.6738573111993794,3.27079107505071,4.462474645030426,1.8396439035384269,0.7093519846708815,1.0226504394861395,2.2988505747126435,0.6817669596574234,0.5017418511119832,0.1098715348208259,1.048005409060167
PubMed,GIF,r_point,GIN,3.5074374577417173,0.5510454128702847,3.0933062880324544,4.132860040567951,1.2987378859589813,0.5400028731844884,0.9296822177146722,1.9185260311020955,0.3183457290962366,0.3681405504602038,-0.09296822177145714,0.6169709263015477
PubMed,GIF,r_point,SGC,2.188979039891819,0.4786205251780855,1.7748478701825559,2.712981744421907,-0.01972053189091712,0.438374098021299,-0.3887762001352264,0.4648411088573363,-0.06197881451431423,0.03994097047203818,-0.09296822177145714,-0.016903313049368762
PubMed,GIF,random,GCN,2.208699571782736,0.04253907164340051,2.1636240703177823,2.2481406355645706,0.0,0.0,0.0,0.0,-1.578983857244667e-15,7.235813046937034e-15,-9.473903143468002e-15,4.736951571734001e-15
PubMed,GNNDelete,degree,GCN,5.645706558485462,0.21112231231908005,5.476673427991886,5.88235294117647,-0.7719179625873339,0.46062174206078005,-1.3015551048005403,-0.4648411088573363,-0.7409285553301809,0.5197826022907647,-1.2592968221771486,-0.2197430696416518
PubMed,GNNDelete,gt_full,GAT,10.83502366463827,2.9442713543650667,8.21501014198783,14.02129817444219,4.417399143565473,2.613275340070323,2.0875591615956735,7.243069641649764,-0.17466756817669685,0.6871531139561913,-0.6169709263015619,0.6169709263015619
PubMed,GNNDelete,gt_full,GCN,9.702501690331305,1.1522803899360563,8.468559837728193,10.75050709939148,3.2848771692585075,1.4830750840484181,1.6903313049357669,4.623056118999323,-0.6902186161821078,0.3951846135901174,-1.132521974306968,-0.3718728870858712
PubMed,GNNDelete,gt_full,GIN,5.73867478025693,0.6618246095487454,5.045638945233265,6.364097363083164,-0.6789497408158667,0.3546004606111246,-1.081812035158892,-0.4141311697092629,-0.6733153031327485,0.27779263492403733,-0.9719405003380643,-0.42258282623394905
PubMed,GNNDelete,gt_full,SGC,16.455375253549693,3.261737237160307,12.728194726166327,18.788032454361055,10.0377507324769,2.9873148843388706,6.60074374577417,12.00980392156863,8.20937570430471,2.291775926749289,5.594996619337394,9.871534820824877
PubMed,GNNDelete,r_point,GAT,9.136240703177824,0.5654404558376508,8.493914807302232,9.558823529411764,2.7186161821050265,0.3256173662668266,2.366463826910075,3.008789722785666,0.49301329727293347,2.765052573513035,-1.386071670047329,3.6680189317106198
PubMed,GNNDelete,r_point,GCN,7.885395537525355,1.593736828581918,6.135902636916836,9.254563894523326,1.4677710164525577,1.867420874647749,-0.6423258958755902,2.9073698444895193,-0.9437683119224687,0.6879842221939834,-1.5889114266396263,-0.2197430696416518
PubMed,GNNDelete,r_point,GIN,6.61764705882353,1.586054175764038,5.425963488843814,8.417849898580123,0.20002253775073311,1.7335238277840117,-1.3522650439486128,2.0706558485463162,0.39159341897678246,1.2474809176243256,-0.5409060175794451,1.8086544962812638
PubMed,GNNDelete,r_point,SGC,9.854631507775524,0.6903508403198834,9.077079107505071,10.39553752535497,3.437006986702727,1.0198993686655147,2.2988505747126444,4.268086544962812,2.7411539328375056,0.6732917276669365,1.9861392832995364,3.27924273157538
PubMed,GNNDelete,random,GCN,6.4176245210727965,0.3310561796962893,6.127450980392157,6.7782285327924265,0.0,0.0,0.0,0.0,-3.157967714489334e-15,5.469760530157693e-15,-9.473903143468002e-15,0.0
PubMed,GraphEraser,degree,GCN,6.8965517241379315,0.13416588798501966,6.7951318458417855,7.04868154158215,-0.7606490872210957,0.21027476850278348,-0.9888438133874233,-0.5747126436781622,-0.09015100292991463,0.22238191201110294,-0.34651791751183225,0.05070993914804944
PubMed,GraphEraser,gt_full,GAT,8.189655172413794,0.7884539455104568,7.505070993914807,9.051724137931034,0.5324543610547666,0.6968902036747139,-0.11832319134550495,1.267748478701825,0.9832093757043054,0.2168526639387634,0.7437457741717424,1.1663286004056914
PubMed,GraphEraser,gt_full,GCN,8.29107505070994,0.5146496736862173,7.834685598377282,8.848884381338742,0.6338742393509126,0.5874357291583878,0.050709939148073424,1.2254901960784297,0.5352715798963222,0.11254780457198311,0.4394861392833036,0.659229208924927
PubMed,GraphEraser,gt_full,GIN,7.5473292765382025,0.052780578079770664,7.505070993914807,7.606490872210954,-0.10987153482082501,0.12621014640862138,-0.25354969574036534,-0.016903313049358104,0.04507550146495021,0.08465730899997273,-0.050709939148063654,0.1098715348208259
PubMed,GraphEraser,gt_full,SGC,7.936105476673428,0.4654553689321948,7.403651115618662,8.265720081135902,0.278904665314401,0.40682239846378254,-0.16058147396889666,0.6423258958755893,0.07888212756367352,0.2909792953273578,-0.2535496957403467,0.2873563218390842
PubMed,GraphEraser,r_point,GAT,8.35023664638269,0.49447608101115836,7.860040567951318,8.848884381338742,0.6930358350236636,0.42054953700556974,0.23664638269100546,1.064908722109533,1.7438584629253977,0.20776869582477842,1.5804597701149419,1.9776876267748236
PubMed,GraphEraser,r_point,GCN,8.105138607167005,0.4043567854599628,7.657200811359026,8.443204868154158,0.4479377958079782,0.5180389763597689,-0.12677484787018312,0.8789722785665992,1.1268875366238358,0.0798819409441064,1.0649087221095073,1.217038539553755
PubMed,GraphEraser,r_point,GIN,7.420554428668019,0.5356643636744698,7.074036511156187,8.037525354969574,-0.23664638269100724,0.4298728862755079,-0.5493576741041251,0.25354969574036534,0.8141762452107267,0.19591321445472923,0.6845841784989943,1.0395537525354825
PubMed,GraphEraser,r_point,SGC,8.527721433400947,0.4364689429910533,8.037525354969574,8.874239350912779,0.8705206220419202,0.5501372738446533,0.25354969574036534,1.3100067613252202,0.4592066711742149,0.3370434719791078,0.15212981744421938,0.8198106828938592
PubMed,GraphEraser,random,GCN,7.657200811359027,0.11370540945802655,7.564232589587559,7.783975659229209,0.0,0.0,0.0,0.0,-1.5789838572446672e-15,1.0939521060315386e-14,-1.4210854715202004e-14,4.736951571734001e-15
PubMed,GraphRevoker,degree,GCN,7.682555780933062,0.08783219105318818,7.581135902636917,7.733265720081135,-0.43666892044174094,0.15031915226452686,-0.6000676132521985,-0.30425963488843877,-0.15494703628578557,0.10153719456241847,-0.2535496957403609,-0.050709939148092076
PubMed,GraphRevoker,gt_full,GAT,8.764367816091953,0.6880188299166432,8.367139959432048,9.558823529411764,0.6451431147171501,0.5183376439985093,0.2281947261663273,1.2254901960784306,0.7324768988055013,0.11536846534506395,0.6000676132522074,0.8113590263691606
PubMed,GraphRevoker,gt_full,GCN,8.477011494252872,0.08150482387586931,8.417849898580123,8.56997971602434,0.3577867928780701,0.3035937295142673,0.08451656524678874,0.6845841784989846,0.8085418075275991,0.12937753553307352,0.7099391480730048,0.9550371872886956
PubMed,GraphRevoker,gt_full,GIN,8.248816768086543,0.27347345651391836,7.936105476673427,8.443204868154158,0.12959206671174103,0.46478988387411185,-0.39722785665990656,0.48174442190669264,0.3859589812936595,0.10083124953895348,0.27045300878971545,0.45638945233265815
PubMed,GraphRevoker,gt_full,SGC,8.586883029073697,0.3210517226711047,8.341784989858011,8.950304259634887,0.46765832769889365,0.22996168962297173,0.20283975659229014,0.616970926301553,0.21692585080009033,0.16087775000304022,0.050709939148063654,0.3718728870858712
PubMed,GraphRevoker,r_point,GAT,9.170047329276537,0.24098339130127194,8.924949290060852,9.406693711967545,1.0508226279017345,0.019518264678486046,1.0395537525354959,1.0733603786342112,1.653707459995483,0.8094345791502979,1.132521974306954,2.586206896551701
PubMed,GraphRevoker,r_point,GCN,8.50236646382691,0.44666025225570705,8.088235294117647,8.975659229208926,0.3831417624521067,0.39554595284292143,0.10987153482082412,0.8367139959432048,1.2649312598602525,0.2028984401626283,1.0902636916835462,1.4874915483434705
PubMed,GraphRevoker,r_point,GIN,8.384043272481406,0.5009344662859175,7.936105476673427,8.924949290060852,0.2648185711066023,0.45374718228781047,-0.04225828262339526,0.7860040567951305,1.4424160468785108,1.2541624202516402,0.7014874915483347,2.890466531440154
PubMed,GraphRevoker,r_point,SGC,9.034820824881676,0.17808745356411007,8.848884381338742,9.203853955375253,0.9155961235068727,0.17815429066669344,0.7183908045976999,1.0649087221095321,0.538088798737879,0.13531451384408114,0.4056795131845661,0.67613252197431
PubMed,GraphRevoker,random,GCN,8.119224701374803,0.22461910373312663,7.885395537525356,8.333333333333334,0.0,0.0,0.0,0.0,-4.736951571734001e-15,8.20464079523654e-15,-1.4210854715202004e-14,0.0
PubMed,IDEA,degree,GCN,3.0172413793103448,0.38369031314456253,2.712981744421907,3.4482758620689653,0.8085418075276087,0.3713282528000207,0.5493576741041246,1.23394185260311,0.16621591165201247,0.19167442746421012,-0.050709939148077865,0.31271129141310894
PubMed,IDEA,gt_full,GAT,3.963826910074374,1.688978498552643,2.611561866125761,5.856997971602434,1.7551273382916384,1.7309465760801335,0.36342123056119036,3.6933739012846516,0.6226053639846754,0.4076409554251519,0.2620013522650453,1.0649087221095357
PubMed,IDEA,gt_full,GCN,3.363759296822177,0.9768520988004803,2.3073022312373226,4.234279918864097,1.155059725039441,0.9969492261359619,0.09296822177146735,2.0706558485463145,0.9437683119224687,0.48287985635599434,0.38877620013522574,1.267748478701833
PubMed,IDEA,gt_full,GIN,3.084854631507776,0.5344628720000806,2.76369168356998,3.701825557809331,0.8761550597250397,0.5302586636141612,0.5409060175794456,1.4874915483434759,0.3437006986702708,0.5020976375639774,-0.2197430696416376,0.7437457741717282
PubMed,IDEA,gt_full,SGC,2.129817444219067,0.16626365426729214,1.9776876267748478,2.3073022312373226,-0.07888212756366901,0.1488867507519024,-0.23664638269100746,0.05916159567275203,0.0056344376831181835,0.0509441664413576,-0.042258282623393484,0.059161595672748035
PubMed,IDEA,r_point,GAT,5.020283975659229,2.2836369673829013,2.789046653144016,7.352941176470589,2.8115844038764934,2.326053929301788,0.5409060175794456,5.1893171061528065,0.3606040117196301,0.40465109861156195,-0.09296822177145714,0.6845841784989801
PubMed,IDEA,r_point,GCN,4.048343475321163,0.6738573111993794,3.27079107505071,4.462474645030426,1.8396439035384269,0.7093519846708815,1.0226504394861395,2.2988505747126435,0.6817669596574234,0.5017418511119832,0.1098715348208259,1.048005409060167
PubMed,IDEA,r_point,GIN,3.5074374577417173,0.5510454128702847,3.0933062880324544,4.132860040567951,1.2987378859589813,0.5400028731844884,0.9296822177146722,1.9185260311020955,0.3183457290962366,0.3681405504602038,-0.09296822177145714,0.6169709263015477
PubMed,IDEA,r_point,SGC,2.188979039891819,0.4786205251780855,1.7748478701825559,2.712981744421907,-0.01972053189091712,0.438374098021299,-0.3887762001352264,0.4648411088573363,-0.06197881451431423,0.03994097047203818,-0.09296822177145714,-0.016903313049368762
PubMed,IDEA,random,GCN,2.208699571782736,0.04253907164340051,2.1636240703177823,2.2481406355645706,0.0,0.0,0.0,0.0,-1.578983857244667e-15,7.235813046937034e-15,-9.473903143468002e-15,4.736951571734001e-15
PubMed,MEGU,degree,GCN,5.59499661933739,0.07746071154421598,5.52738336713996,5.679513184584178,0.3211629479377954,0.36567457154807115,-0.08451656524678786,0.625422582826233,0.28172188415595656,0.3313796698790331,-0.06761325219743242,0.591615956727523
PubMed,MEGU,gt_full,GAT,7.9699121027721445,1.639534232992852,7.023326572008114,9.863083164300203,2.6960784313725488,1.3477146223987597,1.8678160919540225,4.251183231913456,0.31552851025467515,0.12937753553308126,0.23664638269100635,0.46484110885734253
PubMed,MEGU,gt_full,GCN,7.77552400270453,1.115138350105514,6.490872210953347,8.493914807302232,2.5016903313049355,0.971131744533751,1.4367816091954015,3.338404327248141,0.21410863195852414,0.10153719456243956,0.10987153482081169,0.31271129141312315
PubMed,MEGU,gt_full,GIN,6.17816091954023,0.6170866915575324,5.628803245436106,6.845841784989857,0.9043272481406349,0.3296146044624746,0.5747126436781604,1.2339418526031096,0.14649537976109173,0.05627390228600312,0.10987153482081169,0.21129141311696742
PubMed,MEGU,gt_full,SGC,5.400608519269777,0.3828516447906063,4.994929006085193,5.755578093306288,0.12677484787018223,0.17808745356410996,-0.059161595672752476,0.29580797836375883,0.05352715798962512,0.07384123519316606,-0.008451656524698592,0.13522650439486483
PubMed,MEGU,r_point,GAT,8.21501014198783,1.612384695292561,6.744421906693712,9.939148073022313,2.9411764705882355,1.3694813455394932,1.588911426639621,4.327248140635565,0.2141086319585289,0.048795661696210926,0.1859364435429285,0.27045300878971545
PubMed,MEGU,r_point,GCN,7.34448951994591,0.41300850990096716,6.871196754563895,7.63184584178499,2.070655848546315,0.7099391480730216,1.2592968221771477,2.577755240027045,0.1972053189091696,0.1214021941988705,0.059161595672748035,0.2873563218390842
PubMed,MEGU,r_point,GIN,6.313387423935091,0.267131180346165,6.0344827586206895,6.5669371196754565,1.0395537525354968,0.5591522957073388,0.42258282623394194,1.5128465179175112,0.06197881451430476,0.07188049820921211,0.008451656524684381,0.1436781609195208
PubMed,MEGU,r_point,SGC,5.5020283975659225,0.6708294399250995,4.741379310344827,6.009127789046653,0.2281947261663282,0.5877396433642229,-0.3127112914131178,0.853617308992562,0.08733378408834369,0.11721120161547234,-0.042258282623393484,0.1859364435429285
PubMed,MEGU,random,GCN,5.273833671399594,0.29713312764109046,5.054090601757945,5.611899932386748,0.0,0.0,0.0,0.0,-6.315935428978668e-15,2.734880265078846e-15,-9.473903143468002e-15,-4.736951571734001e-15
