dataset,method,selector,flip_mean,flip_std,flip_min,flip_max,delta_flip_mean,delta_flip_std,delta_flip_min,delta_flip_max,A_mean,A_std,A_min,A_max
CiteSeer,GIF,degree,4.854854854854855,0.3467569184322075,4.654654654654655,5.255255255255255,0.19019019019019043,0.5279509310902789,-0.40540540540540526,0.6006006006006004,0.020020020020012907,0.33383796087391204,-0.18018018018018722,0.4054054054053893
CiteSeer,GIF,gt_full,5.5555555555555545,0.6880744286720478,4.804804804804805,6.156156156156156,0.8908908908908909,0.9933012171384011,-0.25525525525525516,1.501501501501501,-0.4304304304304291,0.6620810102827903,-1.0660660660660568,0.25525525525524984
CiteSeer,GIF,pagerank,5.355355355355354,0.6251249247646042,4.654654654654655,5.8558558558558556,0.6906906906906908,0.44617591465776607,0.37537537537537613,1.2012012012012008,-0.030030030030038308,0.29308140083998957,-0.33033033033034087,0.25525525525524984
CiteSeer,GIF,r_point,7.407407407407407,0.37786959135489184,7.057057057057057,7.807807807807808,2.742742742742743,0.646924728772823,1.9969969969969972,3.153153153153153,-0.43043043043043383,0.46868337772209573,-0.7657657657657637,0.10510510510509619
CiteSeer,GIF,random,4.664664664664664,0.3904866286244155,4.279279279279279,5.06006006006006,0.0,0.0,0.0,0.0,-5.210646728907402e-15,2.9582253083988983e-15,-8.526512829121202e-15,-2.842170943040401e-15
CiteSeer,GIF,rr_16384,5.121788455121788,0.3822635714844707,4.704704704704705,5.455455455455454,0.45712379045712365,0.08229137440866563,0.39539539539539437,0.5505505505505504,0.003336670003329175,0.22563267189945427,-0.18018018018018722,0.2552552552552451
CiteSeer,GIF,rr_4096,4.988321654988321,0.3550850292591381,4.604604604604605,5.305305305305305,0.32365699032365686,0.4184595260893317,-0.05005005005005003,0.7757757757757755,-0.06339673006340105,0.05971147870595018,-0.130130130130136,-0.015015015015023891
CiteSeer,GIF,rr_65536,5.071738405071738,0.5304675707569113,4.504504504504505,5.5555555555555545,0.4070737404070736,0.15750531538382131,0.22522522522522603,0.5005005005005003,-0.14681348014681658,0.14352530006008418,-0.2802802802802897,0.005005005005003227
CiteSeer,GNNDelete,degree,9.45945945945946,0.6880744286720485,8.708708708708707,10.06006006006006,1.0760760760760757,0.5180361517767273,0.5555555555555554,1.591591591591591,0.41541541541541466,1.245824065881159,-0.5105105105105139,1.8318318318318347
CiteSeer,GNNDelete,gt_full,10.610610610610612,3.3484942309665118,8.108108108108109,14.414414414414415,2.2272272272272278,3.3155768890442308,-0.42042042042042027,5.945945945945946,-0.2852852852852834,0.6816552229919588,-0.8258258258258167,0.4804804804804803
CiteSeer,GNNDelete,pagerank,10.36036036036036,0.9846003790243241,9.45945945945946,11.411411411411411,1.976976976976977,0.8141867951364786,1.3063063063063076,2.882882882882882,0.5655655655655636,0.34708185080252263,0.24024024024022594,0.930930930930927
CiteSeer,GNNDelete,r_point,9.95995995995996,2.2984909916326393,8.558558558558559,12.612612612612612,1.576576576576576,2.2264285326589897,0.18018018018017834,4.144144144144143,-0.48548548548548354,0.5881466543793459,-1.1261261261261097,0.030030030030033572
CiteSeer,GNNDelete,random,8.383383383383384,0.20163400478962729,8.153153153153152,8.528528528528529,0.0,0.0,0.0,0.0,-4.736951571734e-16,9.246160599684162e-15,-9.947598300641402e-15,8.526512829121202e-15
CiteSeer,GNNDelete,rr_16384,11.16116116116116,0.5573337700530551,10.66066066066066,11.761761761761761,2.7777777777777772,0.5325805106823917,2.1921921921921914,3.233233233233232,1.1661661661661624,0.035035035035024586,1.1261261261261335,1.1911911911911754
CiteSeer,GNNDelete,rr_4096,11.027694361027693,1.173066121538001,10.16016016016016,12.362362362362362,2.644310977644311,1.0905437705468652,1.691691691691691,3.8338338338338325,0.7157157157157156,1.0755405236664402,-0.3203203203203155,1.8268268268268315
CiteSeer,GNNDelete,rr_65536,8.90890890890891,1.5914027122707353,7.207207207207207,10.36036036036036,0.5255255255255257,1.6596176991958302,-1.3213213213213217,1.8918918918918912,-0.6189522856189534,1.0574941147092967,-1.8268268268268173,0.14014014014012824
CiteSeer,GraphEraser,degree,18.81881881881882,1.1269599849046745,17.71771771771772,19.96996996996997,-0.055055055055055625,0.7374701217668519,-0.5105105105105103,0.7957957957957937,-0.29029029029028663,0.48055867732052615,-0.7657657657657637,0.1951951951951969
CiteSeer,GraphEraser,gt_full,20.17017017017017,2.522939571797512,17.417417417417415,22.372372372372375,1.2962962962962952,1.9784715780674391,-0.750750750750754,3.198198198198199,0.06006006006005767,0.26050077436782415,-0.16516516516516333,0.34534534534533634
CiteSeer,GraphEraser,pagerank,19.46946946946947,0.5273099976402771,18.91891891891892,19.96996996996997,0.5955955955955948,1.1025902206550595,-0.36036036036036023,1.8018018018018012,0.1601601601601601,0.3304440608657433,-0.16516516516516333,0.49549549549549
CiteSeer,GraphEraser,r_point,18.31831831831832,2.416437978893557,15.765765765765765,20.57057057057057,-0.5555555555555566,1.9015791834099791,-2.4024024024024033,1.3963963963963941,-0.540540540540538,0.9437985062953507,-1.3513513513513402,0.49549549549549
CiteSeer,GraphEraser,random,18.873873873873876,0.6134143608353009,18.16816816816817,19.27927927927928,0.0,0.0,0.0,0.0,0.0,4.9227844771419245e-15,-5.684341886080802e-15,2.842170943040401e-15
CiteSeer,GraphEraser,rr_16384,19.4361027694361,1.2303899944939807,18.018018018018015,20.22022022022022,0.5622288955622269,0.6300013808805641,-0.15015015015015365,1.046046046046044,-0.20687354020686952,0.3158445014144304,-0.46546546546546114,0.14514514514514568
CiteSeer,GraphEraser,rr_4096,19.31931931931932,0.3125624623823024,19.06906906906907,19.66966966966967,0.4454454454454447,0.4305759001802432,0.04504504504504325,0.9009009009009006,0.1935268601935244,0.15766427789565088,0.0350350350350368,0.35035035035034906
CiteSeer,GraphEraser,rr_65536,18.651985318651985,0.4912389677789622,18.36836836836837,19.21921921921922,-0.22188855522188908,0.6017326113168885,-0.9109109109109106,0.20020020020020013,0.04337671004337552,0.2478530495485914,-0.20020020020019538,0.29529529529528514
CiteSeer,GraphRevoker,degree,19.61961961961962,2.298490991632638,16.966966966966968,21.02102102102102,-1.0810810810810831,1.0838927401365732,-2.117117117117118,0.04504504504504325,-0.5055055055054964,0.7362462733974231,-1.171171171171153,0.2852852852852834
CiteSeer,GraphRevoker,gt_full,21.67167167167167,3.4447380996135646,17.71771771771772,24.024024024024023,0.9709709709709683,2.030323941739714,-1.3663663663663677,2.2972972972972947,0.34534534534534583,0.8997740700647766,-0.42042042042041317,1.3363363363363305
CiteSeer,GraphRevoker,pagerank,21.22122122122122,1.5914027122707348,19.51951951951952,22.67267267267267,0.520520520520518,1.1360258883860652,-0.5705705705705739,1.6966966966966943,-0.10510510510510092,0.11727101615475384,-0.180180180180173,0.030030030030033572
CiteSeer,GraphRevoker,r_point,20.47047047047047,3.8613216260232064,16.066066066066064,23.273273273273272,-0.2302302302302337,2.415240347975962,-3.0180180180180223,1.2312312312312272,0.24524524524524813,0.09997489667387263,0.13513513513512976,0.33033033033034087
CiteSeer,GraphRevoker,random,20.700700700700704,1.4980691499877816,19.084084084084086,22.042042042042045,0.0,0.0,0.0,0.0,4.263256414560601e-15,2.4613922385709622e-15,1.4210854715202005e-15,5.684341886080802e-15
CiteSeer,GraphRevoker,rr_16384,20.653987320653986,2.1094379204625953,18.21821821821822,21.87187187187187,-0.046713380046715734,0.887345654506837,-0.8658658658658673,0.8958958958958938,0.07841174507841547,0.4824662142113105,-0.47047047047046436,0.43543543543543706
CiteSeer,GraphRevoker,rr_4096,21.30463797130464,1.2861337252057434,19.81981981981982,22.072072072072075,0.6039372706039371,0.5206728942038256,0.03003003003003002,1.0460460460460475,0.14514514514514726,0.22984909916326157,-0.12012012012011535,0.2852852852852834
CiteSeer,GraphRevoker,rr_65536,20.42042042042042,1.2043252668184137,19.16916916916917,21.57157157157157,-0.28028028028028257,1.1048371416430567,-1.5215215215215245,0.5955955955955936,-0.20520520520520022,0.8769334384653912,-0.8808808808808711,0.7857857857857861
CiteSeer,IDEA,degree,4.854854854854855,0.3467569184322075,4.654654654654655,5.255255255255255,0.19019019019019043,0.5279509310902789,-0.40540540540540526,0.6006006006006004,0.020020020020012907,0.33383796087391204,-0.18018018018018722,0.4054054054053893
CiteSeer,IDEA,gt_full,5.5555555555555545,0.6880744286720478,4.804804804804805,6.156156156156156,0.8908908908908909,0.9933012171384011,-0.25525525525525516,1.501501501501501,-0.4304304304304291,0.6620810102827903,-1.0660660660660568,0.25525525525524984
CiteSeer,IDEA,pagerank,5.355355355355354,0.6251249247646042,4.654654654654655,5.8558558558558556,0.6906906906906908,0.44617591465776607,0.37537537537537613,1.2012012012012008,-0.030030030030038308,0.29308140083998957,-0.33033033033034087,0.25525525525524984
CiteSeer,IDEA,r_point,7.407407407407407,0.37786959135489184,7.057057057057057,7.807807807807808,2.742742742742743,0.646924728772823,1.9969969969969972,3.153153153153153,-0.43043043043043383,0.46868337772209573,-0.7657657657657637,0.10510510510509619
CiteSeer,IDEA,random,4.664664664664664,0.3904866286244155,4.279279279279279,5.06006006006006,0.0,0.0,0.0,0.0,-5.210646728907402e-15,2.9582253083988983e-15,-8.526512829121202e-15,-2.842170943040401e-15
CiteSeer,IDEA,rr_16384,5.121788455121788,0.3822635714844707,4.704704704704705,5.455455455455454,0.45712379045712365,0.08229137440866563,0.39539539539539437,0.5505505505505504,0.003336670003329175,0.22563267189945427,-0.18018018018018722,0.2552552552552451
CiteSeer,IDEA,rr_4096,4.988321654988321,0.3550850292591381,4.604604604604605,5.305305305305305,0.32365699032365686,0.4184595260893317,-0.05005005005005003,0.7757757757757755,-0.06339673006340105,0.05971147870595018,-0.130130130130136,-0.015015015015023891
CiteSeer,IDEA,rr_65536,5.071738405071738,0.5304675707569113,4.504504504504505,5.5555555555555545,0.4070737404070736,0.15750531538382131,0.22522522522522603,0.5005005005005003,-0.14681348014681658,0.14352530006008418,-0.2802802802802897,0.005005005005003227
CiteSeer,MEGU,degree,5.5555555555555545,0.6544893308619628,5.105105105105105,6.306306306306306,-0.6156156156156157,0.1447995609758705,-0.7207207207207214,-0.4504504504504503,-0.580580580580578,0.031256246238227064,-0.6156156156156101,-0.5555555555555571
CiteSeer,MEGU,gt_full,8.258258258258259,1.3761488573440963,6.756756756756757,9.45945945945946,2.0870870870870877,1.3991383844529033,1.0510510510510516,3.678678678678679,0.2202202202202225,0.34381870862053426,-0.16516516516516333,0.4954954954955042
CiteSeer,MEGU,pagerank,5.9059059059059065,0.6068246072563632,5.555555555555555,6.606606606606606,-0.26526526526526545,0.1395131117594234,-0.42042042042042116,-0.1501501501501501,-0.2802802802802802,0.16055070002348595,-0.4204204204204274,-0.10510510510509619
CiteSeer,MEGU,r_point,9.20920920920921,1.8893479567744618,7.207207207207207,10.96096096096096,3.0380380380380383,1.9126520377206555,1.5015015015015019,5.18018018018018,-0.23023023023022424,0.8850371734033633,-1.2162162162162105,0.4954954954955042
CiteSeer,MEGU,random,6.171171171171171,0.7421428442196637,5.7057057057057055,7.027027027027027,0.0,0.0,0.0,0.0,9.473903143468002e-16,6.7157879275507184e-15,-4.263256414560601e-15,8.526512829121202e-15
CiteSeer,MEGU,rr_16384,6.3730397063730395,0.675830133484454,5.705705705705706,7.057057057057057,0.20186853520186906,0.39219358885606714,-0.07507507507507416,0.6506506506506513,-0.21354688021354526,0.13909352250314158,-0.3703703703703762,-0.10510510510509619
CiteSeer,MEGU,rr_4096,6.790123456790124,1.0163159433111801,6.106106106106107,7.957957957957959,0.618952285618953,0.30321959970043594,0.3253253253253261,0.9309309309309315,-0.18018018018017934,0.07573946922132993,-0.2652652652652658,-0.12012012012012008
CiteSeer,MEGU,rr_65536,6.022689356022688,0.8630308412664376,5.255255255255255,6.956956956956957,-0.14848181514848205,0.2713955983788261,-0.4504504504504503,0.07507507507507416,-0.5138471805138463,0.04809321089556035,-0.5655655655655636,-0.47047047047046914
Cora,GIF,degree,3.7515375153751536,0.6985127116605503,2.952029520295203,4.243542435424354,1.2607626076260763,0.54399371186952,0.6457564575645756,1.6789667896678968,-0.22755227552275414,0.20572852009443984,-0.4612546125461279,-0.07380073800737819
Cora,GIF,gt_full,4.120541205412054,1.049121900936776,2.952029520295203,4.981549815498155,1.6297662976629763,1.1176203386568804,0.35055350553505527,2.4169741697416973,0.5104551045510372,0.4610085444504305,0.11070110701106728,1.0147601476014643
Cora,GIF,pagerank,3.9360393603936035,0.745655329211694,3.505535055350553,4.797047970479705,1.4452644526445262,0.6975373618085035,0.9040590405904054,2.2324723247232474,-0.2275522755227589,0.13599842796738448,-0.33210332103321605,-0.07380073800737819
Cora,GIF,r_point,6.396063960639606,0.8521775190990785,5.904059040590406,7.380073800738007,3.9052890528905286,0.7672556051045848,3.3394833948339486,4.778597785977859,0.20295202952029,0.4408783448468116,-0.2767527675276824,0.5904059040590397
Cora,GIF,random,2.4907749077490773,0.16084497946644546,2.3062730627306274,2.6014760147601477,0.0,0.0,0.0,0.0,-4.263256414560601e-15,5.123796534383003e-15,-9.947598300641402e-15,0.0
Cora,GIF,rr_16384,3.731037310373104,0.0939437411840068,3.6285362853628533,3.813038130381304,1.2402624026240263,0.07207214362954847,1.1869618696186963,1.322263222632226,-0.20705207052070781,0.13223824044994095,-0.3382533825338309,-0.07380073800738292
Cora,GIF,rr_4096,3.4850348503485034,0.8002960760944295,2.706027060270603,4.305043050430505,0.9942599425994261,0.8273451999819356,0.10455104551045524,1.7404674046740474,-0.12505125051250823,0.03497073003122692,-0.1537515375153807,-0.08610086100861263
Cora,GIF,rr_65536,3.9565395653956537,0.37577496473602634,3.6285362853628533,4.366543665436654,1.4657646576465764,0.39749257853600234,1.0270602706027057,1.801968019680197,-0.18655186551865832,0.1641425184180923,-0.3382533825338309,-0.012300123001229698
Cora,GNNDelete,degree,24.846248462484624,2.7757156448700484,23.062730627306273,28.044280442804425,5.350553505535053,2.2470628090510574,2.785977859778594,6.974169741697413,4.59409594095941,2.227893202594339,2.4538745387453957,6.900369003690031
Cora,GNNDelete,gt_full,28.29028290282903,1.0810821544432287,27.490774907749078,29.520295202952028,8.794587945879458,1.7779635275421115,7.214022140221402,10.719557195571955,6.070110701107008,2.041310936895722,4.298892988929893,8.302583025830245
Cora,GNNDelete,pagerank,22.570725707257072,4.328262806866644,18.81918819188192,27.30627306273063,3.0750307503075027,2.793015068950295,0.9409594095940932,6.236162361623617,2.7490774907749085,2.956696034876537,0.9778597785977894,6.162361623616235
Cora,GNNDelete,r_point,20.541205412054122,2.769576937072004,17.343173431734318,22.14022140221402,1.045510455104549,0.46174635534307296,0.5719557195571952,1.4944649446494438,-2.4169741697416973,1.2903262867089218,-3.8745387453874542,-1.4206642066420585
Cora,GNNDelete,random,19.49569495694957,2.3689874047713437,16.771217712177123,21.070110701107012,0.0,0.0,0.0,0.0,1.8947806286936005e-15,2.17074391408111e-15,0.0,4.263256414560601e-15
Cora,GNNDelete,rr_16384,24.067240672406726,0.436322194624699,23.677736777367773,24.538745387453876,4.571545715457154,2.0804153058041264,2.915129151291513,6.9065190651906505,3.446084460844609,2.2319075093346665,1.426814268142678,5.842558425584258
Cora,GNNDelete,rr_4096,25.379253792537924,3.4846127617437994,23.185731857318572,29.397293972939732,5.883558835588356,3.1670149598908006,2.4846248462484617,8.751537515375155,5.045100451004513,3.109781096203115,1.488314883148836,7.250922509225096
Cora,GNNDelete,rr_65536,21.955719557195575,3.1062377119740194,18.88068880688807,25.092250922509226,2.4600246002460024,1.419678790098589,1.248462484624845,4.022140221402214,1.785567855678557,1.36930167496211,0.7318573185731907,3.3333333333333335
Cora,GraphEraser,degree,12.546125461254613,0.4881459983514017,12.177121771217712,13.099630996309964,-1.1193111931119308,0.3487686809042507,-1.5129151291512901,-0.8487084870848705,0.17835178351783063,0.26373655156692516,-0.11070110701106728,0.40590405904058
Cora,GraphEraser,gt_full,12.915129151291515,0.7380073800738014,12.177121771217712,13.653136531365314,-0.7503075030750305,0.3945637129728278,-0.9963099630996322,-0.29520295202951985,-0.06765067650676808,0.10810821544432564,-0.14760147601477058,0.05535055350553364
Cora,GraphEraser,pagerank,12.915129151291515,0.48814599835140116,12.361623616236162,13.284132841328415,-0.7503075030750299,0.8162686358197812,-1.5129151291512901,0.11070110701107083,0.5473554735547358,0.7572072006376875,-0.12915129151291183,1.365313653136539
Cora,GraphEraser,r_point,12.607626076260763,1.5362848704547114,10.885608856088561,13.837638376383765,-1.05781057810578,1.545563193490588,-2.3247232472324715,0.6642066420664214,0.17835178351783063,1.0246637380675347,-0.8671586715867221,1.1808118081180794
Cora,GraphEraser,random,13.665436654366545,0.8204283466495591,13.173431734317344,14.612546125461254,0.0,0.0,0.0,0.0,-4.263256414560601e-15,7.105427357601002e-15,-1.1368683772161604e-14,2.842170943040401e-15
Cora,GraphEraser,rr_16384,13.468634686346865,0.40328650210959377,13.099630996309964,13.899138991389913,-0.1968019680196799,0.4793893055327203,-0.7134071340713408,0.23370233702337018,0.44485444854448514,0.2696458912553036,0.2398523985239791,0.75030750307504
Cora,GraphEraser,rr_4096,14.042640426404263,1.1544000184748748,13.345633456334562,15.375153751537516,0.3772037720377206,0.33399609437337197,0.17220172201721873,0.762607626076262,0.6293562935629353,0.8242535655433096,-0.23370233702336426,1.4083640836408335
Cora,GraphEraser,rr_65536,13.858138581385814,0.9884840878426544,12.730627306273064,14.575645756457563,0.19270192701927039,0.8119323522418403,-0.47970479704796887,1.094710947109471,0.23985239852398385,0.7616895239273114,-0.20910209102091906,1.1193111931119404
Cora,GraphRevoker,degree,29.704797047970477,7.223901088727636,22.14022140221402,36.53136531365313,1.1623616236162324,2.5025007576571445,-1.4022140221402246,3.597785977859772,1.5744157441574391,2.2600032586887684,-0.7933579335793439,3.7084870848708533
Cora,GraphRevoker,gt_full,31.242312423124233,6.555227049136913,24.538745387453876,37.63837638376384,2.6998769987699873,1.8725195175848621,0.9963099630996304,4.70479704797048,2.8659286592865882,1.517445890340192,1.4206642066420585,4.446494464944642
Cora,GraphRevoker,pagerank,29.33579335793358,5.445149285377748,23.985239852398525,34.87084870848708,0.7933579335793333,1.0150955500722412,0.0,1.93726937269372,1.5129151291512908,0.4634633463867378,1.236162361623613,2.0479704797048015
Cora,GraphRevoker,r_point,32.34932349323493,9.084413204660652,26.383763837638373,42.80442804428044,3.8068880688806863,5.643474846269974,-1.2915129151291502,9.870848708487081,3.8499384993849852,6.596923605830926,-2.435424354243551,10.719557195571952
Cora,GraphRevoker,random,28.54243542435425,4.725084686412852,23.542435424354245,32.93357933579336,0.0,0.0,0.0,0.0,-9.473903143468002e-16,2.1707439140811103e-15,-2.842170943040401e-15,1.4210854715202005e-15
Cora,GraphRevoker,rr_16384,29.233292332923327,5.2338191700251535,23.677736777367773,34.07134071340713,0.6908569085690838,0.5099856068364813,0.13530135301352786,1.1377613776137707,1.041410414104139,0.6865610167883536,0.25215252152521356,1.5006150061500563
Cora,GraphRevoker,rr_4096,30.135301353013528,6.090734761692469,23.247232472324722,34.809348093480935,1.5928659286592826,1.7637171205016264,-0.2952029520295234,3.198031980319797,1.1849118491184918,1.6205421779072555,-0.17835178351783534,2.9766297662976626
Cora,GraphRevoker,rr_65536,29.725297252972528,5.188091178180063,23.800738007380076,33.45633456334563,1.1828618286182824,1.378716136292603,0.25830258302583076,2.7675276752767495,1.4309143091430905,1.3575114397536006,0.25215252152521356,2.9151291512915094
Cora,IDEA,degree,3.7515375153751536,0.6985127116605503,2.952029520295203,4.243542435424354,1.2607626076260763,0.54399371186952,0.6457564575645756,1.6789667896678968,-0.22755227552275414,0.20572852009443984,-0.4612546125461279,-0.07380073800737819
Cora,IDEA,gt_full,4.120541205412054,1.049121900936776,2.952029520295203,4.981549815498155,1.6297662976629763,1.1176203386568804,0.35055350553505527,2.4169741697416973,0.5104551045510372,0.4610085444504305,0.11070110701106728,1.0147601476014643
Cora,IDEA,pagerank,3.9360393603936035,0.745655329211694,3.505535055350553,4.797047970479705,1.4452644526445262,0.6975373618085035,0.9040590405904054,2.2324723247232474,-0.2275522755227589,0.13599842796738448,-0.33210332103321605,-0.07380073800737819
Cora,IDEA,r_point,6.396063960639606,0.8521775190990785,5.904059040590406,7.380073800738007,3.9052890528905286,0.7672556051045848,3.3394833948339486,4.778597785977859,0.20295202952029,0.4408783448468116,-0.2767527675276824,0.5904059040590397
Cora,IDEA,random,2.4907749077490773,0.16084497946644546,2.3062730627306274,2.6014760147601477,0.0,0.0,0.0,0.0,-4.263256414560601e-15,5.123796534383003e-15,-9.947598300641402e-15,0.0
Cora,IDEA,rr_16384,3.731037310373104,0.0939437411840068,3.6285362853628533,3.813038130381304,1.2402624026240263,0.07207214362954847,1.1869618696186963,1.322263222632226,-0.20705207052070781,0.13223824044994095,-0.3382533825338309,-0.07380073800738292
Cora,IDEA,rr_4096,3.4850348503485034,0.8002960760944295,2.706027060270603,4.305043050430505,0.9942599425994261,0.8273451999819356,0.10455104551045524,1.7404674046740474,-0.12505125051250823,0.03497073003122692,-0.1537515375153807,-0.08610086100861263
Cora,IDEA,rr_65536,3.9565395653956537,0.37577496473602634,3.6285362853628533,4.366543665436654,1.4657646576465764,0.39749257853600234,1.0270602706027057,1.801968019680197,-0.18655186551865832,0.1641425184180923,-0.3382533825338309,-0.012300123001229698
Cora,MEGU,degree,5.596555965559656,0.5930904527055935,5.166051660516605,6.273062730627306,1.3345633456334562,0.4535644297046077,0.8118081180811805,1.6236162361623618,-0.4489544895448887,0.3044746320906884,-0.701107011070107,-0.11070110701106728
Cora,MEGU,gt_full,5.596555965559655,0.6479491852922965,4.981549815498155,6.273062730627306,1.334563345633456,1.142472212889495,0.2767527675276753,2.5461254612546123,-0.0799507995079883,0.2558750807221996,-0.29520295202951274,0.20295202952030422
Cora,MEGU,pagerank,5.227552275522755,0.46431946096376076,4.797047970479705,5.719557195571956,0.9655596555965561,0.13599842796738032,0.8118081180811805,1.0701107011070112,-0.5104551045510372,0.17728825713898924,-0.701107011070107,-0.3505535055350464
Cora,MEGU,r_point,5.842558425584255,0.7456553292116938,4.981549815498155,6.273062730627306,1.580565805658056,1.1718893372904475,0.2767527675276753,2.5461254612546123,-0.32595325953258697,0.028183122355201252,-0.3505535055350464,-0.29520295202951274
Cora,MEGU,random,4.2619926199261995,0.49541408052020486,3.7269372693726934,4.704797047970479,0.0,0.0,0.0,0.0,4.263256414560601e-15,0.0,4.263256414560601e-15,4.263256414560601e-15
Cora,MEGU,rr_16384,4.674046740467404,0.586678475656178,4.059040590405904,5.227552275522755,0.4120541205412052,0.09897587293623068,0.3321033210332107,0.5227552275522758,-0.30545305453053745,0.30281377348868527,-0.639606396063949,-0.049200492004914054
Cora,MEGU,rr_4096,4.8790487904879045,0.6221398485237195,4.4895448954489545,5.596555965559656,0.6170561705617056,0.41858085441299514,0.13530135301352963,0.8917589175891765,0.12505125051250984,0.23614420970284136,-0.14760147601475637,0.26445264452645273
Cora,MEGU,rr_65536,4.7765477654776545,0.5681183460660526,4.120541205412054,5.104551045510455,0.5145551455514553,0.2041906863021863,0.3936039360393604,0.7503075030750299,-0.018450184501842975,0.13902404127253684,-0.11070110701106728,0.14145141451414625
PubMed,GIF,degree,3.0172413793103448,0.38369031314456253,2.712981744421907,3.4482758620689653,0.8958755916159565,0.4955604857908481,0.6034482758620685,1.4680527383367137,0.1639621365787652,0.18016901930184023,-0.040567951318465134,0.2991886409736395
PubMed,GIF,gt_full,3.363759296822177,0.9768520988004803,2.3073022312373226,4.234279918864097,1.242393509127789,0.9053428513239838,0.32707910750507097,2.1374239350912774,0.9415145368492214,0.48513097413694023,0.3853955375253406,1.2778904665314457
PubMed,GIF,pagerank,3.456727518593645,0.36946404655839055,3.194726166328601,3.8793103448275863,1.3353617308992565,0.24778348604279593,1.0978701825557815,1.5922920892494927,0.13860716700473574,0.1617427141839965,-0.040567951318465134,0.2738336713996148
PubMed,GIF,r_point,4.048343475321163,0.6738573111993794,3.27079107505071,4.462474645030426,1.9269776876267748,0.817504143938749,0.9837728194726165,2.4315415821501016,0.6795131845841761,0.5009515773332681,0.10649087221094078,1.0344827586206975
PubMed,GIF,random,2.1213657876943883,0.15485916536415342,1.9802231237322516,2.2870182555780936,0.0,0.0,0.0,0.0,-9.473903143468002e-16,8.68297565632444e-15,-8.526512829121202e-15,8.526512829121202e-15
PubMed,GIF,rr_16384,2.769326121253099,1.4111060813151926,1.8593644354293444,4.394861392832995,0.6479603335587109,1.2648932048729662,-0.12085868830290725,2.1078431372549016,0.0005634437683110289,0.005164047436272901,-0.00507099391479926,0.00507099391479926
PubMed,GIF,rr_4096,2.0903763804372324,0.25985694292540473,1.7917511832319135,2.2650439486139287,-0.03098940725715571,0.18194893984276478,-0.1884719405003381,0.16818796484110932,0.006197881451430792,0.008338206325762208,-0.003380662609880384,0.011832319134560029
PubMed,GIF,rr_65536,2.2537750732476898,0.15591721999122954,2.1213657876943883,2.425625422582826,0.13240928555330175,0.2753818088040197,-0.07268424611223834,0.4454022988505746,0.023101194500790078,0.014074820821265634,0.011832319134560029,0.038877620013517834
PubMed,GNNDelete,degree,5.645706558485462,0.21112231231908005,5.476673427991886,5.88235294117647,-0.5764029749830968,0.3382806537903059,-0.9660243407707911,-0.3575050709939145,-0.5468221771467228,0.4559267243288806,-0.9863083164300264,-0.07606490872210259
PubMed,GNNDelete,gt_full,9.702501690331305,1.1522803899360563,8.468559837728193,10.75050709939148,3.4803921568627447,1.3983911264620095,2.025862068965516,4.814908722109534,-0.4961122379986496,0.3263247954569822,-0.8595334685598459,-0.22819472616632197
PubMed,GNNDelete,pagerank,6.347194050033806,0.5522108256903191,5.730223123732252,6.7951318458417855,0.12508451656524708,0.2928508132601351,-0.2053752535496951,0.3524340770791081,-0.5045638945233198,0.15896979553160923,-0.6338742393509023,-0.32707910750507097
PubMed,GNNDelete,r_point,7.885395537525355,1.593736828581918,6.135902636916836,9.254563894523326,1.663286004056795,1.735560168834999,-0.30679513184584106,2.966531440162271,-0.7496619337390106,0.754983691032036,-1.445233265720077,0.05324543610547039
PubMed,GNNDelete,random,6.222109533468559,0.25989771417671315,5.935598377281947,6.442697768762677,0.0,0.0,0.0,0.0,-1.4210854715202003e-15,2.461392238570962e-15,-4.263256414560601e-15,0.0
PubMed,GNNDelete,rr_16384,9.21512283074149,1.172629906185481,8.164300202839756,10.480054090601756,2.9930132972729315,1.0513691999266606,2.2287018255578097,4.1920216362407015,1.729490646833445,0.7117340299980547,1.010818120351587,2.43407707910751
PubMed,GNNDelete,rr_4096,7.443092179400495,0.5052884424344576,7.082488167680865,8.020622041920216,1.2209826459319364,0.32626714831216264,0.9381338742393517,1.5779242731575387,0.6983885508226265,0.1616948638136007,0.5206220419202197,0.8367139959432043
PubMed,GNNDelete,rr_65536,11.085756141537074,2.574252118899016,8.477011494252872,13.624070317782284,4.863646608068514,2.4008367563087214,2.5414131169709258,7.336037863421229,3.0930245661482956,1.8947988776905262,1.1037863421230487,4.8766058147396905
PubMed,GraphEraser,degree,6.8965517241379315,0.13416588798501966,6.7951318458417855,7.04868154158215,-0.7851588911426642,0.2586869686643724,-1.0471602434077072,-0.5299188640973638,-0.04648411088573804,0.15960209865711658,-0.22819472616633618,0.07099391480730333
PubMed,GraphEraser,gt_full,8.29107505070994,0.5146496736862173,7.834685598377282,8.848884381338742,0.609364435429344,0.6400778246531046,-0.007606490872210436,1.2702839756592281,0.5789384719404987,0.04106670254650183,0.5527383367140004,0.6262677484786963
PubMed,GraphEraser,pagerank,7.378296146044625,0.7508667796633283,6.668356997971603,8.164300202839756,-0.30341446923597015,0.8573179745901813,-1.1739350912778894,0.5400608519269774,-0.08029073698445188,0.0886457505253635,-0.18255578093305758,-0.025354969574038932
PubMed,GraphEraser,r_point,8.105138607167005,0.4043567854599628,7.657200811359026,8.443204868154158,0.42342799188640967,0.5348396297539642,-0.18509127789046698,0.818965517241379,1.1705544286680123,0.12218710402211265,1.0319472616632765,1.2626774847870195
PubMed,GraphEraser,random,7.681710615280596,0.1409274127592607,7.578600405679514,7.842292089249493,0.0,0.0,0.0,0.0,2.629536350736706e-31,5.1237965343830035e-15,-4.263256414560601e-15,5.684341886080802e-15
PubMed,GraphEraser,rr_16384,8.006535947712418,0.13102339366952329,7.876943881000677,8.138945233265721,0.3248253324318234,0.2090095399026967,0.16142663962136528,0.5603448275862073,0.1422695514987614,0.03437584237170714,0.10987153482082117,0.1783299526707225
PubMed,GraphEraser,rr_4096,7.919202163624071,0.09599236554767199,7.8515889114266395,8.029073698444895,0.23749154834347527,0.20466973702444782,0.00929682217714678,0.4048343475321161,0.0633874239350926,0.1293710941013986,-0.0845165652467917,0.15551048005409976
PubMed,GraphEraser,rr_65536,7.750169033130493,0.06708294399250993,7.69945909398242,7.826233941852602,0.06845841784989748,0.18264966408708724,-0.11747802569303722,0.2476335361730886,0.11128014424160743,0.03200861513936808,0.07606490872210732,0.1386071670047405
PubMed,GraphRevoker,degree,7.682555780933062,0.08783219105318818,7.581135902636917,7.733265720081135,-0.39384719405003416,0.10761185965109546,-0.48174442190669353,-0.27383367139959436,-0.20960108181203907,0.12568838029087556,-0.2991886409736253,-0.06592292089250407
PubMed,GraphRevoker,gt_full,8.477011494252872,0.08150482387586931,8.417849898580123,8.56997971602434,0.40060851926977686,0.2752853863720066,0.2028397565922937,0.715010141987829,0.7538877620013457,0.08550804509763849,0.6947261663285929,0.8519269776876115
PubMed,GraphRevoker,pagerank,7.800878972278567,0.13964428365329878,7.657200811359026,7.936105476673427,-0.2755240027045304,0.0761212322460964,-0.34989858012170405,-0.19776876267748555,-0.20114942528735943,0.17743648526555397,-0.400608519269781,-0.060851926977690596
PubMed,GraphRevoker,r_point,8.50236646382691,0.44666025225570705,8.088235294117647,8.975659229208926,0.42596348884381346,0.3381634410695581,0.22819472616632908,0.8164300202839758,1.210277214333999,0.15828759105625034,1.0750507099391342,1.3843813387423864
PubMed,GraphRevoker,random,8.076402974983097,0.19378452315502373,7.854969574036511,8.215010141987829,0.0,0.0,0.0,0.0,-9.473903143468002e-16,2.17074391408111e-15,-2.842170943040401e-15,1.4210854715202005e-15
PubMed,GraphRevoker,rr_16384,8.347419427541132,0.07807305871394528,8.257268424611224,8.392494929006086,0.27101645255803497,0.24978231840844067,0.04225828262339526,0.5375253549695742,0.1059274284426408,0.08215659351953492,0.027045300878967282,0.1910074374577467
PubMed,GraphRevoker,rr_4096,8.372774397115167,0.1661203852581195,8.181203515889115,8.477011494252872,0.29637142213207096,0.04460467992565781,0.24509803921568718,0.32623394185260324,0.021410863195852264,0.14713975582370226,-0.12846517917511827,0.16565246788370777
PubMed,GraphRevoker,rr_65536,8.274171737660582,0.12450067497173894,8.138945233265721,8.384043272481406,0.19776876267748497,0.10244300253212825,0.08451656524678874,0.28397565922920975,0.0298625197205319,0.03769603038918411,0.0016903313049283497,0.07268424611224589
PubMed,IDEA,degree,3.0172413793103448,0.38369031314456253,2.712981744421907,3.4482758620689653,0.8958755916159565,0.4955604857908481,0.6034482758620685,1.4680527383367137,0.1639621365787652,0.18016901930184023,-0.040567951318465134,0.2991886409736395
PubMed,IDEA,gt_full,3.363759296822177,0.9768520988004803,2.3073022312373226,4.234279918864097,1.242393509127789,0.9053428513239838,0.32707910750507097,2.1374239350912774,0.9415145368492214,0.48513097413694023,0.3853955375253406,1.2778904665314457
PubMed,IDEA,pagerank,3.456727518593645,0.36946404655839055,3.194726166328601,3.8793103448275863,1.3353617308992565,0.24778348604279593,1.0978701825557815,1.5922920892494927,0.13860716700473574,0.1617427141839965,-0.040567951318465134,0.2738336713996148
PubMed,IDEA,r_point,4.048343475321163,0.6738573111993794,3.27079107505071,4.462474645030426,1.9269776876267748,0.817504143938749,0.9837728194726165,2.4315415821501016,0.6795131845841761,0.5009515773332681,0.10649087221094078,1.0344827586206975
PubMed,IDEA,random,2.1213657876943883,0.15485916536415342,1.9802231237322516,2.2870182555780936,0.0,0.0,0.0,0.0,-9.473903143468002e-16,8.68297565632444e-15,-8.526512829121202e-15,8.526512829121202e-15
PubMed,IDEA,rr_16384,2.769326121253099,1.4111060813151926,1.8593644354293444,4.394861392832995,0.6479603335587109,1.2648932048729662,-0.12085868830290725,2.1078431372549016,0.0005634437683110289,0.005164047436272901,-0.00507099391479926,0.00507099391479926
PubMed,IDEA,rr_4096,2.0903763804372324,0.25985694292540473,1.7917511832319135,2.2650439486139287,-0.03098940725715571,0.18194893984276478,-0.1884719405003381,0.16818796484110932,0.006197881451430792,0.008338206325762208,-0.003380662609880384,0.011832319134560029
PubMed,IDEA,rr_65536,2.2537750732476898,0.15591721999122954,2.1213657876943883,2.425625422582826,0.13240928555330175,0.2753818088040197,-0.07268424611223834,0.4454022988505746,0.023101194500790078,0.014074820821265634,0.011832319134560029,0.038877620013517834
PubMed,MEGU,degree,5.59499661933739,0.07746071154421598,5.52738336713996,5.679513184584178,0.360885733603786,0.4483338917463473,-0.07099391480730244,0.8240365111561863,0.26200135226504057,0.34817952841112243,-0.12170385395536698,0.5578093306287997
PubMed,MEGU,gt_full,7.77552400270453,1.115138350105514,6.490872210953347,8.493914807302232,2.541413116970926,0.8238076345172832,1.6353955375253548,3.2454361054766743,0.19438810006760812,0.12099749944674183,0.055780933062877125,0.27890466531439984
PubMed,MEGU,pagerank,5.637254901960784,0.3930701810085696,5.248478701825557,6.0344827586206895,0.40314401622718005,0.029240777369854754,0.38032454361054757,0.43610547667342736,0.21974306964164234,0.37002043371662613,-0.19776876267748378,0.5070993914807218
PubMed,MEGU,r_point,7.34448951994591,0.41300850990096716,6.871196754563895,7.63184584178499,2.1103786342123056,0.766317341141577,1.272819472616633,2.7763691683569984,0.17748478701825357,0.14965876839120687,0.005070993914813471,0.27383367139958636
PubMed,MEGU,random,5.234110885733604,0.3716586527164603,4.855476673427992,5.598377281947262,0.0,0.0,0.0,0.0,-5.684341886080801e-15,7.384176715712886e-15,-9.947598300641402e-15,2.842170943040401e-15
PubMed,MEGU,rr_16384,5.363984674329502,0.7099559170347498,4.6568627450980395,6.076741041244084,0.12987378859589813,0.6051765754756288,-0.24002704530087904,0.8282623394185258,0.04507550146495178,0.11379750913837738,-0.0794455713319735,0.143678160919535
PubMed,MEGU,rr_4096,5.2315753887762,0.5495526777217327,4.673766058147397,5.772481406355645,-0.002535496957404071,0.17792092008417554,-0.18171061528059518,0.17410412440838297,-0.0563443768311992,0.022824689092317024,-0.07944557133197823,-0.03380662609872805
PubMed,MEGU,rr_65536,5.135789948163173,0.33137966987903067,4.825895875591616,5.485125084516565,-0.09832093757043066,0.06262405641981367,-0.15212981744421938,-0.029580797836375794,0.04789272030650693,0.11335726879597588,-0.06254225828261895,0.16396213657875572
