dataset,method,selector,before,after,U,D,G,A,A_R,E,flip
CiteSeer,GIF,degree,74.62462462462463,74.57457457457458,0.05005005005004648,-0.400400400400405,0.45045045045045323,0.020020020020012907,-0.1401401401401503,0.1601601601601632,4.854854854854855
CiteSeer,GIF,gt_full,74.62462462462463,75.02502502502502,-0.40040040040039554,-0.20020020020020013,-0.20020020020019938,-0.4304304304304291,0.06006006006006034,-0.49049049049048943,5.5555555555555545
CiteSeer,GIF,pagerank,74.62462462462463,74.62462462462463,-4.736951571734001e-15,0.05005005005005122,-0.05005005005005447,-0.030030030030038308,0.3103103103103062,-0.3403403403403445,5.355355355355354
CiteSeer,GIF,r_point,74.62462462462463,75.02502502502502,-0.40040040040040026,-0.3003003003003026,-0.10010010010009784,-0.43043043043043383,-0.040040040040045945,-0.39039039039038786,7.407407407407407
CiteSeer,GIF,random,74.62462462462463,74.5945945945946,0.030030030030028364,-0.26026026026026017,0.29029029029029,-5.210646728907402e-15,-5.210646728907402e-15,0.0,4.664664664664664
CiteSeer,GIF,rr_16384,74.62462462462463,74.59125792459126,0.03336670003336275,-0.5672339005672313,0.6006006006005982,0.003336670003329175,-0.30697364030697893,0.31031031031030815,5.121788455121788
CiteSeer,GIF,rr_4096,74.62462462462463,74.657991324658,-0.03336670003336748,-0.6006006006006004,0.5672339005672336,-0.06339673006340105,-0.34034034034034444,0.2769436102769434,4.988321654988321
CiteSeer,GIF,rr_65536,74.62462462462463,74.74140807474141,-0.11678345011678302,-0.850850850850847,0.7340674007340681,-0.14681348014681658,-0.5905905905905947,0.44377711044377804,5.071738405071738
CiteSeer,GNNDelete,degree,74.62462462462463,74.37437437437437,0.2502502502502513,-0.400400400400405,0.6506506506506526,0.41541541541541466,-0.14014014014014298,0.5555555555555577,9.45945945945946
CiteSeer,GNNDelete,gt_full,74.62462462462463,75.07507507507508,-0.45045045045044674,-0.20020020020020013,-0.25025025025024644,-0.2852852852852834,0.06006006006005804,-0.34534534534534145,10.610610610610612
CiteSeer,GNNDelete,pagerank,74.62462462462463,74.22422422422422,0.40040040040040026,0.05005005005005122,0.3503503503503517,0.5655655655655636,0.31031031031030687,0.2552552552552567,10.36036036036036
CiteSeer,GNNDelete,r_point,74.62462462462463,75.27527527527526,-0.6506506506506469,-0.3003003003003026,-0.3503503503503517,-0.48548548548548354,-0.04004004004003684,-0.4454454454454467,9.95995995995996
CiteSeer,GNNDelete,random,74.62462462462463,74.7897897897898,-0.1651651651651638,-0.26026026026026017,0.09509509509509499,-4.736951571734e-16,-4.810966440042345e-16,7.401486830834377e-18,8.383383383383384
CiteSeer,GNNDelete,rr_16384,74.62462462462463,73.62362362362363,1.001001001000999,-0.5672339005672313,1.5682349015682326,1.1661661661661624,-0.30697364030697544,1.4731398064731378,11.16116116116116
CiteSeer,GNNDelete,rr_4096,74.62462462462463,74.07407407407408,0.5505505505505524,-0.6006006006006004,1.1511511511511516,0.7157157157157156,-0.34034034034034116,1.0560560560560568,11.027694361027693
CiteSeer,GNNDelete,rr_65536,74.62462462462463,75.40874207540874,-0.7841174507841169,-0.850850850850847,0.0667334000667319,-0.6189522856189534,-0.5905905905905904,-0.028361695028363165,8.90890890890891
CiteSeer,GraphEraser,degree,75.42542542542543,75.27527527527526,0.15015015015015365,0.40040040040039554,-0.25025025025025016,-0.29029029029028663,-0.1401401401401373,-0.15015015015014935,18.81881881881882
CiteSeer,GraphEraser,gt_full,75.42542542542543,74.92492492492492,0.500500500500498,0.6006006006006004,-0.10010010010009414,0.06006006006005767,0.06006006006005101,6.661338147750939e-15,20.17017017017017
CiteSeer,GraphEraser,pagerank,75.42542542542543,74.82482482482483,0.6006006006006004,0.8508508508508518,-0.25025025025025016,0.1601601601601601,0.3103103103103095,-0.15015015015014935,19.46946946946947
CiteSeer,GraphEraser,r_point,75.42542542542543,75.52552552552552,-0.10010010010009769,0.500500500500498,-0.6006006006006018,-0.540540540540538,-0.04004004004003684,-0.5005005005005012,18.31831831831832
CiteSeer,GraphEraser,random,75.42542542542543,74.98498498498499,0.4404404404404403,0.5405405405405403,-0.1001001001001008,0.0,0.0,0.0,18.873873873873876
CiteSeer,GraphEraser,rr_16384,75.42542542542543,75.19185852519185,0.23356690023357082,0.23356690023356919,1.850371707708594e-17,-0.20687354020686952,-0.30697364030697033,0.1001001001001008,19.4361027694361
CiteSeer,GraphEraser,rr_4096,75.42542542542543,74.79145812479146,0.6339673006339647,0.20020020020020013,0.433767100433766,0.1935268601935244,-0.3403403403403424,0.5338672005338668,19.31931931931932
CiteSeer,GraphEraser,rr_65536,75.42542542542543,74.9416082749416,0.4838171504838158,-0.0500500500500464,0.5338672005338675,0.04337671004337552,-0.5905905905905927,0.6339673006339683,18.651985318651985
CiteSeer,GraphRevoker,degree,72.82282282282283,73.37337337337337,-0.5505505505505445,-2.2022022022022063,1.6516516516516535,-0.5055055055054964,-0.14014014014013276,-0.3653653653653637,19.61961961961962
CiteSeer,GraphRevoker,gt_full,72.82282282282283,72.52252252252252,0.3003003003002978,-2.0020020020020013,2.302302302302306,0.34534534534534583,0.060060060060056854,0.28528528528528896,21.67167167167167
CiteSeer,GraphRevoker,pagerank,72.82282282282283,72.97297297297297,-0.1501501501501489,-1.75175175175175,1.6016016016015986,-0.10510510510510092,0.31031031031031725,-0.41541541541541815,21.22122122122122
CiteSeer,GraphRevoker,r_point,72.82282282282283,72.62262262262261,0.20020020020020013,-2.1021021021021036,2.302302302302302,0.24524524524524813,-0.04004004004003714,0.28528528528528524,20.47047047047047
CiteSeer,GraphRevoker,random,72.82282282282283,72.86786786786787,-0.04504504504504373,-2.0620620620620613,2.0170170170170167,4.263256414560601e-15,4.322468309207276e-15,-5.921189464667501e-17,20.700700700700704
CiteSeer,GraphRevoker,rr_16384,72.82282282282283,72.78945612278945,0.033366700033367475,-2.3690357023690325,2.4024024024024,0.07841174507841547,-0.30697364030696755,0.38538538538538303,20.653987320653986
CiteSeer,GraphRevoker,rr_4096,72.82282282282283,72.72272272272272,0.10010010010009927,-2.4024024024024015,2.502502502502502,0.14514514514514726,-0.3403403403403374,0.48548548548548465,21.30463797130464
CiteSeer,GraphRevoker,rr_65536,72.82282282282283,73.07307307307308,-0.25025025025024816,-2.652652652652648,2.4024024024024024,-0.20520520520520022,-0.5905905905905858,0.38538538538538564,20.42042042042042
CiteSeer,IDEA,degree,74.62462462462463,74.57457457457458,0.05005005005004648,-0.400400400400405,0.45045045045045323,0.020020020020012907,-0.1401401401401503,0.1601601601601632,4.854854854854855
CiteSeer,IDEA,gt_full,74.62462462462463,75.02502502502502,-0.40040040040039554,-0.20020020020020013,-0.20020020020019938,-0.4304304304304291,0.06006006006006034,-0.49049049049048943,5.5555555555555545
CiteSeer,IDEA,pagerank,74.62462462462463,74.62462462462463,-4.736951571734001e-15,0.05005005005005122,-0.05005005005005447,-0.030030030030038308,0.3103103103103062,-0.3403403403403445,5.355355355355354
CiteSeer,IDEA,r_point,74.62462462462463,75.02502502502502,-0.40040040040040026,-0.3003003003003026,-0.10010010010009784,-0.43043043043043383,-0.040040040040045945,-0.39039039039038786,7.407407407407407
CiteSeer,IDEA,random,74.62462462462463,74.5945945945946,0.030030030030028364,-0.26026026026026017,0.29029029029029,-5.210646728907402e-15,-5.210646728907402e-15,0.0,4.664664664664664
CiteSeer,IDEA,rr_16384,74.62462462462463,74.59125792459126,0.03336670003336275,-0.5672339005672313,0.6006006006005982,0.003336670003329175,-0.30697364030697893,0.31031031031030815,5.121788455121788
CiteSeer,IDEA,rr_4096,74.62462462462463,74.657991324658,-0.03336670003336748,-0.6006006006006004,0.5672339005672336,-0.06339673006340105,-0.34034034034034444,0.2769436102769434,4.988321654988321
CiteSeer,IDEA,rr_65536,74.62462462462463,74.74140807474141,-0.11678345011678302,-0.850850850850847,0.7340674007340681,-0.14681348014681658,-0.5905905905905947,0.44377711044377804,5.071738405071738
CiteSeer,MEGU,degree,74.62462462462463,74.62462462462463,0.0,-0.400400400400405,0.4004004004004025,-0.580580580580578,-0.1401401401401401,-0.4404404404404379,5.5555555555555545
CiteSeer,MEGU,gt_full,74.62462462462463,73.82382382382383,0.8008008008008005,-0.20020020020020013,1.0010010010010006,0.2202202202202225,0.06006006006006226,0.16016016016016024,8.258258258258259
CiteSeer,MEGU,pagerank,74.62462462462463,74.32432432432432,0.3003003003002978,0.05005005005005122,0.25025025025025016,-0.2802802802802802,0.31031031031031003,-0.5905905905905903,5.9059059059059065
CiteSeer,MEGU,r_point,74.62462462462463,74.27427427427428,0.3503503503503538,-0.3003003003003026,0.6506506506506526,-0.23023023023022424,-0.04004004004003647,-0.19019019019018776,9.20920920920921
CiteSeer,MEGU,random,74.62462462462463,74.04404404404404,0.5805805805805789,-0.26026026026026017,0.8408408408408404,9.473903143468002e-16,9.473903143468002e-16,0.0,6.171171171171171
CiteSeer,MEGU,rr_16384,74.62462462462463,74.2575909242576,0.36703370036703276,-0.5672339005672313,0.9342676009342649,-0.21354688021354526,-0.3069736403069699,0.09342676009342465,6.3730397063730395
CiteSeer,MEGU,rr_4096,74.62462462462463,74.22422422422422,0.40040040040039865,-0.6006006006006004,1.0010010010010006,-0.18018018018017934,-0.3403403403403396,0.16016016016016024,6.790123456790124
CiteSeer,MEGU,rr_65536,74.62462462462463,74.55789122455789,0.06673340006673174,-0.850850850850847,0.9175842509175839,-0.5138471805138463,-0.5905905905905897,0.07674341007674353,6.022689356022688
CiteSeer,Retrain,degree,,75.02502502502503,,,,-0.1401401401401472,,,
CiteSeer,Retrain,gt_full,,74.82482482482483,,,,0.06006006006005767,,,
CiteSeer,Retrain,pagerank,,74.57457457457457,,,,0.31031031031030903,,,
CiteSeer,Retrain,r_point,,74.92492492492492,,,,-0.040040040040044765,,,
CiteSeer,Retrain,random,,74.88488488488488,,,,-2.3684757858670005e-15,,,
CiteSeer,Retrain,rr_16384,,75.19185852519185,,,,-0.30697364030697355,,,
CiteSeer,Retrain,rr_4096,,75.22522522522523,,,,-0.3403403403403426,,,
CiteSeer,Retrain,rr_65536,,75.47547547547548,,,,-0.5905905905905892,,,
Cora,GIF,degree,90.09840098400984,90.34440344403443,-0.24600246002459394,0.12300123001229697,-0.36900369003689537,-0.22755227552275414,-0.21525215252152985,-0.012300123001224314,3.7515375153751536
Cora,GIF,gt_full,90.09840098400984,89.60639606396064,0.4920049200491974,0.3075030750307472,0.18450184501845138,0.5104551045510372,-0.030750307503085255,0.5412054120541224,4.120541205412054
Cora,GIF,pagerank,90.09840098400984,90.34440344403443,-0.2460024600245987,0.0,-0.2460024600246006,-0.2275522755227589,-0.33825338253382936,0.11070110701107044,3.9360393603936035
Cora,GIF,r_point,90.09840098400984,89.91389913899138,0.1845018450184502,1.3530135301353,-1.1685116851168538,0.20295202952029,1.014760147601473,-0.8118081180811828,6.396063960639606
Cora,GIF,random,90.09840098400984,90.11685116851167,-0.018450184501844075,0.3382533825338238,-0.3567035670356711,-4.263256414560601e-15,-4.252154184314349e-15,-1.1102230246251564e-17,2.4907749077490773
Cora,GIF,rr_16384,90.09840098400984,90.32390323903239,-0.22550225502254762,0.9020090200901983,-1.1275112751127532,-0.20705207052070781,0.5637556375563743,-0.770807708077082,3.731037310373104
Cora,GIF,rr_4096,90.09840098400984,90.24190241902419,-0.14350143501434806,0.6765067650676476,-0.8200082000820008,-0.12505125051250823,0.3382533825338215,-0.46330463304632974,3.4850348503485034
Cora,GIF,rr_65536,90.09840098400984,90.30340303403034,-0.2050020500204981,0.7585075850758486,-0.9635096350963527,-0.18655186551865832,0.42025420254202334,-0.6068060680606816,3.9565395653956537
Cora,GNNDelete,degree,90.09840098400984,71.09471094710948,19.003690036900366,0.12300123001229697,18.880688806888074,4.59409594095941,-0.215252152521528,4.8093480934809385,24.846248462484624
Cora,GNNDelete,gt_full,90.09840098400984,69.61869618696187,20.47970479704796,0.3075030750307472,20.17220172201722,6.070110701107008,-0.030750307503080165,6.100861008610088,28.29028290282903
Cora,GNNDelete,pagerank,90.09840098400984,72.93972939729397,17.158671586715865,0.0,17.15867158671587,2.7490774907749085,-0.3382533825338256,3.087330873308734,22.570725707257072
Cora,GNNDelete,r_point,90.09840098400984,78.10578105781057,11.992619926199259,1.3530135301353,10.639606396063957,-2.4169741697416973,1.0147601476014796,-3.4317343173431767,20.541205412054122
Cora,GNNDelete,random,90.09840098400984,75.68880688806888,14.409594095940959,0.3382533825338238,14.071340713407134,1.8947806286936005e-15,2.01320441798695e-15,-1.1842378929335003e-16,19.49569495694957
Cora,GNNDelete,rr_16384,90.09840098400984,72.24272242722428,17.855678556785563,0.9020090200901983,16.95366953669536,3.446084460844609,0.5637556375563796,2.8823288232882294,24.067240672406726
Cora,GNNDelete,rr_4096,90.09840098400984,70.64370643706437,19.45469454694547,0.6765067650676476,18.77818778187782,5.045100451004513,0.33825338253382853,4.706847068470686,25.379253792537924
Cora,GNNDelete,rr_65536,90.09840098400984,73.90323903239033,16.19516195161951,0.7585075850758486,15.436654366543664,1.785567855678557,0.42025420254202617,1.3653136531365309,21.955719557195575
Cora,GraphEraser,degree,85.91635916359162,85.05535055350553,0.8610086100860977,-4.059040590405904,4.9200492004920084,0.17835178351783063,-0.21525215252153598,0.3936039360393666,12.546125461254613
Cora,GraphEraser,gt_full,85.91635916359162,85.30135301353015,0.6150061500614991,-3.8745387453874542,4.489544895448957,-0.06765067650676808,-0.030750307503082535,-0.03690036900368554,12.915129151291515
Cora,GraphEraser,pagerank,85.91635916359162,84.68634686346864,1.230012300123003,-4.182041820418202,5.41205412054121,0.5473554735547358,-0.3382533825338321,0.8856088560885679,12.915129151291515
Cora,GraphEraser,r_point,85.91635916359162,85.05535055350553,0.8610086100860977,-2.8290282902829014,3.690036900369002,0.17835178351783063,1.0147601476014707,-0.8364083640836402,12.607626076260763
Cora,GraphEraser,random,85.91635916359162,85.23370233702337,0.6826568265682629,-3.8437884378843776,4.526445264452643,-4.263256414560601e-15,-4.248453440898933e-15,-1.480297366166876e-17,13.665436654366545
Cora,GraphEraser,rr_16384,85.91635916359162,84.78884788847888,1.1275112751127523,-3.280032800328003,4.407544075440753,0.44485444854448514,0.5637556375563745,-0.1189011890118894,13.468634686346865
Cora,GraphEraser,rr_4096,85.91635916359162,84.60434604346044,1.3120131201312024,-3.505535055350554,4.817548175481755,0.6293562935629353,0.3382533825338226,0.29110291102911273,14.042640426404263
Cora,GraphEraser,rr_65536,85.91635916359162,84.9938499384994,0.922509225092251,-3.4235342353423523,4.346043460434604,0.23985239852398385,0.42025420254202245,-0.1804018040180386,13.858138581385814
Cora,GraphRevoker,degree,71.89421894218943,68.45018450184502,3.4440344403444008,-18.08118081180812,21.52521525215252,1.5744157441574391,-0.21525215252152682,1.789667896678966,29.704797047970477
Cora,GraphRevoker,gt_full,71.89421894218943,67.15867158671587,4.73554735547355,-17.89667896678967,22.63222632226322,2.8659286592865882,-0.030750307503078982,2.896678966789667,31.242312423124233
Cora,GraphRevoker,pagerank,71.89421894218943,68.51168511685117,3.382533825338252,-18.204182041820417,21.586715867158677,1.5129151291512908,-0.3382533825338297,1.8511685116851204,29.33579335793358
Cora,GraphRevoker,r_point,71.89421894218943,66.17466174661747,5.719557195571947,-16.851168511685117,22.57072570725707,3.8499384993849852,1.0147601476014738,2.8351783517835116,32.34932349323493
Cora,GraphRevoker,random,71.89421894218943,70.02460024600246,1.8696186961869605,-17.865928659286592,19.735547355473557,-9.473903143468002e-16,-3.5527136788005006e-16,-5.921189464667501e-16,28.54243542435425
Cora,GraphRevoker,rr_16384,71.89421894218943,68.98318983189831,2.9110291102911,-17.302173021730216,20.21320213202132,1.041410414104139,0.5637556375563765,0.47765477654776234,29.233292332923327
Cora,GraphRevoker,rr_4096,71.89421894218943,68.83968839688397,3.0545305453054534,-17.52767527675277,20.582205822058224,1.1849118491184918,0.33825338253382453,0.846658466584667,30.135301353013528
Cora,GraphRevoker,rr_65536,71.89421894218943,68.59368593685936,3.3005330053300512,-17.44567445674457,20.746207462074622,1.4309143091430905,0.4202542025420249,1.0106601066010654,29.725297252972528
Cora,IDEA,degree,90.09840098400984,90.34440344403443,-0.24600246002459394,0.12300123001229697,-0.36900369003689537,-0.22755227552275414,-0.21525215252152985,-0.012300123001224314,3.7515375153751536
Cora,IDEA,gt_full,90.09840098400984,89.60639606396064,0.4920049200491974,0.3075030750307472,0.18450184501845138,0.5104551045510372,-0.030750307503085255,0.5412054120541224,4.120541205412054
Cora,IDEA,pagerank,90.09840098400984,90.34440344403443,-0.2460024600245987,0.0,-0.2460024600246006,-0.2275522755227589,-0.33825338253382936,0.11070110701107044,3.9360393603936035
Cora,IDEA,r_point,90.09840098400984,89.91389913899138,0.1845018450184502,1.3530135301353,-1.1685116851168538,0.20295202952029,1.014760147601473,-0.8118081180811828,6.396063960639606
Cora,IDEA,random,90.09840098400984,90.11685116851167,-0.018450184501844075,0.3382533825338238,-0.3567035670356711,-4.263256414560601e-15,-4.252154184314349e-15,-1.1102230246251564e-17,2.4907749077490773
Cora,IDEA,rr_16384,90.09840098400984,90.32390323903239,-0.22550225502254762,0.9020090200901983,-1.1275112751127532,-0.20705207052070781,0.5637556375563743,-0.770807708077082,3.731037310373104
Cora,IDEA,rr_4096,90.09840098400984,90.24190241902419,-0.14350143501434806,0.6765067650676476,-0.8200082000820008,-0.12505125051250823,0.3382533825338215,-0.46330463304632974,3.4850348503485034
Cora,IDEA,rr_65536,90.09840098400984,90.30340303403034,-0.2050020500204981,0.7585075850758486,-0.9635096350963527,-0.18655186551865832,0.42025420254202334,-0.6068060680606816,3.9565395653956537
Cora,MEGU,degree,90.09840098400984,89.85239852398524,0.2460024600245987,0.12300123001229697,0.12300123001230216,-0.4489544895448887,-0.21525215252152052,-0.23370233702336818,5.596555965559656
Cora,MEGU,gt_full,90.09840098400984,89.48339483394834,0.6150061500614991,0.3075030750307472,0.3075030750307535,-0.0799507995079883,-0.030750307503071523,-0.049200492004916774,5.596555965559655
Cora,MEGU,pagerank,90.09840098400984,89.91389913899138,0.1845018450184502,0.0,0.18450184501845138,-0.5104551045510372,-0.33825338253381826,-0.17220172201721895,5.227552275522755
Cora,MEGU,r_point,90.09840098400984,89.72939729397292,0.3690036900369004,1.3530135301353,-0.9840098400984024,-0.32595325953258697,1.0147601476014858,-1.340713407134073,5.842558425584255
Cora,MEGU,random,90.09840098400984,89.40344403444034,0.6949569495694915,0.3382533825338238,0.35670356703567035,4.263256414560601e-15,4.250303812606641e-15,1.2952601953960158e-17,4.2619926199261995
Cora,MEGU,rr_16384,90.09840098400984,89.70889708897089,0.38950389503894983,0.9020090200901983,-0.512505125051251,-0.30545305453053745,0.5637556375563838,-0.8692086920869212,4.674046740467404
Cora,MEGU,rr_4096,90.09840098400984,89.27839278392783,0.8200082000819972,0.6765067650676476,0.1435014350143519,0.12505125051250984,0.33825338253382825,-0.21320213202131844,4.8790487904879045
Cora,MEGU,rr_65536,90.09840098400984,89.4218942189422,0.6765067650676443,0.7585075850758486,-0.08200082000820266,-0.018450184501842975,0.42025420254203,-0.43870438704387293,4.7765477654776545
Cora,Retrain,degree,,89.97539975399754,,,,-0.21525215252152918,,,
Cora,Retrain,gt_full,,89.79089790897909,,,,-0.030750307503078982,,,
Cora,Retrain,pagerank,,90.09840098400984,,,,-0.33825338253382614,,,
Cora,Retrain,r_point,,88.74538745387453,,,,1.0147601476014738,,,
Cora,Retrain,random,,89.76014760147602,,,,-2.3684757858670005e-15,,,
Cora,Retrain,rr_16384,,89.19639196391962,,,,0.5637556375563721,,,
Cora,Retrain,rr_4096,,89.4218942189422,,,,0.3382533825338214,,,
Cora,Retrain,rr_65536,,89.339893398934,,,,0.42025420254202256,,,
PubMed,GIF,degree,88.48039215686275,88.2944557133198,0.1859364435429285,-0.27045300878972967,0.456389452332658,0.1639621365787652,-0.23833671399594789,0.4022988505747131,3.0172413793103448
PubMed,GIF,gt_full,88.48039215686275,87.51690331304935,0.9634888438133847,1.994590939824197,-1.0311020960108164,0.9415145368492214,2.0267072346179824,-1.0851926977687614,3.363759296822177
PubMed,GIF,pagerank,88.48039215686275,88.31981068289384,0.16058147396889902,0.23664638269100635,-0.07606490872210288,0.13860716700473574,0.26876267748478355,-0.1301555104800478,3.456727518593645
PubMed,GIF,r_point,88.48039215686275,87.77890466531441,0.7014874915483394,2.3664638269100684,-1.6649763353617342,0.6795131845841761,2.3985801217038554,-1.7190669371196792,4.048343475321163
PubMed,GIF,random,88.48039215686275,88.45841784989858,0.021974306964162336,-0.032116294793782175,0.054090601757944924,-9.473903143468002e-16,-9.473903143468002e-16,0.0,2.1213657876943883
PubMed,GIF,rr_16384,88.48039215686275,88.45785440613027,0.022537750732474313,0.11268875366238103,-0.09015100292990696,0.0005634437683110289,0.14480504845616293,-0.1442416046878519,2.769326121253099
PubMed,GIF,rr_4096,88.48039215686275,88.45221996844714,0.028172188415594074,0.06761325219742927,-0.03944106378183345,0.006197881451430792,0.09972954699120917,-0.09353166553977837,2.0903763804372324
PubMed,GIF,rr_65536,88.48039215686275,88.4353166553978,0.045075501464953364,0.0986026594545848,-0.05352715798963139,0.023101194500790078,0.1307189542483664,-0.1076177597475763,2.2537750732476898
PubMed,GNNDelete,degree,88.48039215686275,87.11967545638946,1.36071670047329,-0.27045300878972967,1.6311697092630177,-0.5468221771467228,-0.2383367139959467,-0.3084854631507761,5.645706558485462
PubMed,GNNDelete,gt_full,88.48039215686275,87.06896551724138,1.4114266396213633,1.994590939824197,-0.5831643002028356,-0.4961122379986496,2.0267072346179797,-2.522819472616629,9.702501690331305
PubMed,GNNDelete,pagerank,88.48039215686275,87.07741717376605,1.402974983096693,0.23664638269100635,1.166328600405686,-0.5045638945233198,0.2687626774847878,-0.7733265720081076,6.347194050033806
PubMed,GNNDelete,r_point,88.48039215686275,87.32251521298174,1.1578769438810024,2.3664638269100684,-1.2085868830290725,-0.7496619337390106,2.3985801217038554,-3.148242055442866,7.885395537525355
PubMed,GNNDelete,random,88.48039215686275,86.57285327924274,1.9075388776200113,-0.032116294793782175,1.9396551724137936,-1.4210854715202003e-15,-1.4210854715202003e-15,0.0,6.222109533468559
PubMed,GNNDelete,rr_16384,88.48039215686275,84.8433626324093,3.637029524453458,0.11268875366238103,3.5243407707910754,1.729490646833445,0.14480504845616363,1.5846855983772814,9.21512283074149
PubMed,GNNDelete,rr_4096,88.48039215686275,85.8744647284201,2.6059274284426395,0.06761325219742927,2.538314176245212,0.6983885508226265,0.09972954699120833,0.598659003831418,7.443092179400495
PubMed,GNNDelete,rr_65536,88.48039215686275,83.47982871309443,5.000563443768308,0.0986026594545848,4.901960784313725,3.0930245661482956,0.13071895424836347,2.962305611899932,11.085756141537074
PubMed,GraphEraser,degree,87.28870858688303,87.16193373901285,0.1267748478701757,-1.4621365787694458,1.5889114266396203,-0.04648411088573804,-0.23833671399594625,0.19185260311020821,6.8965517241379315
PubMed,GraphEraser,gt_full,87.28870858688303,86.53651115618662,0.7521974306964125,0.802907369844481,-0.050709939148074756,0.5789384719404987,2.0267072346179855,-1.4477687626774867,8.29107505070994
PubMed,GraphEraser,pagerank,87.28870858688303,87.19574036511158,0.09296822177146187,-0.9550371872887098,1.0480054090601783,-0.08029073698445188,0.2687626774847818,-0.34905341446923366,7.378296146044625
PubMed,GraphEraser,r_point,87.28870858688303,85.9448951994591,1.343813387423926,1.174780256930352,0.16903313049357513,1.1705544286680123,2.398580121703849,-1.2280256930358369,8.105138607167005
PubMed,GraphEraser,random,87.28870858688303,87.11544962812711,0.17325895875591377,-1.2237998647734984,1.397058823529412,2.629536350736706e-31,2.629536350736706e-31,0.0,7.681710615280596
PubMed,GraphEraser,rr_16384,87.28870858688303,86.97318007662835,0.31552851025467515,-1.078994816317335,1.3945233265720083,0.1422695514987614,0.14480504845616504,-0.002535496957403673,8.006535947712418
PubMed,GraphEraser,rr_4096,87.28870858688303,87.05206220419201,0.23664638269100635,-1.1240703177822868,1.360716700473293,0.0633874239350926,0.09972954699121155,-0.03634212305611894,7.919202163624071
PubMed,GraphEraser,rr_65536,87.28870858688303,87.0041694838855,0.28453910299752116,-1.0930809105251313,1.3776200135226526,0.11128014424160743,0.13071895424836688,-0.01943881000675946,7.750169033130493
PubMed,GraphRevoker,degree,86.68018931710616,86.77315753887763,-0.09296822177146662,-2.0706558485463185,1.977687626774849,-0.20960108181203907,-0.2383367139959466,0.02873563218390755,7.682555780933062
PubMed,GraphRevoker,gt_full,86.68018931710616,85.80966869506425,0.870520622041918,0.19438810006760812,0.6761325219743078,0.7538877620013457,2.026707234617979,-1.2728194726166333,8.477011494252872
PubMed,GraphRevoker,pagerank,86.68018931710616,86.76470588235294,-0.08451656524678697,-1.5635564570655827,1.479039891818797,-0.20114942528735943,0.26876267748478483,-0.46991210277214424,7.800878972278567
PubMed,GraphRevoker,r_point,86.68018931710616,85.35327924273157,1.3269100743745714,0.5662609871534793,0.7606490872210917,1.210277214333999,2.3985801217038487,-1.1883029073698497,8.50236646382691
PubMed,GraphRevoker,random,86.68018931710616,86.56355645706559,0.11663286004057151,-1.832319134550371,1.9489519945909413,-9.473903143468002e-16,-9.473903143468002e-16,0.0,8.076402974983097
PubMed,GraphRevoker,rr_16384,86.68018931710616,86.45762902862293,0.22256028848321327,-1.6875140860942077,1.9100743745774196,0.1059274284426408,0.14480504845616257,-0.03887762001352176,8.347419427541132
PubMed,GraphRevoker,rr_4096,86.68018931710616,86.54214559386973,0.1380437232364247,-1.7325895875591595,1.8706333107955837,0.021410863195852264,0.09972954699120995,-0.07831868379535768,8.372774397115167
PubMed,GraphRevoker,rr_65536,86.68018931710616,86.53369393734505,0.14649537976110436,-1.7016001803020042,1.8480955600631097,0.0298625197205319,0.13071895424836355,-0.10085643452783165,8.274171737660582
PubMed,IDEA,degree,88.48039215686275,88.2944557133198,0.1859364435429285,-0.27045300878972967,0.456389452332658,0.1639621365787652,-0.23833671399594789,0.4022988505747131,3.0172413793103448
PubMed,IDEA,gt_full,88.48039215686275,87.51690331304935,0.9634888438133847,1.994590939824197,-1.0311020960108164,0.9415145368492214,2.0267072346179824,-1.0851926977687614,3.363759296822177
PubMed,IDEA,pagerank,88.48039215686275,88.31981068289384,0.16058147396889902,0.23664638269100635,-0.07606490872210288,0.13860716700473574,0.26876267748478355,-0.1301555104800478,3.456727518593645
PubMed,IDEA,r_point,88.48039215686275,87.77890466531441,0.7014874915483394,2.3664638269100684,-1.6649763353617342,0.6795131845841761,2.3985801217038554,-1.7190669371196792,4.048343475321163
PubMed,IDEA,random,88.48039215686275,88.45841784989858,0.021974306964162336,-0.032116294793782175,0.054090601757944924,-9.473903143468002e-16,-9.473903143468002e-16,0.0,2.1213657876943883
PubMed,IDEA,rr_16384,88.48039215686275,88.45785440613027,0.022537750732474313,0.11268875366238103,-0.09015100292990696,0.0005634437683110289,0.14480504845616293,-0.1442416046878519,2.769326121253099
PubMed,IDEA,rr_4096,88.48039215686275,88.45221996844714,0.028172188415594074,0.06761325219742927,-0.03944106378183345,0.006197881451430792,0.09972954699120917,-0.09353166553977837,2.0903763804372324
PubMed,IDEA,rr_65536,88.48039215686275,88.4353166553978,0.045075501464953364,0.0986026594545848,-0.05352715798963139,0.023101194500790078,0.1307189542483664,-0.1076177597475763,2.2537750732476898
PubMed,MEGU,degree,88.48039215686275,86.57876943881001,1.9016227180527399,-0.27045300878972967,2.172075726842467,0.26200135226504057,-0.2383367139959515,0.5003380662609921,5.59499661933739
PubMed,MEGU,gt_full,88.48039215686275,86.64638269100743,1.8340094658553074,1.994590939824197,-0.16058147396889785,0.19438810006760812,2.0267072346179806,-1.8323191345503727,7.77552400270453
PubMed,MEGU,pagerank,88.48039215686275,86.62102772143339,1.8593644354293417,0.23664638269100635,1.6227180527383405,0.21974306964164234,0.26876267748477684,-0.04901960784313449,5.637254901960784
PubMed,MEGU,r_point,88.48039215686275,86.66328600405679,1.817106152805953,2.3664638269100684,-0.5493576741041192,0.17748478701825357,2.398580121703848,-2.2210953346855944,7.34448951994591
PubMed,MEGU,random,88.48039215686275,86.84077079107504,1.6396213657876937,-0.032116294793782175,1.6717376605814749,-5.684341886080801e-15,-5.684341886080801e-15,0.0,5.234110885733604
PubMed,MEGU,rr_16384,88.48039215686275,86.79569528961008,1.684696867252651,0.11268875366238103,1.5720081135902655,0.04507550146495178,0.14480504845616102,-0.09972954699120924,5.363984674329502
PubMed,MEGU,rr_4096,88.48039215686275,86.89711516790624,1.5832769889565004,0.06761325219742927,1.5156637367590704,-0.0563443768311992,0.09972954699120545,-0.15607392382240465,5.2315753887762
PubMed,MEGU,rr_65536,88.48039215686275,86.79287807076854,1.6875140860942064,0.0986026594545848,1.5889114266396227,0.04789272030650693,0.13071895424835914,-0.08282623394185223,5.135789948163173
PubMed,Retrain,degree,,88.75084516565248,,,,-0.23833671399594417,,,
PubMed,Retrain,gt_full,,86.48580121703856,,,,2.0267072346179824,,,
PubMed,Retrain,pagerank,,88.24374577417173,,,,0.2687626774847918,,,
PubMed,Retrain,r_point,,86.11392832995267,,,,2.3985801217038536,,,
PubMed,Retrain,random,,88.51250845165653,,,,3.3158661002138005e-15,,,
PubMed,Retrain,rr_16384,,88.36770340320037,,,,0.1448050484561665,,,
PubMed,Retrain,rr_4096,,88.41277890466533,,,,0.09972954699121477,,,
PubMed,Retrain,rr_65536,,88.38178949740815,,,,0.1307189542483703,,,
