dataset,source,selector,U_mean,U_sd
Cora,GCN,gt_full,20.47970479704796,1.278266278648618
Cora,SGC,gt_full,15.867158671586713,1.9438475558768893
Cora,GAT,gt_full,16.48216482164821,3.3227411215842766
Cora,GIN,gt_full,20.23370233702337,1.1273248942080794
Cora,GCN,random,11.500615006150062,2.5594897966401926
Cora,GCN,degree,19.003690036900366,3.8125421254191467
CiteSeer,GCN,gt_full,-0.45045045045044674,0.39725995661630076
CiteSeer,SGC,gt_full,-0.20020020020020488,0.377869591354887
CiteSeer,GAT,gt_full,0.1501501501501489,0.45045045045044674
CiteSeer,GIN,gt_full,-0.15015015015015365,0.3972599566163034
CiteSeer,GCN,random,-0.1835168501835148,0.5580823718277589
CiteSeer,GCN,degree,0.2502502502502513,0.9997489667386492
PubMed,GCN,gt_full,1.4114266396213633,0.2960493557832553
PubMed,SGC,gt_full,10.31102096010818,2.6506960418668175
PubMed,GAT,gt_full,1.9269776876267741,1.145472312178156
PubMed,GIN,gt_full,1.4283299526707225,0.6681086603776812
PubMed,GCN,random,2.101645255803468,0.47580149050137627
PubMed,GCN,degree,1.36071670047329,0.456624160217726
